BARUN,35.57,468.00,470.00,455.00,462.00,461.77,"9,349.00",461.00,"4,317,060.00",112,1.0,15.00,0.22,3.3,0.05,523.36,471.14,763.40,167.00,01_01_2022
BARUN,37.11,461.00,469.00,456.00,458.00,460.31,"15,252.00",462.00,"7,020,664.50",122,-4.00,13.00,-0.87,2.85,-0.5,522.78,472.30,763.40,167.00,01_02_2022
BARUN,37.84,451.00,467.00,451.00,462.00,461.20,"12,098.00",458.00,"5,579,628.90",93,4.0,16.00,0.87,3.55,0.17,522.35,473.49,763.40,167.00,01_03_2022
BARUN,54.79,462.00,470.00,460.00,470.00,465.03,"14,119.00",462.00,"6,565,768.40",108,8.0,10.00,1.73,2.17,1.06,521.76,474.73,763.40,169.00,01_04_2022
BARUN,49.05,470.00,487.00,462.10,471.00,472.31,"17,100.00",470.00,"8,076,458.50",111,1.0,24.9,0.21,5.39,-0.28,521.20,476.01,763.40,172.00,01_05_2022
BARUN,55.9,474.90,474.90,463.00,469.00,469.98,"9,536.00",471.00,"4,481,706.00",107,-2.00,11.90,-0.42,2.57,-0.21,520.67,477.23,763.40,174.00,01_06_2022
BARUN,48.26,474.90,474.90,463.00,469.00,469.98,"9,536.00",471.00,"4,481,706.00",107,-2.00,11.90,-0.42,2.57,-0.21,520.67,477.23,763.40,174.00,01_07_2022
BARUN,48.26,474.90,474.90,463.00,469.00,469.98,"9,536.00",471.00,"4,481,706.00",107,-2.00,11.90,-0.42,2.57,-0.21,520.67,477.23,763.40,174.00,01_08_2022
BARUN,48.73,478.00,493.00,474.00,492.00,487.91,"35,433.00",469.00,"17,287,983.20",236,23.0,19.00,4.9,4.01,0.83,520.47,478.60,763.40,180.00,01_09_2022
BARUN,54.57,501.80,510.00,486.00,492.00,498.96,"30,242.00",492.00,"15,089,549.50",213,0.0,24.00,0.0,4.94,-1.41,520.38,479.97,763.40,180.00,01_10_2022
BARUN,55.4,484.00,510.00,484.00,500.00,502.52,"27,009.00",492.00,"13,572,568.00",200,8.0,26.00,1.63,5.37,-0.5,520.46,481.40,763.40,180.00,01_11_2022
BARUN,55.35,509.80,515.00,488.30,490.00,503.04,"37,114.00",500.00,"18,669,643.80",262,-10.0,26.70,-2.0,5.47,-2.66,520.30,482.75,763.40,180.00,01_12_2022
BARUN,54.33,499.80,516.00,490.00,515.40,506.97,"44,601.00",490.00,"22,611,412.00",315,25.4,26.0,5.18,5.31,1.64,520.12,484.25,763.40,181.00,01_13_2022
BARUN,57.66,499.80,516.00,490.00,515.40,506.97,"44,601.00",490.00,"22,611,412.00",315,25.4,26.0,5.18,5.31,1.64,520.12,484.25,763.40,181.00,01_14_2022
BARUN,57.66,499.80,516.00,490.00,515.40,506.97,"44,601.00",490.00,"22,611,412.00",315,25.4,26.0,5.18,5.31,1.64,520.12,484.25,763.40,181.00,01_15_2022
BARUN,58.86,517.00,545.00,517.00,531.90,533.86,"49,183.00",515.40,"26,256,625.80",348,16.5,28.0,3.2,5.42,-0.37,520.18,485.86,763.40,207.00,01_16_2022
BARUN,61.34,535.00,539.00,516.20,537.00,529.76,"36,234.00",531.90,"19,195,156.50",295,5.1,22.8,0.96,4.42,1.35,520.32,487.50,763.40,207.00,01_17_2022
BARUN,59.69,547.70,580.00,540.00,562.00,563.66,"162,615.00",537.00,"91,660,285.70","1,006",25.0,40.0,4.66,7.41,-0.3,520.53,489.29,763.40,215.00,01_18_2022
BARUN,66.45,573.00,586.00,557.00,575.00,571.44,"81,266.00",562.00,"46,438,815.80",659,13.0,29.0,2.31,5.21,0.62,520.90,491.14,763.40,215.00,01_19_2022
BARUN,61.22,565.00,580.00,560.00,577.00,569.49,"45,008.00",575.00,"25,631,547.10",369,2.0,20.0,0.35,3.57,1.3,521.15,493.00,763.40,215.00,01_20_2022
BARUN,59.92,565.00,580.00,560.00,577.00,569.49,"45,008.00",575.00,"25,631,547.10",369,2.0,20.0,0.35,3.57,1.3,521.15,493.00,763.40,215.00,01_21_2022
BARUN,59.92,565.00,580.00,560.00,577.00,569.49,"45,008.00",575.00,"25,631,547.10",369,2.0,20.0,0.35,3.57,1.3,521.15,493.00,763.40,215.00,01_22_2022
BARUN,61.74,588.50,595.00,560.20,573.00,579.45,"75,996.00",577.00,"44,035,903.10",441,-4.0,34.80,-0.69,6.21,-1.13,521.40,494.88,763.40,215.00,01_23_2022
BARUN,64.43,573.00,573.00,530.00,539.00,544.30,"70,677.00",573.00,"38,469,207.20",517,-34.0,43.0,-5.93,8.11,-0.98,521.01,496.63,763.40,215.00,01_24_2022
BARUN,51.48,535.00,560.00,525.10,538.00,536.15,"29,487.00",539.00,"15,809,378.20",288,-1.0,34.90,-0.19,6.65,0.34,520.83,498.31,763.40,215.00,01_25_2022
BARUN,47.44,530.10,541.00,516.00,520.60,523.12,"32,583.00",538.00,"17,044,916.80",288,-17.4,25.0,-3.23,4.84,-0.48,520.42,499.91,763.40,215.00,01_26_2022
BARUN,44.98,525.00,535.00,515.00,525.00,522.36,"16,225.00",520.60,"8,475,312.10",142,4.4,20.0,0.85,3.88,0.5,520.01,501.50,763.40,215.00,01_27_2022
BARUN,41.97,525.00,535.00,515.00,525.00,522.36,"16,225.00",520.60,"8,475,312.10",142,4.4,20.0,0.85,3.88,0.5,520.01,501.50,763.40,215.00,01_28_2022
BARUN,41.97,525.00,535.00,515.00,525.00,522.36,"16,225.00",520.60,"8,475,312.10",142,4.4,20.0,0.85,3.88,0.5,520.01,501.50,763.40,215.00,01_29_2022
BARUN,43.17,535.50,558.00,535.50,558.00,548.13,"36,038.00",525.00,"19,753,365.20",251,33.0,22.5,6.29,4.2,1.77,519.72,503.25,763.40,215.00,01_30_2022
BARUN,52.25,547.00,565.00,543.00,545.00,550.59,"19,003.00",558.00,"10,462,802.00",175,-13.0,22.0,-2.33,4.05,-1.03,519.35,504.93,763.40,215.00,01_31_2022
BARUN,49.84,545.50,565.00,540.00,565.00,556.15,"47,894.00",545.00,"26,636,254.60",276,20.0,25.0,3.67,4.63,1.57,518.89,506.70,763.40,215.00,02_01_2022
BARUN,57.92,545.50,565.00,540.00,565.00,556.15,"47,894.00",545.00,"26,636,254.60",276,20.0,25.0,3.67,4.63,1.57,518.89,506.70,763.40,215.00,02_02_2022
BARUN,57.86,575.00,577.00,555.00,555.00,567.36,"42,189.00",565.00,"23,936,517.40",320,-10.0,22.0,-1.77,3.96,-2.23,517.93,508.27,763.40,215.00,02_03_2022
BARUN,53.71,575.00,577.00,555.00,555.00,567.36,"42,189.00",565.00,"23,936,517.40",320,-10.0,22.0,-1.77,3.96,-2.23,517.93,508.27,763.40,215.00,02_04_2022
BARUN,53.71,575.00,577.00,555.00,555.00,567.36,"42,189.00",565.00,"23,936,517.40",320,-10.0,22.0,-1.77,3.96,-2.23,517.93,508.27,763.40,215.00,02_05_2022
BARUN,53.56,545.00,552.00,538.00,538.00,543.15,"27,907.00",555.00,"15,157,817.20",225,-17.00,14.0,-3.06,2.6,-0.96,517.04,509.71,763.40,215.00,02_06_2022
BARUN,42.11,538.00,555.00,534.10,547.30,548.83,"23,690.00",538.00,"13,001,773.70",156,9.3,20.9,1.73,3.91,-0.28,516.20,511.28,763.40,215.00,02_07_2022
BARUN,44.71,558.20,578.00,536.00,543.00,551.88,"24,398.00",547.30,"13,464,830.30",201,-4.3,42.0,-0.79,7.84,-1.64,515.24,512.77,763.40,215.00,02_08_2022
BARUN,41.4,532.30,540.00,530.00,536.50,534.01,"12,511.00",543.00,"6,681,008.80",115,-6.5,10.0,-1.2,1.89,0.46,514.52,514.26,763.40,215.00,02_09_2022
BARUN,40.63,545.00,546.00,527.00,529.00,529.94,"10,106.00",536.50,"5,355,565.00",115,-7.5,19.0,-1.4,3.61,-0.18,513.61,515.62,763.40,215.00,02_10_2022
BARUN,38.07,545.00,546.00,527.00,529.00,529.94,"10,106.00",536.50,"5,355,565.00",115,-7.5,19.0,-1.4,3.61,-0.18,513.61,515.62,763.40,215.00,02_11_2022
BARUN,38.07,545.00,546.00,527.00,529.00,529.94,"10,106.00",536.50,"5,355,565.00",115,-7.5,19.0,-1.4,3.61,-0.18,513.61,515.62,763.40,215.00,02_12_2022
BARUN,40.5,505.00,520.00,504.70,516.00,514.54,"15,692.00",505.00,"8,074,123.00",127,11.0,15.3,2.18,3.03,0.28,510.77,517.86,763.40,215.00,02_14_2022
BARUN,32.46,516.00,540.00,510.10,540.00,524.09,"9,949.00",516.00,"5,214,220.10",108,24.0,29.9,4.65,5.86,2.95,509.60,518.88,763.40,215.00,02_15_2022
BARUN,52.55,540.00,540.00,521.00,521.20,528.10,"15,561.00",540.00,"8,217,770.40",123,-18.8,19.0,-3.48,3.65,-1.32,508.18,519.70,763.40,215.00,02_16_2022
BARUN,44.18,530.00,530.00,512.00,516.00,524.56,"7,869.00",521.20,"4,127,772.20",69,-5.2,18.0,-1.0,3.52,-1.66,507.02,520.59,763.40,215.00,02_17_2022
BARUN,47.68,530.00,530.00,512.00,516.00,524.56,"7,869.00",521.20,"4,127,772.20",69,-5.2,18.0,-1.0,3.52,-1.66,507.02,520.59,763.40,215.00,02_18_2022
BARUN,47.68,530.00,530.00,512.00,516.00,524.56,"7,869.00",521.20,"4,127,772.20",69,-5.2,18.0,-1.0,3.52,-1.66,507.02,520.59,763.40,215.00,02_19_2022
BARUN,47.25,506.00,528.00,505.00,513.60,515.98,"26,362.00",516.00,"13,602,365.80",190,-2.4,23.0,-0.47,4.55,-0.46,505.76,521.41,763.40,215.00,02_20_2022
BARUN,46.78,517.00,550.00,513.00,532.00,532.29,"39,279.00",513.60,"20,907,853.20",258,18.4,37.0,3.58,7.21,-0.05,504.41,522.13,763.40,215.00,02_21_2022
BARUN,47.06,542.00,568.00,539.00,560.90,558.81,"93,944.00",532.00,"52,496,520.10",612,28.9,29.0,5.43,5.38,0.37,502.84,522.79,763.40,215.00,02_22_2022
BARUN,60.64,569.00,579.90,539.00,565.00,567.46,"146,578.00",560.90,"83,177,172.70",687,4.1,40.9,0.73,7.59,-0.44,501.75,523.23,763.40,215.00,02_23_2022
BARUN,58.85,576.00,576.00,541.00,549.00,552.68,"52,310.00",565.00,"28,910,937.80",357,-16.0,35.0,-2.83,6.47,-0.67,500.95,523.48,763.40,215.00,02_24_2022
BARUN,53.72,576.00,576.00,541.00,549.00,552.68,"52,310.00",565.00,"28,910,937.80",357,-16.0,35.0,-2.83,6.47,-0.67,500.95,523.48,763.40,215.00,02_25_2022
BARUN,53.72,576.00,576.00,541.00,549.00,552.68,"52,310.00",565.00,"28,910,937.80",357,-16.0,35.0,-2.83,6.47,-0.67,500.95,523.48,763.40,215.00,02_26_2022
BARUN,53.37,555.00,568.00,544.00,563.00,558.23,"43,563.00",549.00,"24,318,364.80",297,14.0,24.00,2.55,4.41,0.85,500.39,524.00,763.40,215.00,02_27_2022
BARUN,52.75,570.00,574.00,529.20,539.00,549.46,"50,673.00",563.00,"27,842,981.60",339,-24.0,44.80,-4.26,8.47,-1.94,499.30,524.63,763.40,215.00,02_28_2022
BARUN,36.66,570.00,574.00,529.20,539.00,549.46,"50,673.00",563.00,"27,842,981.60",339,-24.0,44.80,-4.26,8.47,-1.94,499.30,524.63,763.40,215.00,03_01_2022
BARUN,36.49,528.30,532.00,513.00,513.90,520.48,"38,958.00",539.00,"20,276,988.40",232,-25.1,19.00,-4.66,3.7,-1.28,498.29,525.12,763.40,215.00,03_02_2022
BARUN,31.32,528.30,532.00,513.00,513.90,520.48,"38,958.00",539.00,"20,276,988.40",232,-25.1,19.00,-4.66,3.7,-1.28,498.29,525.12,763.40,215.00,03_03_2022
BARUN,31.32,528.30,532.00,513.00,513.90,520.48,"38,958.00",539.00,"20,276,988.40",232,-25.1,19.00,-4.66,3.7,-1.28,498.29,525.12,763.40,215.00,03_04_2022
BARUN,31.32,528.30,532.00,513.00,513.90,520.48,"38,958.00",539.00,"20,276,988.40",232,-25.1,19.00,-4.66,3.7,-1.28,498.29,525.12,763.40,215.00,03_05_2022
BARUN,28.69,520.00,524.00,505.00,512.00,513.22,"22,895.00",513.90,"11,750,133.00",152,-1.9,19.0,-0.37,3.76,-0.24,497.41,525.45,763.40,219.00,03_06_2022
BARUN,28.64,520.00,525.00,486.20,492.00,501.12,"39,371.00",512.00,"19,729,755.40",220,-20.0,38.8,-3.91,7.98,-1.85,496.48,525.80,763.40,219.00,03_07_2022
BARUN,32.63,520.00,525.00,486.20,492.00,501.12,"39,371.00",512.00,"19,729,755.40",220,-20.0,38.8,-3.91,7.98,-1.85,496.48,525.80,763.40,219.00,03_08_2022
BARUN,32.18,499.00,499.00,469.00,487.20,479.48,"23,699.00",492.00,"11,363,186.00",189,-4.8,30.0,-0.98,6.4,1.58,495.75,526.16,763.40,219.00,03_09_2022
BARUN,29.42,496.00,515.00,478.00,509.00,495.91,"35,102.00",487.20,"17,407,287.70",205,21.8,37.0,4.47,7.74,2.57,495.62,526.51,763.40,219.00,03_10_2022
BARUN,41.92,496.00,515.00,478.00,509.00,495.91,"35,102.00",487.20,"17,407,287.70",205,21.8,37.0,4.47,7.74,2.57,495.62,526.51,763.40,219.00,03_11_2022
BARUN,41.92,496.00,515.00,478.00,509.00,495.91,"35,102.00",487.20,"17,407,287.70",205,21.8,37.0,4.47,7.74,2.57,495.62,526.51,763.40,219.00,03_12_2022
BARUN,43.87,516.00,527.00,512.00,521.00,520.99,"25,313.00",509.00,"13,187,773.50",181,12.00,15.00,2.36,2.93,0.0,495.16,526.69,763.40,219.00,03_13_2022
BARUN,49.65,528.00,528.00,512.10,517.00,517.86,"8,336.00",521.00,"4,316,901.30",63,-4.0,15.9,-0.77,3.1,-0.17,494.70,526.58,763.40,219.00,03_14_2022
BARUN,48.37,526.00,526.00,505.00,508.00,511.70,"12,310.00",517.00,"6,299,051.20",118,-9.0,21.0,-1.74,4.16,-0.73,494.25,526.12,763.40,219.00,03_15_2022
BARUN,46.83,507.00,517.00,496.10,499.00,501.28,"18,874.00",508.00,"9,461,094.80",142,-9.0,20.9,-1.77,4.21,-0.46,493.50,525.46,763.40,220.00,03_16_2022
BARUN,31.78,507.00,517.00,496.10,499.00,501.28,"18,874.00",508.00,"9,461,094.80",142,-9.0,20.9,-1.77,4.21,-0.46,493.50,525.46,763.40,220.00,03_17_2022
BARUN,31.78,507.00,517.00,496.10,499.00,501.28,"18,874.00",508.00,"9,461,094.80",142,-9.0,20.9,-1.77,4.21,-0.46,493.50,525.46,763.40,220.00,03_18_2022
BARUN,31.78,507.00,517.00,496.10,499.00,501.28,"18,874.00",508.00,"9,461,094.80",142,-9.0,20.9,-1.77,4.21,-0.46,493.50,525.46,763.40,220.00,03_19_2022
BARUN,34.05,500.00,503.00,490.10,498.00,496.43,"9,445.00",499.00,"4,688,765.50",77,-1.0,12.9,-0.2,2.63,0.32,492.31,524.64,763.40,224.00,03_20_2022
BARUN,31.8,490.00,517.00,489.00,517.00,507.36,"23,144.00",498.00,"11,742,386.50",113,19.00,28.0,3.82,5.73,1.86,491.32,524.18,763.40,224.00,03_21_2022
BARUN,51.74,526.00,530.00,515.00,518.90,522.78,"12,317.00",517.00,"6,439,122.90",91,1.9,15.0,0.37,2.91,-0.75,490.45,523.97,763.40,224.00,03_22_2022
BARUN,50.85,512.10,515.00,508.00,508.70,510.12,"4,998.00",518.90,"2,549,560.40",35,-10.2,7.0,-1.97,1.38,-0.28,489.60,523.68,763.40,224.00,03_23_2022
BARUN,47.81,508.00,512.00,495.00,504.00,500.48,"17,933.00",508.70,"8,975,145.60",110,-4.7,17.0,-0.92,3.43,0.7,489.03,523.63,763.40,225.00,03_24_2022
BARUN,47.81,508.00,512.00,495.00,504.00,500.48,"17,933.00",508.70,"8,975,145.60",110,-4.7,17.0,-0.92,3.43,0.7,489.03,523.63,763.40,225.00,03_24_2022
BARUN,47.81,508.00,512.00,495.00,504.00,500.48,"17,933.00",508.70,"8,975,145.60",110,-4.7,17.0,-0.92,3.43,0.7,489.03,523.63,763.40,225.00,03_24_2022
BARUN,47.81,508.00,512.00,495.00,504.00,500.48,"17,933.00",508.70,"8,975,145.60",110,-4.7,17.0,-0.92,3.43,0.7,489.03,523.63,763.40,225.00,03_24_2022
BARUN,51.0,508.00,512.00,495.00,504.00,500.48,"17,933.00",508.70,"8,975,145.60",110,-4.7,17.0,-0.92,3.43,0.7,489.03,523.63,763.40,225.00,03_25_2022
BARUN,51.0,508.00,512.00,495.00,504.00,500.48,"17,933.00",508.70,"8,975,145.60",110,-4.7,17.0,-0.92,3.43,0.7,489.03,523.63,763.40,225.00,03_26_2022
BARUN,50.35,500.00,503.00,481.10,485.00,489.55,"22,513.00",504.00,"11,021,257.80",145,-19.0,21.90,-3.77,4.55,-0.94,488.74,523.44,763.40,225.00,03_27_2022
BARUN,35.13,485.00,494.00,475.10,475.10,480.84,"8,703.00",485.00,"4,184,767.30",76,-9.9,18.9,-2.04,3.98,-1.21,488.33,522.90,763.40,225.00,03_28_2022
BARUN,34.56,478.50,484.00,470.10,475.00,474.33,"10,545.00",475.10,"5,001,847.00",65,-0.1,13.9,-0.02,2.96,0.14,487.61,522.46,763.40,225.00,03_29_2022
BARUN,37.48,468.00,481.00,457.00,481.00,472.26,"30,595.00",475.00,"14,448,818.70",163,6.0,24.0,1.26,5.25,1.82,487.11,522.20,763.40,225.00,03_30_2022
BARUN,44.08,481.00,483.00,463.00,464.00,471.22,"14,619.00",481.00,"6,888,729.90",101,-17.0,20.0,-3.53,4.32,-1.56,486.62,521.80,763.40,225.00,03_31_2022
BARUN,41.51,481.00,483.00,463.00,464.00,471.22,"14,619.00",481.00,"6,888,729.90",101,-17.0,20.0,-3.53,4.32,-1.56,486.62,521.80,763.40,225.00,04_01_2022
BARUN,41.51,481.00,483.00,463.00,464.00,471.22,"14,619.00",481.00,"6,888,729.90",101,-17.0,20.0,-3.53,4.32,-1.56,486.62,521.80,763.40,225.00,04_02_2022
BARUN,39.81,461.00,465.00,455.00,460.00,458.86,"7,033.00",464.00,"3,227,165.00",69,-4.0,10.0,-0.86,2.2,0.25,486.36,521.43,763.40,225.00,04_03_2022
BARUN,37.65,460.00,460.00,450.00,450.90,452.56,"14,635.00",460.00,"6,623,151.00",98,-9.1,10.0,-1.98,2.22,-0.37,486.36,521.08,763.40,225.00,04_04_2022
BARUN,38.13,445.10,445.10,430.00,439.00,435.72,"16,168.00",450.90,"7,044,762.20",148,-11.9,15.10,-2.64,3.51,0.75,486.11,520.51,763.40,225.00,04_05_2022
BARUN,33.52,439.00,439.00,422.00,426.00,427.91,"13,024.00",439.00,"5,573,084.40",110,-13.0,17.0,-2.96,4.03,-0.45,485.96,519.89,763.40,225.00,04_06_2022
BARUN,33.59,432.00,441.00,427.00,427.00,432.32,"20,171.00",426.00,"8,720,422.50",120,1.0,14.0,0.23,3.28,-1.25,485.98,519.30,763.40,225.00,04_07_2022
BARUN,38.35,432.00,441.00,427.00,427.00,432.32,"20,171.00",426.00,"8,720,422.50",120,1.0,14.0,0.23,3.28,-1.25,485.98,519.30,763.40,225.00,04_08_2022
BARUN,38.35,432.00,441.00,427.00,427.00,432.32,"20,171.00",426.00,"8,720,422.50",120,1.0,14.0,0.23,3.28,-1.25,485.98,519.30,763.40,225.00,04_09_2022
BARUN,38.35,432.00,441.00,427.00,427.00,432.32,"20,171.00",426.00,"8,720,422.50",120,1.0,14.0,0.23,3.28,-1.25,485.98,519.30,763.40,225.00,04_10_2022
BARUN,38.01,435.50,444.20,417.00,417.00,432.99,"12,699.00",427.00,"5,498,477.00",110,-10.0,27.2,-2.34,6.52,-3.83,486.12,518.75,763.40,225.00,04_11_2022
BARUN,36.01,422.00,422.00,410.00,415.00,413.65,"10,616.00",417.00,"4,391,323.20",73,-2.0,12.0,-0.48,2.93,0.32,486.10,518.26,763.40,225.00,04_12_2022
BARUN,36.75,410.00,423.30,409.00,423.00,416.22,"6,171.00",415.00,"2,568,483.50",60,8.00,14.3,1.93,3.5,1.6,486.08,517.89,763.40,225.00,04_13_2022
BARUN,38.92,410.00,423.30,409.00,423.00,416.22,"6,171.00",415.00,"2,568,483.50",60,8.00,14.3,1.93,3.5,1.6,486.08,517.89,763.40,225.00,04_14_2022
BARUN,38.92,410.00,423.30,409.00,423.00,416.22,"6,171.00",415.00,"2,568,483.50",60,8.00,14.3,1.93,3.5,1.6,486.08,517.89,763.40,225.00,04_15_2022
BARUN,38.92,410.00,423.30,409.00,423.00,416.22,"6,171.00",415.00,"2,568,483.50",60,8.00,14.3,1.93,3.5,1.6,486.08,517.89,763.40,225.00,04_16_2022
BARUN,41.49,428.00,429.00,410.20,424.30,418.32,"7,128.00",423.00,"2,981,755.50",81,1.30,18.8,0.31,4.58,1.41,486.16,517.42,763.40,225.00,04_17_2022
BARUN,40.11,416.00,416.00,391.00,404.00,404.25,"13,387.00",424.30,"5,411,744.50",101,-20.3,25.00,-4.78,6.39,-0.06,486.16,516.68,763.40,225.00,04_18_2022
BARUN,39.43,397.10,408.00,385.00,399.10,396.46,"7,596.00",404.00,"3,011,519.20",77,-4.9,23.0,-1.21,5.97,0.66,486.03,515.98,763.40,225.00,04_19_2022
BARUN,36.0,404.90,404.90,381.30,385.00,385.91,"7,674.00",399.10,"2,961,481.60",90,-14.1,23.6,-3.53,6.19,-0.24,486.04,515.23,763.40,225.00,04_20_2022
BARUN,32.85,385.00,388.00,369.10,380.00,376.42,"5,571.00",385.00,"2,097,059.00",78,-5.0,18.90,-1.3,5.12,0.94,486.17,514.36,763.40,225.00,04_21_2022
BARUN,31.95,385.00,388.00,369.10,380.00,376.42,"5,571.00",385.00,"2,097,059.00",78,-5.0,18.90,-1.3,5.12,0.94,486.17,514.36,763.40,225.00,04_22_2022
BARUN,31.95,385.00,388.00,369.10,380.00,376.42,"5,571.00",385.00,"2,097,059.00",78,-5.0,18.90,-1.3,5.12,0.94,486.17,514.36,763.40,225.00,04_23_2022
BARUN,32.47,387.00,418.00,386.00,417.80,403.98,"14,649.00",380.00,"5,917,855.90",123,37.80,32.00,9.95,8.29,3.31,486.57,513.73,763.40,225.00,04_24_2022
BARUN,46.81,426.00,428.00,404.00,413.00,416.94,"15,696.00",417.80,"6,544,365.60",137,-4.8,24.0,-1.15,5.94,-0.96,486.94,512.99,763.40,225.00,04_25_2022
BARUN,46.92,420.00,420.00,397.00,407.00,407.77,"7,421.00",413.00,"3,026,097.30",69,-6.0,23.0,-1.45,5.79,-0.19,486.99,512.23,763.40,225.00,04_26_2022
BARUN,44.38,401.10,412.00,397.00,410.00,405.88,"7,084.00",407.00,"2,875,275.20",66,3.0,15.0,0.74,3.78,1.0,486.74,511.26,763.40,225.00,04_27_2022
BARUN,42.99,410.00,418.10,398.00,398.00,407.66,"9,083.00",410.00,"3,702,743.60",82,-12.0,20.1,-2.93,5.05,-2.43,486.02,510.36,763.40,229.00,04_28_2022
BARUN,34.79,410.00,418.10,398.00,398.00,407.66,"9,083.00",410.00,"3,702,743.60",82,-12.0,20.1,-2.93,5.05,-2.43,486.02,510.36,763.40,229.00,04_29_2022
BARUN,34.79,410.00,418.10,398.00,398.00,407.66,"9,083.00",410.00,"3,702,743.60",82,-12.0,20.1,-2.93,5.05,-2.43,486.02,510.36,763.40,229.00,04_30_2022
BARUN,34.79,410.00,418.10,398.00,398.00,407.66,"9,083.00",410.00,"3,702,743.60",82,-12.0,20.1,-2.93,5.05,-2.43,486.02,510.36,763.40,229.00,05_01_2022
BARUN,36.19,393.00,395.00,378.30,382.00,386.15,"13,303.00",398.00,"5,137,006.60",93,-16.0,16.7,-4.02,4.41,-1.09,485.18,509.32,763.40,236.00,05_02_2022
BARUN,37.13,393.00,395.00,378.30,382.00,386.15,"13,303.00",398.00,"5,137,006.60",93,-16.0,16.7,-4.02,4.41,-1.09,485.18,509.32,763.40,236.00,05_03_2022
BARUN,36.22,382.00,405.80,376.10,399.00,396.94,"28,183.00",382.00,"11,187,038.90",175,17.0,29.7,4.45,7.9,0.52,484.39,508.34,763.40,239.00,05_04_2022
BARUN,42.04,391.30,418.20,383.50,393.00,400.54,"34,892.00",399.00,"13,975,793.90",183,-6.0,34.7,-1.5,9.05,-1.92,483.24,507.23,763.40,245.00,05_05_2022
BARUN,40.25,391.30,418.20,383.50,393.00,400.54,"34,892.00",399.00,"13,975,793.90",183,-6.0,34.7,-1.5,9.05,-1.92,483.24,507.23,763.40,245.00,05_06_2022
BARUN,40.25,391.30,418.20,383.50,393.00,400.54,"34,892.00",399.00,"13,975,793.90",183,-6.0,34.7,-1.5,9.05,-1.92,483.24,507.23,763.40,245.00,05_07_2022
BARUN,40.25,393.00,413.90,381.00,402.00,398.11,"17,741.00",393.00,"7,062,824.70",140,9.0,32.90,2.29,8.64,0.97,482.30,506.19,763.40,257.00,05_08_2022
BARUN,44.88,408.00,409.00,399.00,407.00,403.10,"33,402.00",402.00,"13,464,347.60",130,5.0,10.0,1.24,2.51,0.96,481.36,505.00,763.40,257.00,05_09_2022
BARUN,49.36,415.10,447.70,406.10,447.70,427.03,"87,642.00",407.00,"37,426,095.40",504,40.7,41.6,10.0,10.24,4.62,480.76,503.77,763.40,257.00,05_10_2022
BARUN,50.83,456.00,492.40,456.00,492.40,490.42,"24,677.00",447.70,"12,101,985.50",190,44.7,36.4,9.98,7.98,0.4,480.63,502.93,763.40,265.00,05_11_2022
BARUN,51.81,502.00,541.60,502.00,507.00,518.53,"71,762.00",492.40,"37,211,000.80",647,14.6,39.6,2.97,7.89,-2.27,480.84,502.14,763.40,265.00,05_12_2022
BARUN,55.98,502.00,541.60,502.00,507.00,518.53,"71,762.00",492.40,"37,211,000.80",647,14.6,39.6,2.97,7.89,-2.27,480.84,502.14,763.40,265.00,05_13_2022
BARUN,55.98,502.00,541.60,502.00,507.00,518.53,"71,762.00",492.40,"37,211,000.80",647,14.6,39.6,2.97,7.89,-2.27,480.84,502.14,763.40,265.00,05_14_2022
BARUN,55.98,502.00,541.60,502.00,507.00,518.53,"71,762.00",492.40,"37,211,000.80",647,14.6,39.6,2.97,7.89,-2.27,480.84,502.14,763.40,265.00,05_15_2022
BARUN,55.98,502.00,541.60,502.00,507.00,518.53,"71,762.00",492.40,"37,211,000.80",647,14.6,39.6,2.97,7.89,-2.27,480.84,502.14,763.40,265.00,05_16_2022
BARUN,57.33,497.00,498.00,467.20,468.00,480.76,"70,761.00",507.00,"34,018,833.70",452,-39.00,30.8,-7.69,6.59,-2.73,480.97,501.08,763.40,324.00,05_17_2022
BARUN,56.24,475.00,504.00,445.00,495.00,477.45,"35,811.00",468.00,"17,097,784.70",239,27.0,59.0,5.77,13.26,3.55,481.26,500.37,763.40,345.60,05_18_2022
BARUN,50.98,490.00,501.80,480.00,482.00,487.74,"19,874.00",495.00,"9,693,427.90",168,-13.0,21.8,-2.63,4.54,-1.19,481.20,499.51,763.40,345.60,05_19_2022
BARUN,36.23,474.00,494.00,473.00,479.00,479.82,"12,355.00",482.00,"5,928,205.20",120,-3.0,21.0,-0.62,4.44,-0.17,480.97,498.32,763.40,345.60,05_20_2022
BARUN,33.32,474.00,494.00,473.00,479.00,479.82,"12,355.00",482.00,"5,928,205.20",120,-3.0,21.0,-0.62,4.44,-0.17,480.97,498.32,763.40,345.60,05_21_2022
BARUN,33.32,474.00,494.00,473.00,479.00,479.82,"12,355.00",482.00,"5,928,205.20",120,-3.0,21.0,-0.62,4.44,-0.17,480.97,498.32,763.40,345.60,05_22_2022
BARUN,33.07,471.00,479.00,462.00,462.50,467.45,"32,064.00",479.00,"14,988,440.40",205,-16.5,17.0,-3.44,3.68,-1.07,480.51,497.17,763.40,345.60,05_23_2022
BARUN,38.22,462.00,481.00,462.00,474.00,472.92,"9,079.00",462.50,"4,293,639.20",94,11.5,19.00,2.49,4.11,0.23,480.22,496.02,763.40,345.60,05_24_2022
BARUN,31.46,480.00,485.00,475.00,482.50,482.85,"13,263.00",474.00,"6,404,062.60",107,8.5,10.0,1.79,2.11,-0.07,479.96,494.86,763.40,345.60,05_25_2022
BARUN,34.87,474.00,489.90,474.00,476.50,477.42,"5,046.00",482.50,"2,409,037.30",54,-6.0,15.9,-1.24,3.35,-0.19,479.65,493.87,763.40,345.60,05_26_2022
BARUN,30.68,480.00,483.00,455.00,477.00,471.71,"21,445.00",476.50,"10,115,851.90",129,0.5,28.0,0.1,6.15,1.11,479.47,492.83,763.40,345.60,05_27_2022
BARUN,39.97,480.00,483.00,455.00,477.00,471.71,"21,445.00",476.50,"10,115,851.90",129,0.5,28.0,0.1,6.15,1.11,479.47,492.83,763.40,345.60,05_28_2022
BARUN,39.97,480.00,483.00,455.00,477.00,471.71,"21,445.00",476.50,"10,115,851.90",129,0.5,28.0,0.1,6.15,1.11,479.47,492.83,763.40,345.60,05_29_2022
BARUN,39.44,486.50,486.50,465.00,465.00,472.20,"13,346.00",477.00,"6,302,006.60",100,-12.0,21.5,-2.52,4.62,-1.55,479.18,491.56,763.40,345.60,05_30_2022
BARUN,30.88,465.00,472.00,460.20,463.00,465.19,"9,073.00",465.00,"4,220,712.50",76,-2.0,11.8,-0.43,2.56,-0.47,478.85,489.96,763.40,345.60,05_31_2022
BARUN,27.98,457.10,473.90,457.10,464.90,466.34,"7,408.00",463.00,"3,454,649.10",64,1.9,16.8,0.41,3.68,-0.31,478.73,488.68,763.40,345.60,06_01_2022
BARUN,30.11,467.00,470.00,455.00,460.40,460.11,"10,490.00",464.90,"4,826,537.40",88,-4.5,15.0,-0.97,3.3,0.06,478.60,487.65,763.40,345.60,06_02_2022
BARUN,30.45,459.00,459.00,443.00,445.00,448.58,"16,410.00",460.40,"7,361,124.70",134,-15.4,16.0,-3.34,3.61,-0.8,478.31,486.62,763.40,345.60,06_03_2022
BARUN,31.78,459.00,459.00,443.00,445.00,448.58,"16,410.00",460.40,"7,361,124.70",134,-15.4,16.0,-3.34,3.61,-0.8,478.31,486.62,763.40,345.60,06_04_2022
BARUN,31.78,459.00,459.00,443.00,445.00,448.58,"16,410.00",460.40,"7,361,124.70",134,-15.4,16.0,-3.34,3.61,-0.8,478.31,486.62,763.40,345.60,06_05_2022
BARUN,31.36,445.00,463.90,443.10,448.00,449.00,"15,872.00",445.00,"7,126,474.70",104,3.0,20.8,0.67,4.69,-0.22,478.01,485.39,763.40,345.60,06_06_2022
BARUN,31.29,454.00,454.00,436.00,439.90,442.50,"10,801.00",448.00,"4,779,427.70",84,-8.1,18.0,-1.81,4.13,-0.59,477.73,484.31,763.40,345.60,06_07_2022
BARUN,27.86,447.00,483.00,444.00,474.00,466.62,"21,718.00",439.90,"10,134,011.80",149,34.1,39.00,7.75,8.78,1.56,477.93,483.51,763.40,345.60,06_08_2022
BARUN,41.11,483.00,483.00,455.00,459.00,466.86,"17,467.00",474.00,"8,154,712.20",138,-15.0,28.0,-3.16,6.15,-1.71,477.89,482.71,763.40,345.60,06_09_2022
BARUN,39.94,451.10,463.00,448.90,450.00,451.95,"14,877.00",459.00,"6,723,672.20",84,-9.0,14.1,-1.96,3.14,-0.43,477.94,482.01,763.40,345.60,06_10_2022
BARUN,35.0,451.10,463.00,448.90,450.00,451.95,"14,877.00",459.00,"6,723,672.20",84,-9.0,14.1,-1.96,3.14,-0.43,477.94,482.01,763.40,345.60,06_11_2022
BARUN,35.0,451.10,463.00,448.90,450.00,451.95,"14,877.00",459.00,"6,723,672.20",84,-9.0,14.1,-1.96,3.14,-0.43,477.94,482.01,763.40,345.60,06_12_2022
BARUN,34.72,455.00,459.00,446.00,451.90,449.89,"7,039.00",450.00,"3,166,799.50",52,1.9,13.0,0.42,2.91,0.44,478.20,481.61,763.40,345.60,06_13_2022
BARUN,36.13,444.50,457.90,438.00,444.00,442.42,"16,159.00",451.90,"7,149,088.30",118,-7.9,19.9,-1.75,4.54,0.36,478.39,480.88,763.40,345.60,06_14_2022
BARUN,20.76,437.00,442.00,428.60,435.90,434.37,"14,541.00",444.00,"6,316,207.10",111,-8.1,13.40,-1.82,3.13,0.35,478.72,480.12,763.40,345.60,06_15_2022
BARUN,32.82,436.50,455.80,430.00,446.00,443.65,"17,610.00",435.90,"7,812,737.20",105,10.1,25.8,2.32,6.0,0.53,479.37,479.47,763.40,345.60,06_16_2022
BARUN,40.49,438.20,445.00,437.00,437.10,440.15,"3,132.00",446.00,"1,378,552.80",44,-8.9,8.0,-2.0,1.83,-0.7,479.64,478.63,763.40,345.60,06_17_2022
BARUN,28.31,438.20,445.00,437.00,437.10,440.15,"3,132.00",446.00,"1,378,552.80",44,-8.9,8.0,-2.0,1.83,-0.7,479.64,478.63,763.40,345.60,06_18_2022
BARUN,27.81,431.00,436.80,412.60,420.00,423.52,"9,383.00",437.10,"3,973,846.00",63,-17.1,24.20,-3.91,5.87,-0.84,479.72,477.41,763.40,345.60,06_19_2022
BARUN,26.72,412.00,412.00,392.00,395.00,398.35,"16,406.00",420.00,"6,535,277.50",143,-25.0,20.00,-5.95,5.1,-0.85,479.72,476.06,763.40,345.60,06_20_2022
BARUN,30.64,390.00,418.00,390.00,410.00,406.21,"15,552.00",395.00,"6,317,432.60",102,15.0,28.00,3.8,7.18,0.92,479.78,474.88,763.40,345.60,06_21_2022
BARUN,31.8,403.30,407.00,395.00,403.00,399.44,"8,126.00",410.00,"3,245,809.30",70,-7.0,12.0,-1.71,3.04,0.88,479.73,473.73,763.40,345.60,06_22_2022
BARUN,26.82,395.00,395.00,376.40,388.90,381.46,"22,966.00",403.00,"8,760,582.30",187,-14.1,18.6,-3.5,4.94,1.91,479.21,472.71,763.40,345.60,06_23_2022
BARUN,45.39,468.00,468.00,450.10,455.30,459.29,"25,369.00",459.00,"11,651,795.00",268,-3.7,17.9,-0.81,3.98,-0.88,478.03,470.49,763.40,345.60,07_05_2022
BARUN,30.11,464.40,469.90,449.20,456.00,457.50,"20,382.00",455.30,"9,324,760.50",182,0.7,20.7,0.15,4.61,-0.33,477.73,470.80,763.40,345.60,07_06_2022
BARUN,30.92,460.00,465.00,452.00,452.00,459.72,"16,618.00",456.00,"7,639,657.10",156,-4.0,13.0,-0.88,2.88,-1.71,477.40,470.99,763.40,345.60,07_07_2022
BARUN,31.31,450.20,455.00,439.00,441.00,444.43,"20,928.00",452.00,"9,300,938.70",170,-11.0,16.0,-2.43,3.64,-0.78,476.91,471.07,763.40,345.60,07_08_2022
BARUN,30.98,450.20,455.00,439.00,441.00,444.43,"20,928.00",452.00,"9,300,938.70",170,-11.0,16.0,-2.43,3.64,-0.78,476.91,471.07,763.40,345.60,07_09_2022
BARUN,30.98,450.20,455.00,439.00,441.00,444.43,"20,928.00",452.00,"9,300,938.70",170,-11.0,16.0,-2.43,3.64,-0.78,476.91,471.07,763.40,345.60,07_10_2022
BARUN,28.76,441.00,441.00,406.70,412.00,422.22,"28,745.00",441.00,"12,136,736.50",268,-29.0,34.3,-6.58,8.43,-2.48,476.26,471.06,763.40,345.60,07_11_2022
BARUN,31.02,419.00,426.00,414.00,423.90,419.14,"18,849.00",412.00,"7,900,383.10",155,11.9,12.0,2.89,2.9,1.12,475.49,471.17,763.40,345.60,07_12_2022
BARUN,27.31,423.50,444.70,420.50,442.00,432.67,"25,304.00",423.90,"10,948,406.30",164,18.1,24.2,4.27,5.76,2.11,474.75,471.32,763.40,345.60,07_13_2022
BARUN,-,450.00,464.00,438.00,444.00,446.64,"25,030.00",442.00,"11,179,292.90",214,2.0,26.00,0.45,5.94,-0.59,473.97,471.66,763.40,345.60,07_14_2022
BARUN,37.45,444.00,449.00,437.00,440.00,441.07,"18,671.00",444.00,"8,235,191.10",195,-4.0,12.0,-0.9,2.75,-0.24,472.95,472.08,763.40,345.60,07_15_2022
BARUN,45.94,444.00,449.00,437.00,440.00,441.07,"18,671.00",444.00,"8,235,191.10",195,-4.0,12.0,-0.9,2.75,-0.24,472.95,472.08,763.40,345.60,07_16_2022
BARUN,43.17,448.80,449.00,436.50,443.00,441.62,"52,529.00",440.00,"23,198,011.70",616,3.0,12.5,0.68,2.86,0.31,471.85,472.48,763.40,345.60,07_17_2022
BARUN,42.34,276.00,298.60,276.00,298.60,298.09,"14,005.00",271.50,"4,174,769.00",78,27.10,22.6,9.98,8.19,0.17,469.53,472.09,763.40,276.00,07_18_2022
BARUN,25.06,304.50,321.00,298.60,299.00,306.40,"93,683.00",298.60,"28,704,929.60",766,0.4,22.4,0.13,7.5,-2.48,467.25,471.53,763.40,276.00,07_19_2022
BARUN,32.5,300.00,301.50,290.10,294.00,295.13,"27,896.00",299.00,"8,232,943.80",238,-5.0,11.4,-1.67,3.93,-0.38,465.21,470.72,763.40,276.00,07_20_2022
BARUN,31.11,298.90,298.90,288.80,289.00,291.15,"15,756.00",294.00,"4,587,286.50",138,-5.0,10.1,-1.7,3.5,-0.74,463.13,469.63,763.40,276.00,07_21_2022
BARUN,29.74,284.30,292.70,284.20,285.00,285.95,"10,901.00",289.00,"3,117,147.50",77,-4.0,8.5,-1.38,2.99,-0.33,461.17,468.53,763.40,276.00,07_22_2022
BARUN,38.67,284.30,292.70,284.20,285.00,285.95,"10,901.00",289.00,"3,117,147.50",77,-4.0,8.5,-1.38,2.99,-0.33,461.17,468.53,763.40,276.00,07_23_2022
BARUN,35.87,290.00,298.00,284.20,298.00,292.51,"15,341.00",285.00,"4,487,340.00",139,13.0,13.8,4.56,4.86,1.84,459.28,467.44,763.40,276.00,07_24_2022
BARUN,40.34,303.00,313.00,298.00,310.80,306.30,"60,479.00",298.00,"18,524,944.30",409,12.8,15.0,4.3,5.03,1.45,457.22,466.22,763.40,276.00,07_25_2022
BARUN,52.25,311.00,319.00,299.00,300.10,306.87,"25,084.00",310.80,"7,697,435.60",209,-10.7,20.0,-3.44,6.69,-2.25,455.18,465.03,763.40,276.00,07_26_2022
BARUN,45.43,295.00,306.00,295.00,304.00,302.58,"26,408.00",300.10,"7,990,643.60",173,3.9,11.0,1.3,3.73,0.47,453.00,463.83,763.40,276.00,07_27_2022
BARUN,51.09,305.00,313.00,303.00,304.10,308.04,"41,763.00",304.00,"12,864,640.10",256,0.1,10.00,0.03,3.3,-1.3,450.91,462.63,763.40,276.00,07_28_2022
BARUN,50.26,309.90,309.90,301.20,303.00,303.55,"7,372.00",304.10,"2,237,759.80",57,-1.1,8.70,-0.36,2.89,-0.18,448.95,461.49,763.40,276.00,07_29_2022
BARUN,41.55,309.90,309.90,301.20,303.00,303.55,"7,372.00",304.10,"2,237,759.80",57,-1.1,8.70,-0.36,2.89,-0.18,448.95,461.49,763.40,276.00,07_30_2022
BARUN,39.12,309.00,309.00,299.90,307.00,303.50,"32,276.00",303.00,"9,795,646.40",174,4.0,9.1,1.32,3.03,1.14,446.95,460.52,763.40,276.00,07_31_2022
BARUN,48.16,310.00,310.00,300.00,305.90,306.65,"22,358.00",307.00,"6,856,180.90",183,-1.1,10.0,-0.36,3.33,-0.25,444.98,459.71,763.40,276.00,08_01_2022
BARUN,50.42,305.00,306.00,300.00,302.00,302.94,"20,940.00",305.90,"6,343,641.10",143,-3.9,6.0,-1.27,2.0,-0.31,443.02,458.83,763.40,276.00,08_02_2022
BARUN,48.16,308.00,311.00,300.00,308.00,307.34,"48,225.00",302.00,"14,821,348.50",277,6.0,11.0,1.99,3.67,0.22,441.18,457.82,763.40,276.00,08_03_2022
BARUN,53.64,310.00,311.00,300.00,300.10,305.04,"13,731.00",308.00,"4,188,455.70",140,-7.9,11.0,-2.56,3.67,-1.64,439.47,456.68,763.40,276.00,08_04_2022
BARUN,45.64,300.10,305.90,297.00,297.50,300.49,"8,205.00",300.10,"2,465,509.00",87,-2.6,8.9,-0.87,3.0,-1.0,437.65,455.45,763.40,276.00,08_05_2022
BARUN,42.22,300.10,305.90,297.00,297.50,300.49,"8,205.00",300.10,"2,465,509.00",87,-2.6,8.9,-0.87,3.0,-1.0,437.65,455.45,763.40,276.00,08_06_2022
BARUN,38.94,302.00,302.00,295.00,297.00,298.96,"7,466.00",297.50,"2,232,039.50",75,-0.5,7.0,-0.17,2.37,-0.66,435.63,454.28,763.40,276.00,08_07_2022
BARUN,40.32,298.00,299.00,290.00,294.90,293.97,"16,391.00",297.00,"4,818,442.60",140,-2.10,9.00,-0.71,3.1,0.32,433.74,453.06,763.40,276.00,08_08_2022
BARUN,43.96,290.00,292.00,280.00,282.90,285.12,"20,675.00",294.90,"5,894,848.40",162,-12.0,12.0,-4.07,4.29,-0.78,431.80,451.78,763.40,276.00,08_09_2022
BARUN,44.02,282.00,286.10,274.00,281.00,281.35,"11,892.00",282.90,"3,345,869.00",117,-1.9,12.10,-0.67,4.42,-0.13,429.86,450.57,763.40,274.00,08_10_2022
BARUN,29.79,279.00,284.00,278.10,284.00,280.70,"6,822.00",281.00,"1,914,960.90",95,3.00,5.90,1.07,2.12,1.16,427.79,449.37,763.40,274.00,08_11_2022
BARUN,26.07,279.00,284.00,278.10,284.00,280.70,"6,822.00",281.00,"1,914,960.90",95,3.00,5.90,1.07,2.12,1.16,427.79,449.37,763.40,274.00,08_12_2022
BARUN,26.07,279.00,284.00,278.10,284.00,280.70,"6,822.00",281.00,"1,914,960.90",95,3.00,5.90,1.07,2.12,1.16,427.79,449.37,763.40,274.00,08_13_2022
BARUN,22.59,284.00,284.00,275.00,277.00,277.09,"11,370.00",284.00,"3,150,569.80",86,-7.0,9.0,-2.46,3.27,-0.03,425.43,448.11,763.40,274.00,08_14_2022
BARUN,25.54,276.00,285.00,276.00,285.00,281.53,"16,384.00",277.00,"4,612,547.60",120,8.0,9.0,2.89,3.26,1.22,423.09,447.04,763.40,274.00,08_15_2022
BARUN,49.44,289.00,294.00,276.00,277.00,283.97,"14,421.00",285.00,"4,095,146.50",121,-8.00,18.00,-2.81,6.52,-2.52,420.83,445.93,763.40,274.00,08_16_2022
BARUN,32.1,280.00,282.00,276.00,277.00,278.79,"4,066.00",277.00,"1,133,541.20",49,0.0,6.0,0.0,2.17,-0.64,418.44,444.80,763.40,274.00,08_17_2022
BARUN,28.66,282.00,288.00,276.40,284.00,284.21,"9,629.00",277.00,"2,736,626.00",95,7.0,11.6,2.53,4.2,-0.07,416.32,443.69,763.40,274.00,08_18_2022
BARUN,43.38,282.00,288.00,276.40,284.00,284.21,"9,629.00",277.00,"2,736,626.00",95,7.0,11.6,2.53,4.2,-0.07,416.32,443.69,763.40,274.00,08_19_2022
BARUN,43.38,282.00,288.00,276.40,284.00,284.21,"9,629.00",277.00,"2,736,626.00",95,7.0,11.6,2.53,4.2,-0.07,416.32,443.69,763.40,274.00,08_20_2022
BARUN,43.38,288.00,299.00,284.70,288.00,289.82,"11,085.00",284.00,"3,212,648.80",122,4.0,14.3,1.41,5.02,-0.63,414.44,442.66,703.80,274.00,08_21_2022
BARUN,-,292.00,292.00,285.00,285.00,286.48,"6,284.00",288.00,"1,800,253.00",60,-3.0,7.0,-1.04,2.46,-0.52,412.54,441.75,703.80,274.00,08_22_2022
BARUN,43.5,284.00,285.00,280.00,281.00,282.20,"3,891.00",285.00,"1,098,056.90",41,-4.0,5.0,-1.4,1.79,-0.43,410.79,440.73,703.80,274.00,08_23_2022
BARUN,39.06,282.00,284.80,282.00,283.00,283.31,"1,205.00",281.00,"341,392.60",30,2.0,2.8,0.71,0.99,-0.11,409.08,439.84,703.80,274.00,08_24_2022
BARUN,33.87,280.00,285.00,278.00,278.50,279.62,"6,227.00",283.00,"1,741,220.70",76,-4.5,7.0,-1.59,2.52,-0.4,407.16,439.04,688.00,274.00,08_25_2022
BARUN,34.1,279.00,279.00,273.00,277.00,274.94,"4,238.00",278.50,"1,165,214.10",46,-1.5,6.0,-0.54,2.2,0.74,405.13,438.24,688.00,273.00,08_26_2022
BARUN,33.15,279.00,279.00,273.00,277.00,274.94,"4,238.00",278.50,"1,165,214.10",46,-1.5,6.0,-0.54,2.2,0.74,405.13,438.24,688.00,273.00,08_27_2022
BARUN,33.15,272.00,273.50,257.10,264.00,265.20,"12,308.00",277.00,"3,264,115.00",116,-13.0,16.4,-4.69,6.38,-0.46,403.02,437.51,684.00,257.10,08_28_2022
BARUN,32.59,259.10,266.00,259.10,265.00,262.32,"7,675.00",264.00,"2,013,290.20",62,1.0,6.9,0.38,2.66,1.01,401.00,436.94,684.00,257.10,08_29_2022
BARUN,31.12,265.00,265.00,259.00,259.00,261.12,"4,517.00",265.00,"1,179,484.80",53,-6.0,6.0,-2.26,2.32,-0.82,399.00,436.13,680.00,257.10,08_30_2022
BARUN,28.02,258.00,260.00,250.00,251.10,253.34,"5,741.00",259.00,"1,454,416.60",58,-7.9,10.0,-3.05,4.0,-0.89,396.94,435.24,680.00,250.00,08_31_2022
BARUN,38.59,620.00,628.00,603.00,604.00,614.28,"42,751.00",617.00,"26,261,220.40",293,-13.0,25.0,-2.11,4.15,-1.7,434.31,361.61,763.40,98.00,09_01_2021
BARUN,27.82,246.10,254.00,242.00,254.00,246.59,"7,188.00",251.10,"1,772,464.90",94,2.9,12.0,1.15,4.96,2.92,394.75,434.46,680.00,242.00,09_01_2022
BARUN,33.98,254.00,258.00,245.00,250.00,248.81,"2,818.00",254.00,"701,150.00",39,-4.0,13.0,-1.57,5.31,0.48,392.51,433.61,680.00,242.00,09_02_2022
BARUN,27.35,254.00,258.00,245.00,250.00,248.81,"2,818.00",254.00,"701,150.00",39,-4.0,13.0,-1.57,5.31,0.48,392.51,433.61,680.00,242.00,09_03_2022
BARUN,26.85,253.00,253.00,248.00,250.00,250.53,"4,970.00",250.00,"1,245,115.90",47,0.0,5.0,0.0,2.02,-0.21,390.35,432.72,680.00,242.00,09_04_2022
BARUN,31.58,250.00,252.50,245.40,249.90,247.98,"2,037.00",250.00,"505,136.80",40,-0.1,7.1,-0.04,2.89,0.77,388.23,431.61,680.00,242.00,09_05_2022
BARUN,33.05,250.00,250.60,240.00,240.00,248.83,"8,099.00",249.90,"2,015,241.00",62,-9.9,10.6,-3.96,4.42,-3.68,386.19,430.20,680.00,240.00,09_06_2022
BARUN,33.45,244.80,249.00,241.00,244.00,245.09,"9,542.00",240.00,"2,338,642.30",83,4.0,8.0,1.67,3.32,-0.45,384.27,428.86,680.00,240.00,09_07_2022
BARUN,35.87,245.00,249.90,242.00,249.80,246.00,"5,938.00",244.00,"1,460,746.70",61,5.8,7.9,2.38,3.26,1.52,382.39,427.70,680.00,240.00,09_08_2022
BARUN,38.22,245.00,249.90,242.00,249.80,246.00,"5,938.00",244.00,"1,460,746.70",61,5.8,7.9,2.38,3.26,1.52,382.39,427.70,680.00,240.00,09_09_2022
BARUN,38.22,245.00,249.90,242.00,249.80,246.00,"5,938.00",244.00,"1,460,746.70",61,5.8,7.9,2.38,3.26,1.52,382.39,427.70,680.00,240.00,09_10_2022
BARUN,37.59,252.00,252.00,246.00,247.00,249.50,"1,264.00",249.80,"315,373.10",28,-2.8,6.0,-1.12,2.44,-1.01,380.44,426.51,680.00,240.00,09_11_2022
BARUN,27.24,243.00,247.80,240.40,244.50,242.47,"1,623.00",247.00,"393,534.20",32,-2.5,7.4,-1.01,3.08,0.83,378.61,425.30,680.00,240.00,09_12_2022
BARUN,32.2,244.50,248.00,241.10,245.00,244.53,"1,976.00",244.50,"483,197.80",26,0.5,6.9,0.2,2.86,0.19,376.82,424.12,680.00,240.00,09_13_2022
BARUN,34.89,248.00,254.00,244.00,254.00,249.40,"6,542.00",245.00,"1,631,588.00",63,9.0,10.0,3.67,4.1,1.81,375.18,422.96,640.00,240.00,09_14_2022
BARUN,43.07,258.00,258.00,236.20,240.00,243.10,"15,517.00",254.00,"3,772,243.40",102,-14.0,21.8,-5.51,9.23,-1.29,373.52,421.69,634.00,236.20,09_15_2022
BARUN,39.56,240.00,240.00,234.00,240.00,236.27,"2,329.00",240.00,"550,271.30",32,0.0,6.0,0.0,2.56,1.55,371.97,420.40,605.00,234.00,09_16_2022
BARUN,34.85,240.00,240.00,234.00,240.00,236.27,"2,329.00",240.00,"550,271.30",32,0.0,6.0,0.0,2.56,1.55,371.97,420.40,605.00,234.00,09_17_2022
BARUN,32.92,236.00,236.00,226.00,232.00,229.79,"6,398.00",240.00,"1,470,197.90",59,-8.0,10.0,-3.33,4.42,0.95,370.34,419.09,595.00,226.00,09_18_2022
BARUN,32.62,236.00,236.00,226.00,232.00,229.79,"6,398.00",240.00,"1,470,197.90",59,-8.0,10.0,-3.33,4.42,0.95,370.34,419.09,595.00,226.00,09_19_2022
BARUN,32.99,235.00,235.00,213.00,213.00,217.69,"12,361.00",232.00,"2,690,882.60",97,-19.0,22.0,-8.19,10.33,-2.2,368.64,417.54,595.00,213.00,09_20_2022
BARUN,31.37,211.00,221.00,211.00,213.00,218.27,"6,396.00",213.00,"1,396,071.00",59,0.0,10.0,0.0,4.74,-2.48,366.96,415.99,595.00,211.00,09_21_2022
BARUN,32.86,216.00,220.50,215.00,217.60,217.19,"3,033.00",213.00,"658,726.00",36,4.6,5.50,2.16,2.56,0.19,365.25,414.42,595.00,211.00,09_22_2022
BARUN,69.89,529.00,540.00,512.10,520.00,524.76,"25,281.00",519.90,"13,266,456.70",191,0.1,27.9,0.02,5.45,-0.92,519.38,426.56,763.40,167.00,11_03_2021
BARUN,62.3,529.00,540.00,512.10,520.00,524.76,"25,281.00",519.90,"13,266,456.70",191,0.1,27.9,0.02,5.45,-0.92,519.38,426.56,763.40,167.00,11_05_2021
BARUN,62.3,529.00,540.00,512.10,520.00,524.76,"25,281.00",519.90,"13,266,456.70",191,0.1,27.9,0.02,5.45,-0.92,519.38,426.56,763.40,167.00,11_06_2021
BARUN,62.3,529.00,540.00,512.10,520.00,524.76,"25,281.00",519.90,"13,266,456.70",191,0.1,27.9,0.02,5.45,-0.92,519.38,426.56,763.40,167.00,11_07_2021
BARUN,63.08,530.40,537.00,507.00,508.00,516.70,"15,017.00",520.00,"7,759,310.00",116,-12.0,30.0,-2.31,5.92,-1.71,521.29,427.99,763.40,167.00,11_08_2021
BARUN,53.76,502.00,502.00,471.00,482.00,481.57,"34,040.00",508.00,"16,392,630.60",290,-26.0,31.0,-5.12,6.58,0.09,523.09,429.20,763.40,167.00,11_09_2021
BARUN,53.24,502.00,502.00,471.00,482.00,481.57,"34,040.00",508.00,"16,392,630.60",290,-26.0,31.0,-5.12,6.58,0.09,523.09,429.20,763.40,167.00,11_10_2021
BARUN,51.19,472.40,481.90,451.80,451.80,464.75,"27,617.00",482.00,"12,835,104.00",253,-30.2,30.1,-6.27,6.66,-2.87,524.57,430.30,763.40,167.00,11_11_2021
BARUN,49.52,472.40,481.90,451.80,451.80,464.75,"27,617.00",482.00,"12,835,104.00",253,-30.2,30.1,-6.27,6.66,-2.87,524.57,430.30,763.40,167.00,11_12_2021
BARUN,49.52,472.40,481.90,451.80,451.80,464.75,"27,617.00",482.00,"12,835,104.00",253,-30.2,30.1,-6.27,6.66,-2.87,524.57,430.30,763.40,167.00,11_13_2021
BARUN,47.47,460.80,481.00,445.00,461.00,463.57,"24,545.00",451.80,"11,378,404.90",196,9.20,36.00,2.04,8.09,-0.56,526.17,431.50,763.40,167.00,11_14_2021
BARUN,47.67,470.20,492.00,470.00,489.00,480.30,"19,874.00",461.00,"9,545,448.20",174,28.00,22.00,6.07,4.68,1.78,527.88,432.86,763.40,167.00,11_15_2021
BARUN,47.91,498.00,507.00,479.30,506.00,498.99,"15,159.00",489.00,"7,564,260.20",147,17.00,27.70,3.48,5.78,1.38,529.64,434.32,763.40,167.00,11_16_2021
BARUN,52.89,516.10,556.60,516.10,518.50,539.27,"104,722.00",506.00,"56,473,765.20",796,12.50,40.50,2.47,7.85,-4.01,531.26,435.76,763.40,167.00,11_17_2021
BARUN,66.24,520.00,550.20,505.60,508.00,520.73,"37,607.00",518.50,"19,583,128.80",351,-10.5,44.6,-2.03,8.82,-2.51,532.53,437.09,763.40,167.00,11_18_2021
BARUN,59.08,520.00,550.20,505.60,508.00,520.73,"37,607.00",518.50,"19,583,128.80",351,-10.5,44.6,-2.03,8.82,-2.51,532.53,437.09,763.40,167.00,11_19_2021
BARUN,59.08,520.00,550.20,505.60,508.00,520.73,"37,607.00",518.50,"19,583,128.80",351,-10.5,44.6,-2.03,8.82,-2.51,532.53,437.09,763.40,167.00,11_20_2021
BARUN,54.38,512.00,535.00,505.00,513.90,514.65,"20,607.00",508.00,"10,605,448.30",158,5.9,30.0,1.16,5.94,-0.15,533.70,438.53,763.40,167.00,11_21_2021
BARUN,50.14,520.00,529.00,510.00,514.00,517.28,"16,179.00",513.90,"8,369,143.40",144,0.1,19.0,0.02,3.73,-0.64,535.01,440.01,763.40,167.00,11_22_2021
BARUN,49.13,504.00,512.50,492.00,498.00,500.93,"35,120.00",514.00,"17,592,497.80",262,-16.0,20.5,-3.11,4.17,-0.59,536.11,441.43,763.40,167.00,11_23_2021
BARUN,49.57,488.10,509.70,480.00,500.00,498.30,"29,815.00",498.00,"14,856,791.30",186,2.00,29.7,0.4,6.19,0.34,536.93,442.84,763.40,167.00,11_24_2021
BARUN,50.61,510.00,511.00,496.00,503.00,503.77,"13,121.00",500.00,"6,609,990.60",94,3.0,15.0,0.6,3.02,-0.15,537.44,444.29,763.40,167.00,11_25_2021
BARUN,45.84,510.00,511.00,496.00,503.00,503.77,"13,121.00",500.00,"6,609,990.60",94,3.0,15.0,0.6,3.02,-0.15,537.44,444.29,763.40,167.00,11_26_2021
BARUN,45.84,510.00,511.00,496.00,503.00,503.77,"13,121.00",500.00,"6,609,990.60",94,3.0,15.0,0.6,3.02,-0.15,537.44,444.29,763.40,167.00,11_27_2021
BARUN,42.94,493.00,497.00,474.00,479.00,481.60,"23,331.00",503.00,"11,236,154.70",203,-24.0,23.0,-4.77,4.85,-0.54,537.38,445.61,763.40,167.00,11_28_2021
BARUN,34.97,479.00,494.70,475.00,476.00,482.64,"18,909.00",479.00,"9,126,282.50",105,-3.0,19.7,-0.63,4.15,-1.4,537.15,446.93,763.40,167.00,11_29_2021
BARUN,33.78,485.00,485.00,460.00,480.00,473.29,"14,229.00",476.00,"6,734,397.60",98,4.0,25.0,0.84,5.43,1.4,537.24,448.29,763.40,167.00,11_30_2021
BARUN,32.05,489.00,492.90,475.00,484.00,485.72,"20,389.00",480.00,"9,903,248.60",139,4.0,17.9,0.83,3.77,-0.35,537.73,449.75,763.40,167.00,12_01_2021
BARUN,39.54,485.00,493.00,470.40,473.00,474.92,"8,632.00",484.00,"4,099,481.10",75,-11.0,22.6,-2.27,4.8,-0.41,538.11,451.06,763.40,167.00,12_02_2021
BARUN,39.61,485.00,493.00,470.40,473.00,474.92,"8,632.00",484.00,"4,099,481.10",75,-11.0,22.6,-2.27,4.8,-0.41,538.11,451.06,763.40,167.00,12_03_2021
BARUN,39.61,485.00,493.00,470.40,473.00,474.92,"8,632.00",484.00,"4,099,481.10",75,-11.0,22.6,-2.27,4.8,-0.41,538.11,451.06,763.40,167.00,12_04_2021
BARUN,38.71,464.00,470.00,440.10,450.00,449.22,"20,999.00",473.00,"9,433,258.80",171,-23.0,29.9,-4.86,6.79,0.17,538.10,452.28,763.40,167.00,12_05_2021
BARUN,40.92,445.00,470.00,419.00,464.00,442.49,"28,303.00",450.00,"12,523,824.00",240,14.0,51.00,3.11,12.17,4.64,538.40,453.65,763.40,167.00,12_06_2021
BARUN,41.23,468.60,483.00,442.00,444.00,460.61,"24,170.00",464.00,"11,132,851.10",170,-20.0,41.00,-4.31,9.28,-3.74,538.56,454.82,763.40,167.00,12_07_2021
BARUN,40.08,203.10,206.80,201.00,203.90,202.54,"15,060.00",205.00,"3,050,282.20",122,-1.1,5.8,-0.54,2.89,0.67,288.77,342.83,595.00,200.00,12_07_2022
BARUN,33.63,436.10,448.00,408.90,421.00,430.91,"15,435.00",444.00,"6,651,106.60",128,-23.0,39.10,-5.18,9.56,-2.35,538.36,455.88,763.40,167.00,12_08_2021
BARUN,28.2,412.70,433.00,412.70,421.00,419.24,"14,114.00",421.00,"5,917,221.50",126,0.0,20.3,0.0,4.92,0.42,537.80,456.91,763.40,167.00,12_09_2021
BARUN,27.13,412.70,433.00,412.70,421.00,419.24,"14,114.00",421.00,"5,917,221.50",126,0.0,20.3,0.0,4.92,0.42,537.80,456.91,763.40,167.00,12_10_2021
BARUN,27.13,412.70,433.00,412.70,421.00,419.24,"14,114.00",421.00,"5,917,221.50",126,0.0,20.3,0.0,4.92,0.42,537.80,456.91,763.40,167.00,12_11_2021
BARUN,26.48,420.00,421.00,396.00,396.00,402.46,"14,008.00",421.00,"5,637,634.60",129,-25.00,25.00,-5.94,6.31,-1.63,536.62,457.80,763.40,167.00,12_12_2021
BARUN,28.57,388.10,398.00,358.10,368.00,375.59,"23,403.00",396.00,"8,789,955.20",202,-28.00,39.90,-7.07,11.14,-2.06,534.77,458.56,763.40,167.00,12_13_2021
BARUN,29.72,375.00,404.80,375.00,404.80,395.75,"15,851.00",368.00,"6,272,999.50",103,36.80,29.80,10.0,7.95,2.24,532.99,459.55,763.40,167.00,12_14_2021
BARUN,42.24,412.00,445.00,396.00,411.10,423.59,"21,203.00",404.80,"8,981,477.50",230,6.3,49.0,1.56,12.37,-3.04,531.04,460.55,763.40,167.00,12_15_2021
BARUN,42.42,411.00,417.00,394.80,395.00,402.72,"13,378.00",411.10,"5,387,617.50",128,-16.1,22.2,-3.92,5.62,-1.95,529.33,461.46,763.40,167.00,12_16_2021
BARUN,43.28,411.00,417.00,394.80,395.00,402.72,"13,378.00",411.10,"5,387,617.50",128,-16.1,22.2,-3.92,5.62,-1.95,529.33,461.46,763.40,167.00,12_17_2021
BARUN,43.28,411.00,417.00,394.80,395.00,402.72,"13,378.00",411.10,"5,387,617.50",128,-16.1,22.2,-3.92,5.62,-1.95,529.33,461.46,763.40,167.00,12_18_2021
BARUN,43.28,411.00,417.00,394.80,395.00,402.72,"13,378.00",411.10,"5,387,617.50",128,-16.1,22.2,-3.92,5.62,-1.95,529.33,461.46,763.40,167.00,12_19_2021
BARUN,40.59,395.00,402.00,388.10,402.00,391.57,"9,601.00",395.00,"3,759,476.70",93,7.0,13.9,1.77,3.58,2.59,528.04,462.42,763.40,167.00,12_20_2021
BARUN,44.32,402.00,410.00,395.00,410.00,403.68,"8,444.00",402.00,"3,408,633.00",84,8.0,15.00,1.99,3.8,1.54,526.78,463.42,763.40,167.00,12_21_2021
BARUN,44.79,418.00,451.00,411.00,451.00,436.80,"34,994.00",410.00,"15,285,356.40",313,41.0,40.0,10.0,9.73,3.15,526.27,464.66,763.40,167.00,12_22_2021
BARUN,53.66,460.00,496.00,460.00,493.00,489.66,"101,191.00",451.00,"49,549,331.00",868,42.0,36.0,9.31,7.83,0.68,526.05,466.10,763.40,167.00,12_23_2021
BARUN,58.88,460.00,496.00,460.00,493.00,489.66,"101,191.00",451.00,"49,549,331.00",868,42.0,36.0,9.31,7.83,0.68,526.05,466.10,763.40,167.00,12_24_2021
BARUN,58.88,460.00,496.00,460.00,493.00,489.66,"101,191.00",451.00,"49,549,331.00",868,42.0,36.0,9.31,7.83,0.68,526.05,466.10,763.40,167.00,12_25_2021
BARUN,57.25,502.80,518.00,479.00,485.00,494.38,"38,974.00",493.00,"19,268,076.80",421,-8.00,39.00,-1.62,8.14,-1.93,525.32,467.50,763.40,167.00,12_26_2021
BARUN,55.1,487.00,488.00,458.00,459.00,469.19,"33,431.00",485.00,"15,685,475.00",322,-26.0,30.00,-5.36,6.55,-2.22,524.53,468.74,763.40,167.00,12_27_2021
BARUN,54.6,459.00,468.00,448.00,461.00,458.33,"23,474.00",459.00,"10,758,752.30",213,2.0,20.0,0.44,4.46,0.58,523.97,469.94,763.40,167.00,12_28_2021
BARUN,52.36,468.00,470.00,455.00,462.00,461.77,"9,349.00",461.00,"4,317,060.00",112,1.0,15.00,0.22,3.3,0.05,523.36,471.14,763.40,167.00,12_29_2021
BARUN,35.57,468.00,470.00,455.00,462.00,461.77,"9,349.00",461.00,"4,317,060.00",112,1.0,15.00,0.22,3.3,0.05,523.36,471.14,763.40,167.00,12_30_2021
BARUN,35.57,468.00,470.00,455.00,462.00,461.77,"9,349.00",461.00,"4,317,060.00",112,1.0,15.00,0.22,3.3,0.05,523.36,471.14,763.40,167.00,12_31_2021
