BPCL,36.2,417.00,417.20,408.00,415.00,412.27,"20,136.00",409.10,"8,301,377.50",155,5.9,9.20,1.44,2.25,0.66,522.09,502.02,703.00,380.00,01_01_2022
BPCL,37.74,415.00,416.00,410.00,415.00,413.03,"10,830.00",415.00,"4,473,113.30",111,0.00,6.00,0.0,1.46,0.47,521.27,502.09,703.00,380.00,01_02_2022
BPCL,43.73,415.00,419.90,414.00,418.00,416.02,"13,872.00",415.00,"5,770,963.20",147,3.0,5.90,0.72,1.43,0.47,520.54,502.15,703.00,380.00,01_03_2022
BPCL,51.33,412.00,425.00,410.00,424.00,419.73,"15,929.00",418.00,"6,685,849.10",136,6.0,15.00,1.44,3.66,1.01,519.91,502.22,703.00,380.00,01_04_2022
BPCL,54.42,430.00,445.00,421.40,425.00,429.51,"25,832.00",424.00,"11,095,196.00",188,1.0,23.6,0.24,5.6,-1.06,519.14,502.31,703.00,380.00,01_05_2022
BPCL,57.55,420.00,433.00,420.00,430.90,428.39,"13,157.00",425.00,"5,636,316.30",142,5.90,13.00,1.39,3.1,0.58,518.43,502.22,703.00,380.00,01_06_2022
BPCL,54.53,420.00,433.00,420.00,430.90,428.39,"13,157.00",425.00,"5,636,316.30",142,5.90,13.00,1.39,3.1,0.58,518.43,502.22,703.00,380.00,01_07_2022
BPCL,54.53,420.00,433.00,420.00,430.90,428.39,"13,157.00",425.00,"5,636,316.30",142,5.90,13.00,1.39,3.1,0.58,518.43,502.22,703.00,380.00,01_08_2022
BPCL,55.01,439.00,453.00,431.00,451.00,444.09,"47,660.00",430.90,"21,165,109.30",428,20.1,22.00,4.66,5.1,1.53,517.97,502.33,703.00,380.00,01_09_2022
BPCL,61.25,455.00,464.00,445.00,449.50,453.87,"38,615.00",451.00,"17,526,233.40",266,-1.5,19.00,-0.33,4.27,-0.97,517.51,502.48,703.00,380.00,01_10_2022
BPCL,63.69,450.00,488.00,446.00,457.00,454.81,"31,544.00",449.50,"14,346,406.90",277,7.5,42.00,1.67,9.42,0.48,517.18,502.69,703.00,380.00,01_11_2022
BPCL,63.93,460.00,474.90,450.00,454.00,461.73,"32,648.00",457.00,"15,074,528.30",333,-3.0,24.90,-0.66,5.53,-1.7,516.81,502.85,703.00,380.00,01_12_2022
BPCL,58.6,457.00,465.00,448.00,459.00,457.84,"24,014.00",454.00,"10,994,573.10",247,5.0,17.0,1.1,3.79,0.25,516.40,503.03,703.00,380.00,01_13_2022
BPCL,57.33,457.00,465.00,448.00,459.00,457.84,"24,014.00",454.00,"10,994,573.10",247,5.0,17.0,1.1,3.79,0.25,516.40,503.03,703.00,380.00,01_14_2022
BPCL,57.33,457.00,465.00,448.00,459.00,457.84,"24,014.00",454.00,"10,994,573.10",247,5.0,17.0,1.1,3.79,0.25,516.40,503.03,703.00,380.00,01_15_2022
BPCL,58.53,468.00,485.00,468.00,479.00,477.11,"46,913.00",459.00,"22,382,894.40",398,20.0,17.0,4.36,3.63,0.39,516.22,503.34,703.00,380.00,01_16_2022
BPCL,68.46,481.00,481.00,466.00,476.00,472.61,"31,568.00",479.00,"14,919,332.20",312,-3.0,15.0,-0.63,3.22,0.71,516.02,503.65,703.00,380.00,01_17_2022
BPCL,67.97,485.00,485.50,461.00,473.00,469.62,"28,469.00",476.00,"13,369,513.40",317,-3.0,24.5,-0.63,5.31,0.72,515.77,503.95,703.00,380.00,01_18_2022
BPCL,67.51,474.00,474.00,460.00,460.00,463.25,"25,754.00",473.00,"11,930,551.70",273,-13.0,14.0,-2.75,3.04,-0.71,515.39,504.19,703.00,380.00,01_19_2022
BPCL,61.14,460.00,466.00,452.00,465.00,460.95,"19,267.00",460.00,"8,881,133.30",221,5.0,14.0,1.09,3.1,0.87,514.96,504.44,703.00,380.00,01_20_2022
BPCL,48.44,460.00,466.00,452.00,465.00,460.95,"19,267.00",460.00,"8,881,133.30",221,5.0,14.0,1.09,3.1,0.87,514.96,504.44,703.00,380.00,01_21_2022
BPCL,48.44,460.00,466.00,452.00,465.00,460.95,"19,267.00",460.00,"8,881,133.30",221,5.0,14.0,1.09,3.1,0.87,514.96,504.44,703.00,380.00,01_22_2022
BPCL,50.27,474.00,474.00,451.00,459.00,458.25,"30,667.00",465.00,"14,053,162.30",294,-6.0,23.00,-1.29,5.1,0.16,514.46,504.73,703.00,383.00,01_23_2022
BPCL,51.69,450.00,455.00,436.00,437.00,442.05,"54,678.00",459.00,"24,170,271.20",550,-22.0,19.0,-4.79,4.36,-1.16,513.76,504.94,703.00,383.00,01_24_2022
BPCL,53.23,430.00,450.00,426.00,435.00,438.92,"26,212.00",437.00,"11,504,910.30",309,-2.0,24.00,-0.46,5.63,-0.9,512.98,505.09,703.00,383.00,01_25_2022
BPCL,47.45,430.50,438.00,426.50,426.50,430.48,"31,305.00",435.00,"13,476,203.70",306,-8.5,11.5,-1.95,2.7,-0.93,512.15,505.21,703.00,383.00,01_26_2022
BPCL,46.32,430.00,438.00,425.20,426.00,428.47,"20,457.00",426.50,"8,765,162.40",269,-0.5,12.8,-0.12,3.01,-0.58,511.24,505.29,703.00,383.00,01_27_2022
BPCL,43.75,430.00,438.00,425.20,426.00,428.47,"20,457.00",426.50,"8,765,162.40",269,-0.5,12.8,-0.12,3.01,-0.58,511.24,505.29,703.00,383.00,01_28_2022
BPCL,43.75,430.00,438.00,425.20,426.00,428.47,"20,457.00",426.50,"8,765,162.40",269,-0.5,12.8,-0.12,3.01,-0.58,511.24,505.29,703.00,383.00,01_29_2022
BPCL,44.95,434.50,450.00,434.50,450.00,443.97,"28,859.00",426.00,"12,812,454.50",308,24.0,15.5,5.63,3.57,1.34,510.34,505.42,703.00,383.00,01_30_2022
BPCL,56.37,455.00,462.00,436.20,440.00,445.09,"21,078.00",450.00,"9,381,544.10",258,-10.0,25.8,-2.22,5.91,-1.16,509.37,505.51,703.00,383.00,01_31_2022
BPCL,54.27,442.00,456.90,438.00,454.00,449.40,"30,293.00",440.00,"13,613,532.70",302,14.0,18.9,3.18,4.32,1.01,508.58,505.68,703.00,383.00,02_01_2022
BPCL,62.5,442.00,456.90,438.00,454.00,449.40,"30,293.00",440.00,"13,613,532.70",302,14.0,18.9,3.18,4.32,1.01,508.58,505.68,703.00,383.00,02_02_2022
BPCL,62.44,463.00,473.00,460.00,460.70,464.55,"54,529.00",454.00,"25,331,192.70",505,6.7,13.0,1.48,2.83,-0.83,507.75,505.89,703.00,383.00,02_03_2022
BPCL,63.41,463.00,473.00,460.00,460.70,464.55,"54,529.00",454.00,"25,331,192.70",505,6.7,13.0,1.48,2.83,-0.83,507.75,505.89,703.00,383.00,02_04_2022
BPCL,63.41,463.00,473.00,460.00,460.70,464.55,"54,529.00",454.00,"25,331,192.70",505,6.7,13.0,1.48,2.83,-0.83,507.75,505.89,703.00,383.00,02_05_2022
BPCL,63.26,455.00,468.00,455.00,460.00,459.23,"38,775.00",460.70,"17,806,654.30",301,-0.70,13.0,-0.15,2.86,0.17,506.89,506.13,703.00,383.00,02_06_2022
BPCL,55.15,460.00,465.00,455.20,456.00,460.06,"19,615.00",460.00,"9,024,163.20",227,-4.0,9.8,-0.87,2.15,-0.89,506.00,506.37,703.00,383.00,02_07_2022
BPCL,57.55,465.10,473.00,455.00,457.00,462.57,"26,186.00",456.00,"12,112,811.60",293,1.0,18.0,0.22,3.96,-1.22,504.89,506.61,703.00,383.00,02_08_2022
BPCL,54.32,448.00,455.00,444.10,445.00,446.58,"13,824.00",457.00,"6,173,571.60",197,-12.0,10.9,-2.63,2.45,-0.36,503.48,506.77,703.00,383.00,02_09_2022
BPCL,42.84,453.00,453.00,434.20,439.00,439.27,"17,098.00",445.00,"7,510,584.70",204,-6.0,18.8,-1.35,4.33,-0.06,501.57,506.91,703.00,383.00,02_10_2022
BPCL,40.51,453.00,453.00,434.20,439.00,439.27,"17,098.00",445.00,"7,510,584.70",204,-6.0,18.8,-1.35,4.33,-0.06,501.57,506.91,703.00,383.00,02_11_2022
BPCL,40.51,453.00,453.00,434.20,439.00,439.27,"17,098.00",445.00,"7,510,584.70",204,-6.0,18.8,-1.35,4.33,-0.06,501.57,506.91,703.00,383.00,02_12_2022
BPCL,41.67,420.00,432.90,420.00,427.00,428.71,"17,103.00",425.00,"7,332,281.00",174,2.0,12.9,0.47,3.07,-0.4,497.57,506.97,703.00,383.00,02_14_2022
BPCL,36.28,430.00,438.00,422.00,435.00,429.63,"28,269.00",427.00,"12,145,197.50",204,8.0,16.0,1.87,3.79,1.23,495.70,507.02,703.00,383.00,02_15_2022
BPCL,49.89,443.70,443.70,428.50,429.00,434.23,"13,235.00",435.00,"5,747,008.50",179,-6.0,15.2,-1.38,3.55,-1.22,493.82,506.79,703.00,383.00,02_16_2022
BPCL,43.67,435.00,435.00,426.00,429.10,430.26,"6,150.00",429.00,"2,646,094.80",86,0.1,9.0,0.02,2.11,-0.27,492.23,506.66,703.00,383.00,02_17_2022
BPCL,46.85,435.00,435.00,426.00,429.10,430.26,"6,150.00",429.00,"2,646,094.80",86,0.1,9.0,0.02,2.11,-0.27,492.23,506.66,703.00,383.00,02_18_2022
BPCL,46.85,435.00,435.00,426.00,429.10,430.26,"6,150.00",429.00,"2,646,094.80",86,0.1,9.0,0.02,2.11,-0.27,492.23,506.66,703.00,383.00,02_19_2022
BPCL,46.43,427.00,430.00,411.00,427.80,423.73,"19,040.00",429.10,"8,067,817.30",217,-1.3,19.0,-0.3,4.62,0.95,490.61,506.49,703.00,383.00,02_20_2022
BPCL,46.59,430.00,449.30,422.70,438.50,432.22,"59,864.00",427.80,"25,874,169.00",310,10.7,26.6,2.5,6.29,1.43,488.98,506.40,703.00,383.00,02_21_2022
BPCL,54.77,445.80,447.00,437.60,439.00,441.24,"15,520.00",438.50,"6,848,074.30",191,0.5,9.4,0.11,2.15,-0.51,487.34,506.25,703.00,383.00,02_22_2022
BPCL,53.97,447.70,447.70,435.10,437.00,439.45,"16,537.00",439.00,"7,267,262.70",177,-2.0,12.6,-0.46,2.9,-0.56,485.84,506.01,703.00,383.00,02_23_2022
BPCL,51.21,432.00,436.90,425.00,425.00,427.82,"30,993.00",437.00,"13,259,498.20",330,-12.0,11.9,-2.75,2.8,-0.66,484.45,505.45,703.00,383.00,02_24_2022
BPCL,36.87,432.00,436.90,425.00,425.00,427.82,"30,993.00",437.00,"13,259,498.20",330,-12.0,11.9,-2.75,2.8,-0.66,484.45,505.45,703.00,383.00,02_25_2022
BPCL,36.87,432.00,436.90,425.00,425.00,427.82,"30,993.00",437.00,"13,259,498.20",330,-12.0,11.9,-2.75,2.8,-0.66,484.45,505.45,703.00,383.00,02_26_2022
BPCL,36.52,425.00,435.00,420.00,431.00,429.38,"30,306.00",425.00,"13,012,746.30",298,6.0,15.00,1.41,3.57,0.38,483.15,504.75,703.00,383.00,02_27_2022
BPCL,36.66,439.60,448.30,424.00,425.00,434.29,"39,974.00",431.00,"17,360,167.70",428,-6.0,24.30,-1.39,5.73,-2.19,481.49,504.22,703.00,383.00,02_28_2022
BPCL,41.52,439.60,448.30,424.00,425.00,434.29,"39,974.00",431.00,"17,360,167.70",428,-6.0,24.30,-1.39,5.73,-2.19,481.49,504.22,703.00,383.00,03_01_2022
BPCL,41.35,425.00,425.00,410.00,410.00,415.98,"24,331.00",425.00,"10,121,178.90",271,-15.0,15.00,-3.53,3.66,-1.46,479.83,503.64,703.00,383.00,03_02_2022
BPCL,34.63,425.00,425.00,410.00,410.00,415.98,"24,331.00",425.00,"10,121,178.90",271,-15.0,15.00,-3.53,3.66,-1.46,479.83,503.64,703.00,383.00,03_03_2022
BPCL,34.63,425.00,425.00,410.00,410.00,415.98,"24,331.00",425.00,"10,121,178.90",271,-15.0,15.00,-3.53,3.66,-1.46,479.83,503.64,703.00,383.00,03_04_2022
BPCL,34.63,425.00,425.00,410.00,410.00,415.98,"24,331.00",425.00,"10,121,178.90",271,-15.0,15.00,-3.53,3.66,-1.46,479.83,503.64,703.00,383.00,03_05_2022
BPCL,32.01,405.00,416.00,403.00,405.30,409.12,"17,391.00",410.00,"7,114,929.60",242,-4.7,13.0,-1.15,3.23,-0.94,478.31,502.89,703.00,383.00,03_06_2022
BPCL,37.76,410.00,413.00,404.00,405.00,407.35,"11,115.00",405.30,"4,527,653.50",187,-0.3,9.0,-0.07,2.23,-0.58,476.78,502.23,703.00,383.00,03_07_2022
BPCL,33.24,410.00,413.00,404.00,405.00,407.35,"11,115.00",405.30,"4,527,653.50",187,-0.3,9.0,-0.07,2.23,-0.58,476.78,502.23,703.00,383.00,03_08_2022
BPCL,32.79,405.90,406.00,397.00,399.00,399.86,"20,925.00",405.00,"8,367,064.30",290,-6.0,9.0,-1.48,2.27,-0.22,475.31,501.57,703.00,383.00,03_09_2022
BPCL,35.51,400.00,410.90,395.00,410.00,405.64,"14,990.00",399.00,"6,080,512.30",185,11.0,15.9,2.76,4.03,1.06,474.27,500.96,703.00,383.00,03_10_2022
BPCL,42.27,400.00,410.90,395.00,410.00,405.64,"14,990.00",399.00,"6,080,512.30",185,11.0,15.9,2.76,4.03,1.06,474.27,500.96,703.00,383.00,03_11_2022
BPCL,42.27,400.00,410.90,395.00,410.00,405.64,"14,990.00",399.00,"6,080,512.30",185,11.0,15.9,2.76,4.03,1.06,474.27,500.96,703.00,383.00,03_12_2022
BPCL,44.22,412.00,426.00,412.00,421.00,420.59,"21,017.00",410.00,"8,839,463.30",299,11.00,14.00,2.68,3.4,0.1,472.89,500.39,703.00,383.00,03_13_2022
BPCL,51.41,425.00,425.00,415.00,419.00,418.55,"3,889.00",421.00,"1,627,734.00",53,-2.0,10.0,-0.48,2.41,0.11,471.59,499.79,703.00,383.00,03_14_2022
BPCL,47.72,424.90,424.90,411.00,412.00,413.87,"18,574.00",419.00,"7,687,151.80",213,-7.0,13.9,-1.67,3.38,-0.45,470.38,499.09,703.00,383.00,03_15_2022
BPCL,50.84,415.00,426.30,408.00,415.00,417.11,"15,263.00",412.00,"6,366,382.20",196,3.0,18.3,0.73,4.49,-0.51,469.21,498.27,703.00,383.00,03_16_2022
BPCL,49.65,415.00,426.30,408.00,415.00,417.11,"15,263.00",412.00,"6,366,382.20",196,3.0,18.3,0.73,4.49,-0.51,469.21,498.27,703.00,383.00,03_17_2022
BPCL,49.65,415.00,426.30,408.00,415.00,417.11,"15,263.00",412.00,"6,366,382.20",196,3.0,18.3,0.73,4.49,-0.51,469.21,498.27,703.00,383.00,03_18_2022
BPCL,49.65,415.00,426.30,408.00,415.00,417.11,"15,263.00",412.00,"6,366,382.20",196,3.0,18.3,0.73,4.49,-0.51,469.21,498.27,703.00,383.00,03_19_2022
BPCL,51.92,415.00,420.00,407.00,410.00,409.77,"10,169.00",415.00,"4,166,924.60",185,-5.0,13.0,-1.2,3.19,0.06,467.70,497.49,703.00,385.00,03_20_2022
BPCL,35.28,409.00,419.00,408.30,417.00,414.14,"11,603.00",410.00,"4,805,318.50",154,7.00,10.7,1.71,2.62,0.68,466.31,496.82,703.00,385.00,03_21_2022
BPCL,47.87,424.00,424.00,415.00,415.50,416.76,"14,112.00",417.00,"5,881,322.30",163,-1.5,9.0,-0.36,2.17,-0.3,464.99,496.24,703.00,385.00,03_22_2022
BPCL,53.51,420.00,420.00,410.00,411.00,412.10,"6,597.00",415.50,"2,718,627.60",111,-4.5,10.0,-1.08,2.44,-0.27,463.71,495.56,703.00,385.00,03_23_2022
BPCL,42.11,415.00,415.00,408.00,410.00,409.89,"21,917.00",411.00,"8,983,604.90",164,-1.0,7.0,-0.24,1.72,0.03,462.60,494.96,703.00,385.00,03_24_2022
BPCL,42.11,415.00,415.00,408.00,410.00,409.89,"21,917.00",411.00,"8,983,604.90",164,-1.0,7.0,-0.24,1.72,0.03,462.60,494.96,703.00,385.00,03_24_2022
BPCL,42.11,415.00,415.00,408.00,410.00,409.89,"21,917.00",411.00,"8,983,604.90",164,-1.0,7.0,-0.24,1.72,0.03,462.60,494.96,703.00,385.00,03_24_2022
BPCL,42.11,415.00,415.00,408.00,410.00,409.89,"21,917.00",411.00,"8,983,604.90",164,-1.0,7.0,-0.24,1.72,0.03,462.60,494.96,703.00,385.00,03_24_2022
BPCL,49.24,415.00,415.00,408.00,410.00,409.89,"21,917.00",411.00,"8,983,604.90",164,-1.0,7.0,-0.24,1.72,0.03,462.60,494.96,703.00,385.00,03_25_2022
BPCL,49.24,415.00,415.00,408.00,410.00,409.89,"21,917.00",411.00,"8,983,604.90",164,-1.0,7.0,-0.24,1.72,0.03,462.60,494.96,703.00,385.00,03_26_2022
BPCL,48.59,417.00,417.00,401.10,402.00,403.60,"13,809.00",410.00,"5,573,258.50",184,-8.0,15.90,-1.95,3.96,-0.4,461.70,494.47,703.00,385.00,03_27_2022
BPCL,38.75,405.00,405.00,398.00,400.30,401.34,"15,604.00",402.00,"6,262,493.40",172,-1.7,7.0,-0.42,1.76,-0.26,460.80,493.84,703.00,385.00,03_28_2022
BPCL,41.53,404.00,405.00,398.00,401.00,399.84,"16,129.00",400.30,"6,449,072.30",166,0.7,7.0,0.17,1.76,0.29,459.67,493.27,703.00,385.00,03_29_2022
BPCL,43.21,400.00,407.00,399.00,406.00,402.63,"7,822.00",401.00,"3,149,370.20",122,5.0,8.0,1.25,2.01,0.83,458.62,492.75,703.00,385.00,03_30_2022
BPCL,41.81,413.00,413.00,400.20,401.00,403.07,"7,312.00",406.00,"2,947,277.10",126,-5.0,12.8,-1.23,3.2,-0.52,457.70,492.06,703.00,395.00,03_31_2022
BPCL,43.55,413.00,413.00,400.20,401.00,403.07,"7,312.00",406.00,"2,947,277.10",126,-5.0,12.8,-1.23,3.2,-0.52,457.70,492.06,703.00,395.00,04_01_2022
BPCL,43.55,413.00,413.00,400.20,401.00,403.07,"7,312.00",406.00,"2,947,277.10",126,-5.0,12.8,-1.23,3.2,-0.52,457.70,492.06,703.00,395.00,04_02_2022
BPCL,41.85,400.00,400.00,396.00,397.00,397.76,"7,806.00",401.00,"3,104,944.60",136,-4.0,4.0,-1.0,1.01,-0.19,456.84,491.41,703.00,395.00,04_03_2022
BPCL,40.58,398.00,399.00,387.20,395.00,395.35,"12,918.00",397.00,"5,107,141.80",173,-2.0,11.8,-0.5,3.05,-0.09,456.15,490.80,703.00,387.20,04_04_2022
BPCL,39.50,397.20,397.20,385.00,387.00,388.04,"21,031.00",395.00,"8,160,779.10",251,-8.0,12.20,-2.03,3.17,-0.27,455.21,490.17,703.00,385.00,04_05_2022
BPCL,33.61,385.00,388.00,373.00,379.00,377.12,"36,420.00",387.00,"13,734,672.90",281,-8.0,15.0,-2.07,4.02,0.5,454.29,489.40,703.00,373.00,04_06_2022
BPCL,36.38,378.10,385.00,376.50,384.00,382.29,"12,595.00",379.00,"4,814,933.10",167,5.0,8.5,1.32,2.26,0.45,453.50,488.67,703.00,373.00,04_07_2022
BPCL,33.57,378.10,385.00,376.50,384.00,382.29,"12,595.00",379.00,"4,814,933.10",167,5.0,8.5,1.32,2.26,0.45,453.50,488.67,703.00,373.00,04_08_2022
BPCL,33.57,378.10,385.00,376.50,384.00,382.29,"12,595.00",379.00,"4,814,933.10",167,5.0,8.5,1.32,2.26,0.45,453.50,488.67,703.00,373.00,04_09_2022
BPCL,33.57,378.10,385.00,376.50,384.00,382.29,"12,595.00",379.00,"4,814,933.10",167,5.0,8.5,1.32,2.26,0.45,453.50,488.67,703.00,373.00,04_10_2022
BPCL,33.23,391.60,395.00,375.00,375.10,381.40,"16,790.00",384.00,"6,403,775.30",200,-8.9,20.0,-2.32,5.33,-1.68,452.74,487.94,703.00,373.00,04_11_2022
BPCL,35.46,371.00,379.00,366.10,372.00,370.27,"14,951.00",375.10,"5,535,954.40",187,-3.1,12.9,-0.83,3.52,0.46,451.84,487.21,703.00,366.10,04_12_2022
BPCL,38.05,375.00,382.30,365.00,376.00,372.57,"10,552.00",372.00,"3,931,393.10",130,4.00,17.3,1.08,4.74,0.91,450.88,486.54,703.00,365.00,04_13_2022
BPCL,40.99,375.00,382.30,365.00,376.00,372.57,"10,552.00",372.00,"3,931,393.10",130,4.00,17.3,1.08,4.74,0.91,450.88,486.54,703.00,365.00,04_14_2022
BPCL,40.99,375.00,382.30,365.00,376.00,372.57,"10,552.00",372.00,"3,931,393.10",130,4.00,17.3,1.08,4.74,0.91,450.88,486.54,703.00,365.00,04_15_2022
BPCL,40.99,375.00,382.30,365.00,376.00,372.57,"10,552.00",372.00,"3,931,393.10",130,4.00,17.3,1.08,4.74,0.91,450.88,486.54,703.00,365.00,04_16_2022
BPCL,43.57,383.50,387.00,375.10,377.00,380.53,"7,540.00",376.00,"2,869,208.60",119,1.00,11.9,0.27,3.17,-0.94,449.85,485.86,703.00,365.00,04_17_2022
BPCL,37.4,370.00,378.00,370.00,372.90,374.42,"7,937.00",377.00,"2,971,746.30",123,-4.1,8.00,-1.09,2.16,-0.41,448.78,485.11,703.00,365.00,04_18_2022
BPCL,38.29,378.00,380.00,363.00,371.00,370.19,"8,495.00",372.90,"3,144,784.90",117,-1.9,17.0,-0.51,4.68,0.22,447.70,484.39,703.00,363.00,04_19_2022
BPCL,39.21,367.00,374.30,367.00,367.10,370.01,"10,502.00",371.00,"3,885,864.30",126,-3.9,7.3,-1.05,1.99,-0.79,446.72,483.65,703.00,363.00,04_20_2022
BPCL,37.06,365.00,369.00,363.00,366.00,365.18,"9,966.00",367.10,"3,639,339.20",136,-1.1,6.00,-0.3,1.65,0.23,445.91,482.89,703.00,363.00,04_21_2022
BPCL,36.89,365.00,369.00,363.00,366.00,365.18,"9,966.00",367.10,"3,639,339.20",136,-1.1,6.00,-0.3,1.65,0.23,445.91,482.89,703.00,363.00,04_22_2022
BPCL,36.89,365.00,369.00,363.00,366.00,365.18,"9,966.00",367.10,"3,639,339.20",136,-1.1,6.00,-0.3,1.65,0.23,445.91,482.89,703.00,363.00,04_23_2022
BPCL,37.42,373.30,392.00,368.00,385.00,381.59,"13,107.00",366.00,"5,001,488.40",169,19.00,24.00,5.19,6.52,0.89,445.18,482.22,703.00,363.00,04_24_2022
BPCL,46.63,392.00,393.00,380.00,380.00,385.01,"13,599.00",385.00,"5,235,795.30",187,-5.0,13.0,-1.3,3.42,-1.32,444.46,481.46,703.00,363.00,04_25_2022
BPCL,46.55,380.00,386.00,376.00,378.00,379.82,"5,707.00",380.00,"2,167,605.10",72,-2.0,10.0,-0.53,2.66,-0.48,443.69,480.68,703.00,363.00,04_26_2022
BPCL,43.43,379.90,382.00,371.00,379.00,377.77,"2,919.00",378.00,"1,102,713.90",56,1.0,11.0,0.26,2.96,0.32,442.70,479.89,703.00,363.00,04_27_2022
BPCL,40.27,375.00,380.00,375.00,376.50,377.77,"5,862.00",379.00,"2,214,488.70",74,-2.5,5.0,-0.66,1.33,-0.34,441.52,479.04,703.00,363.00,04_28_2022
BPCL,31.75,375.00,380.00,375.00,376.50,377.77,"5,862.00",379.00,"2,214,488.70",74,-2.5,5.0,-0.66,1.33,-0.34,441.52,479.04,703.00,363.00,04_29_2022
BPCL,31.75,375.00,380.00,375.00,376.50,377.77,"5,862.00",379.00,"2,214,488.70",74,-2.5,5.0,-0.66,1.33,-0.34,441.52,479.04,703.00,363.00,04_30_2022
BPCL,31.75,375.00,380.00,375.00,376.50,377.77,"5,862.00",379.00,"2,214,488.70",74,-2.5,5.0,-0.66,1.33,-0.34,441.52,479.04,703.00,363.00,05_01_2022
BPCL,33.15,370.00,374.40,366.00,369.00,368.82,"6,490.00",376.50,"2,393,671.10",117,-7.5,8.4,-1.99,2.3,0.05,440.29,478.17,703.00,363.00,05_02_2022
BPCL,34.63,370.00,374.40,366.00,369.00,368.82,"6,490.00",376.50,"2,393,671.10",117,-7.5,8.4,-1.99,2.3,0.05,440.29,478.17,703.00,363.00,05_03_2022
BPCL,33.72,366.00,370.00,360.00,364.00,362.98,"13,628.00",369.00,"4,946,680.70",144,-5.0,10.0,-1.36,2.78,0.28,439.02,477.22,703.00,360.00,05_04_2022
BPCL,34.94,360.00,368.00,357.70,359.00,361.20,"8,460.00",364.00,"3,055,781.90",132,-5.0,10.3,-1.37,2.88,-0.61,437.49,476.11,703.00,357.70,05_05_2022
BPCL,29.36,360.00,368.00,357.70,359.00,361.20,"8,460.00",364.00,"3,055,781.90",132,-5.0,10.3,-1.37,2.88,-0.61,437.49,476.11,703.00,357.70,05_06_2022
BPCL,29.36,360.00,368.00,357.70,359.00,361.20,"8,460.00",364.00,"3,055,781.90",132,-5.0,10.3,-1.37,2.88,-0.61,437.49,476.11,703.00,357.70,05_07_2022
BPCL,29.36,359.00,361.00,353.10,361.00,355.16,"7,238.00",359.00,"2,570,629.60",112,2.0,7.90,0.56,2.24,1.62,436.01,475.03,703.00,353.10,05_08_2022
BPCL,31.02,361.00,371.30,360.00,367.10,367.48,"11,794.00",361.00,"4,334,115.80",128,6.1,11.3,1.69,3.14,-0.1,434.60,474.02,703.00,353.10,05_09_2022
BPCL,39.31,364.90,375.00,357.70,372.80,370.27,"13,987.00",367.10,"5,178,957.60",144,5.7,17.3,1.55,4.84,0.68,433.29,472.98,703.00,353.10,05_10_2022
BPCL,46.6,380.00,385.00,372.00,385.00,379.20,"10,779.00",372.80,"4,087,428.70",135,12.2,13.0,3.27,3.49,1.51,432.03,471.99,703.00,353.10,05_11_2022
BPCL,47.32,385.40,392.70,379.00,379.00,384.06,"11,266.00",385.00,"4,326,812.90",130,-6.0,13.7,-1.56,3.61,-1.33,430.90,470.97,703.00,353.10,05_12_2022
BPCL,46.9,385.40,392.70,379.00,379.00,384.06,"11,266.00",385.00,"4,326,812.90",130,-6.0,13.7,-1.56,3.61,-1.33,430.90,470.97,703.00,353.10,05_13_2022
BPCL,46.9,385.40,392.70,379.00,379.00,384.06,"11,266.00",385.00,"4,326,812.90",130,-6.0,13.7,-1.56,3.61,-1.33,430.90,470.97,703.00,353.10,05_14_2022
BPCL,46.9,385.40,392.70,379.00,379.00,384.06,"11,266.00",385.00,"4,326,812.90",130,-6.0,13.7,-1.56,3.61,-1.33,430.90,470.97,703.00,353.10,05_15_2022
BPCL,46.9,385.40,392.70,379.00,379.00,384.06,"11,266.00",385.00,"4,326,812.90",130,-6.0,13.7,-1.56,3.61,-1.33,430.90,470.97,703.00,353.10,05_16_2022
BPCL,48.25,379.00,379.00,365.00,367.70,369.85,"6,301.00",379.00,"2,330,436.90",98,-11.30,14.0,-2.98,3.84,-0.59,429.82,469.73,703.00,353.10,05_17_2022
BPCL,44.63,361.20,370.00,360.00,368.10,363.53,"14,569.00",367.70,"5,296,299.90",109,0.4,10.0,0.11,2.78,1.24,428.71,468.37,703.00,353.10,05_18_2022
BPCL,36.77,374.00,380.00,364.00,364.00,367.59,"7,307.00",368.10,"2,685,972.00",86,-4.1,16.0,-1.11,4.4,-0.99,427.52,466.67,703.00,353.10,05_19_2022
BPCL,29.66,370.00,370.00,364.00,366.00,366.41,"3,529.00",364.00,"1,293,044.00",45,2.0,6.0,0.55,1.65,-0.11,426.25,464.93,703.00,353.10,05_20_2022
BPCL,26.66,370.00,370.00,364.00,366.00,366.41,"3,529.00",364.00,"1,293,044.00",45,2.0,6.0,0.55,1.65,-0.11,426.25,464.93,703.00,353.10,05_21_2022
BPCL,26.66,370.00,370.00,364.00,366.00,366.41,"3,529.00",364.00,"1,293,044.00",45,2.0,6.0,0.55,1.65,-0.11,426.25,464.93,703.00,353.10,05_22_2022
BPCL,26.41,360.30,366.00,355.00,355.00,357.26,"9,872.00",366.00,"3,526,912.00",130,-11.0,11.0,-3.01,3.1,-0.64,424.87,463.28,703.00,353.10,05_23_2022
BPCL,30.32,360.00,365.00,355.10,359.00,359.73,"9,031.00",355.00,"3,248,714.70",80,4.0,9.90,1.13,2.79,-0.2,423.61,461.61,703.00,353.10,05_24_2022
BPCL,30.26,356.00,375.50,356.00,361.60,365.44,"7,770.00",359.00,"2,839,431.70",82,2.6,19.5,0.72,5.48,-1.06,422.34,459.98,703.00,353.10,05_25_2022
BPCL,32.29,359.00,373.00,358.00,365.00,368.71,"7,721.00",361.60,"2,846,799.00",80,3.4,15.0,0.94,4.19,-1.02,421.11,458.56,703.00,353.10,05_26_2022
BPCL,39.95,361.00,366.00,361.00,363.00,362.30,"6,336.00",365.00,"2,295,539.60",86,-2.0,5.0,-0.55,1.39,0.19,419.99,457.12,703.00,353.10,05_27_2022
BPCL,43.74,361.00,366.00,361.00,363.00,362.30,"6,336.00",365.00,"2,295,539.60",86,-2.0,5.0,-0.55,1.39,0.19,419.99,457.12,703.00,353.10,05_28_2022
BPCL,43.74,361.00,366.00,361.00,363.00,362.30,"6,336.00",365.00,"2,295,539.60",86,-2.0,5.0,-0.55,1.39,0.19,419.99,457.12,703.00,353.10,05_29_2022
BPCL,43.21,363.00,365.00,356.10,357.50,358.36,"4,413.00",363.00,"1,581,441.50",77,-5.5,8.9,-1.52,2.5,-0.24,418.76,455.59,703.00,353.10,05_30_2022
BPCL,35.65,352.00,360.00,348.00,351.00,352.02,"16,301.00",357.50,"5,738,221.40",141,-6.5,12.0,-1.82,3.45,-0.29,417.52,454.01,703.00,348.00,05_31_2022
BPCL,36.79,358.00,358.00,348.00,350.00,350.29,"4,212.00",351.00,"1,475,429.00",68,-1.0,10.0,-0.28,2.87,-0.08,416.39,452.52,703.00,348.00,06_01_2022
BPCL,28.87,351.00,357.00,344.00,346.00,347.93,"13,417.00",350.00,"4,668,150.10",99,-4.0,13.0,-1.14,3.78,-0.56,415.23,451.16,703.00,344.00,06_02_2022
BPCL,31.4,342.10,347.00,336.00,337.20,339.63,"14,760.00",346.00,"5,012,961.70",129,-8.8,11.0,-2.54,3.27,-0.72,414.01,449.77,703.00,336.00,06_03_2022
BPCL,31.11,342.10,347.00,336.00,337.20,339.63,"14,760.00",346.00,"5,012,961.70",129,-8.8,11.0,-2.54,3.27,-0.72,414.01,449.77,703.00,336.00,06_04_2022
BPCL,31.11,342.10,347.00,336.00,337.20,339.63,"14,760.00",346.00,"5,012,961.70",129,-8.8,11.0,-2.54,3.27,-0.72,414.01,449.77,703.00,336.00,06_05_2022
BPCL,30.69,338.00,349.00,331.30,336.00,340.25,"10,879.00",337.20,"3,701,571.10",108,-1.2,17.7,-0.36,5.34,-1.26,412.81,448.17,703.00,331.30,06_06_2022
BPCL,30.32,332.00,340.00,326.00,327.50,330.37,"11,160.00",336.00,"3,686,906.50",129,-8.5,14.0,-2.53,4.29,-0.88,411.57,446.60,703.00,326.00,06_07_2022
BPCL,29.05,325.00,343.50,321.20,341.00,335.50,"6,696.00",327.50,"2,246,488.20",102,13.5,22.30,4.12,6.94,1.61,410.58,445.23,703.00,321.20,06_08_2022
BPCL,37.48,338.00,350.00,336.40,338.00,342.30,"8,680.00",341.00,"2,971,148.00",107,-3.0,13.6,-0.88,4.04,-1.27,409.46,443.84,703.00,321.20,06_09_2022
BPCL,41.55,344.70,344.70,326.50,334.00,332.12,"5,813.00",338.00,"1,930,595.20",91,-4.0,18.2,-1.18,5.57,0.56,408.39,442.50,703.00,321.20,06_10_2022
BPCL,37.3,344.70,344.70,326.50,334.00,332.12,"5,813.00",338.00,"1,930,595.20",91,-4.0,18.2,-1.18,5.57,0.56,408.39,442.50,703.00,321.20,06_11_2022
BPCL,37.3,344.70,344.70,326.50,334.00,332.12,"5,813.00",338.00,"1,930,595.20",91,-4.0,18.2,-1.18,5.57,0.56,408.39,442.50,703.00,321.20,06_12_2022
BPCL,37.03,333.00,335.00,329.00,330.00,332.44,"4,493.00",334.00,"1,493,673.90",66,-4.0,6.0,-1.2,1.82,-0.74,407.43,441.36,703.00,321.20,06_13_2022
BPCL,38.6,326.50,328.00,323.40,325.00,325.09,"6,779.00",330.00,"2,203,794.80",97,-5.0,4.6,-1.52,1.42,-0.03,406.43,439.91,703.00,321.20,06_14_2022
BPCL,30.15,323.00,324.00,314.00,314.50,316.35,"16,684.00",325.00,"5,278,060.90",188,-10.5,10.00,-3.23,3.18,-0.59,405.47,438.46,703.00,314.00,06_15_2022
BPCL,34.62,314.00,330.00,313.00,319.00,321.07,"4,411.00",314.50,"1,416,222.40",84,4.5,17.0,1.43,5.43,-0.65,404.72,437.14,703.00,313.00,06_16_2022
BPCL,32.25,318.00,325.30,318.00,318.10,320.85,"2,338.00",319.00,"750,147.40",50,-0.9,7.3,-0.28,2.3,-0.86,403.71,435.82,703.00,313.00,06_17_2022
BPCL,30.24,318.00,325.30,318.00,318.10,320.85,"2,338.00",319.00,"750,147.40",50,-0.9,7.3,-0.28,2.3,-0.86,403.71,435.82,703.00,313.00,06_18_2022
BPCL,29.74,315.10,315.10,310.00,310.00,313.20,"6,831.00",318.10,"2,139,488.20",99,-8.1,5.10,-2.55,1.65,-1.03,402.44,434.26,703.00,310.00,06_19_2022
BPCL,31.17,310.00,310.00,300.00,300.60,304.17,"17,619.00",310.00,"5,359,254.20",163,-9.4,10.00,-3.03,3.33,-1.19,401.11,432.68,703.00,300.00,06_20_2022
BPCL,37.09,295.20,321.00,295.20,309.00,308.51,"8,163.00",300.60,"2,518,359.80",82,8.4,25.80,2.79,8.74,0.16,399.93,431.21,703.00,295.20,06_21_2022
BPCL,35.69,310.00,310.00,300.00,306.00,302.57,"6,637.00",309.00,"2,008,143.20",101,-3.0,10.0,-0.97,3.33,1.12,398.66,429.78,703.00,295.20,06_22_2022
BPCL,32.22,300.10,304.00,298.00,298.50,299.40,"10,631.00",306.00,"3,182,968.80",145,-7.5,6.0,-2.45,2.01,-0.3,397.23,428.42,703.00,295.20,06_23_2022
BPCL,54.97,327.00,343.00,323.00,325.00,329.06,"7,425.00",333.50,"2,443,244.20",126,-8.5,20.0,-2.55,6.19,-1.25,388.35,418.18,703.00,294.00,07_05_2022
BPCL,35.96,323.00,330.00,318.60,327.20,323.43,"10,846.00",325.00,"3,507,884.10",112,2.2,11.4,0.68,3.58,1.15,387.32,417.41,703.00,294.00,07_06_2022
BPCL,48.8,333.70,338.00,324.20,327.00,329.42,"5,729.00",327.20,"1,887,248.20",79,-0.2,13.8,-0.06,4.26,-0.74,386.30,416.56,703.00,294.00,07_07_2022
BPCL,31.25,324.00,327.00,318.00,321.00,324.06,"15,391.00",327.00,"4,987,563.50",82,-6.0,9.0,-1.83,2.83,-0.95,385.16,415.61,703.00,294.00,07_08_2022
BPCL,34.43,324.00,327.00,318.00,321.00,324.06,"15,391.00",327.00,"4,987,563.50",82,-6.0,9.0,-1.83,2.83,-0.95,385.16,415.61,703.00,294.00,07_09_2022
BPCL,34.43,324.00,327.00,318.00,321.00,324.06,"15,391.00",327.00,"4,987,563.50",82,-6.0,9.0,-1.83,2.83,-0.95,385.16,415.61,703.00,294.00,07_10_2022
BPCL,32.21,315.00,320.00,307.00,307.10,313.10,"24,489.00",321.00,"7,667,433.80",193,-13.9,13.0,-4.33,4.23,-1.95,383.94,414.54,703.00,294.00,07_11_2022
BPCL,34.22,310.00,315.90,300.00,307.00,305.36,"20,194.00",307.10,"6,166,360.50",217,-0.1,15.9,-0.03,5.3,0.54,382.67,413.46,703.00,294.00,07_12_2022
BPCL,32.72,313.00,319.80,308.00,319.80,314.93,"11,012.00",307.00,"3,467,972.20",112,12.8,11.8,4.17,3.83,1.52,381.35,412.46,703.00,294.00,07_13_2022
BPCL,-,326.00,331.90,318.00,320.00,324.43,"6,334.00",319.80,"2,054,971.00",85,0.2,13.90,0.06,4.37,-1.39,380.05,411.54,703.00,294.00,07_14_2022
BPCL,34.8,325.00,325.00,320.00,322.00,321.64,"2,881.00",320.00,"926,635.50",36,2.0,5.0,0.63,1.56,0.11,378.79,410.76,703.00,294.00,07_15_2022
BPCL,44.7,325.00,325.00,320.00,322.00,321.64,"2,881.00",320.00,"926,635.50",36,2.0,5.0,0.63,1.56,0.11,378.79,410.76,703.00,294.00,07_16_2022
BPCL,41.92,328.00,328.20,321.00,322.00,324.61,"3,873.00",322.00,"1,257,200.10",57,0.0,7.2,0.0,2.24,-0.81,377.64,409.92,703.00,294.00,07_17_2022
BPCL,40.81,320.00,328.00,316.00,326.00,324.61,"6,131.00",322.00,"1,990,167.40",92,4.00,12.0,1.24,3.8,0.43,376.48,409.14,703.00,294.00,07_18_2022
BPCL,33.76,330.00,332.00,325.00,327.10,329.82,"15,770.00",326.00,"5,201,205.30",151,1.1,7.0,0.34,2.15,-0.83,375.38,408.35,703.00,294.00,07_19_2022
BPCL,37.89,327.00,331.40,318.00,329.00,325.78,"5,697.00",327.10,"1,855,943.60",85,1.9,13.4,0.58,4.21,0.98,374.48,407.41,703.00,294.00,07_20_2022
BPCL,45.53,329.00,331.80,323.00,324.00,326.86,"10,200.00",329.00,"3,333,928.40",127,-5.0,8.8,-1.52,2.72,-0.88,373.56,406.33,703.00,294.00,07_21_2022
BPCL,39.21,320.00,322.00,317.10,318.00,319.47,"5,655.00",324.00,"1,806,609.50",67,-6.0,4.9,-1.85,1.55,-0.46,372.65,405.22,703.00,294.00,07_22_2022
BPCL,29.19,320.00,322.00,317.10,318.00,319.47,"5,655.00",324.00,"1,806,609.50",67,-6.0,4.9,-1.85,1.55,-0.46,372.65,405.22,703.00,294.00,07_23_2022
BPCL,26.39,324.00,329.00,320.50,329.00,324.31,"11,875.00",318.00,"3,851,204.80",103,11.0,8.5,3.46,2.65,1.42,371.84,404.18,703.00,294.00,07_24_2022
BPCL,37.78,330.00,342.00,330.00,339.00,337.10,"23,361.00",329.00,"7,875,064.00",231,10.0,12.0,3.04,3.64,0.56,370.92,403.05,703.00,294.00,07_25_2022
BPCL,54.55,340.00,342.00,328.00,329.00,332.69,"23,127.00",339.00,"7,694,069.70",195,-10.0,14.0,-2.95,4.27,-1.12,369.99,401.89,703.00,294.00,07_26_2022
BPCL,52.73,329.00,339.90,322.80,338.00,331.12,"13,809.00",329.00,"4,572,421.00",131,9.0,17.1,2.74,5.3,2.04,369.03,400.79,703.00,294.00,07_27_2022
BPCL,53.42,342.00,345.80,335.00,336.00,341.07,"18,439.00",338.00,"6,288,900.90",198,-2.0,10.80,-0.59,3.22,-1.51,367.99,399.71,703.00,294.00,07_28_2022
BPCL,53.91,338.00,340.00,336.00,336.00,337.44,"10,415.00",336.00,"3,514,467.40",82,0.0,4.00,0.0,1.19,-0.43,366.95,398.60,703.00,294.00,07_29_2022
BPCL,34.15,338.00,340.00,336.00,336.00,337.44,"10,415.00",336.00,"3,514,467.40",82,0.0,4.00,0.0,1.19,-0.43,366.95,398.60,703.00,294.00,07_30_2022
BPCL,31.72,336.00,348.00,335.00,346.90,344.80,"18,703.00",336.00,"6,448,716.80",181,10.9,13.0,3.24,3.88,0.61,366.04,397.66,703.00,294.00,07_31_2022
BPCL,52.84,353.50,377.00,346.50,371.00,366.79,"70,628.00",346.90,"25,905,328.90",574,24.1,30.5,6.95,8.8,1.14,365.33,396.96,703.00,294.00,08_01_2022
BPCL,60.69,375.00,375.00,364.20,367.90,367.74,"22,063.00",371.00,"8,113,398.10",199,-3.1,10.8,-0.84,2.97,0.04,364.69,396.22,703.00,294.00,08_02_2022
BPCL,54.24,363.20,375.00,363.00,367.00,370.02,"28,702.00",367.90,"10,620,208.90",198,-0.9,12.0,-0.24,3.31,-0.82,364.09,395.45,703.00,294.00,08_03_2022
BPCL,52.55,372.00,372.00,354.00,354.50,358.24,"25,084.00",367.00,"8,986,081.50",235,-12.5,18.0,-3.41,5.08,-1.05,363.50,394.53,703.00,294.00,08_04_2022
BPCL,45.52,347.60,353.00,341.20,346.00,345.30,"17,371.00",354.50,"5,998,161.70",155,-8.5,11.8,-2.4,3.46,0.2,362.82,393.56,703.00,294.00,08_05_2022
BPCL,36.02,347.60,353.00,341.20,346.00,345.30,"17,371.00",354.50,"5,998,161.70",155,-8.5,11.8,-2.4,3.46,0.2,362.82,393.56,703.00,294.00,08_06_2022
BPCL,32.74,340.20,354.00,340.20,353.00,347.19,"24,560.00",346.00,"8,527,051.00",139,7.0,13.8,2.02,4.06,1.65,362.14,392.69,703.00,294.00,08_07_2022
BPCL,35.97,360.00,366.90,348.00,348.10,357.70,"27,225.00",353.00,"9,738,499.50",219,-4.90,18.90,-1.39,5.43,-2.76,361.47,391.77,703.00,294.00,08_08_2022
BPCL,38.57,342.10,350.00,334.50,334.80,339.66,"18,351.00",348.10,"6,233,082.80",214,-13.3,15.5,-3.82,4.63,-1.45,360.68,390.78,703.00,294.00,08_09_2022
BPCL,34.24,336.00,338.90,329.50,338.00,334.57,"10,701.00",334.80,"3,580,214.90",95,3.2,9.40,0.96,2.85,1.02,359.93,389.89,682.00,294.00,08_10_2022
BPCL,30.54,338.00,342.50,330.00,331.30,334.50,"11,863.00",338.00,"3,968,163.10",118,-6.70,12.50,-1.98,3.79,-0.97,359.04,388.93,682.00,294.00,08_11_2022
BPCL,29.09,338.00,342.50,330.00,331.30,334.50,"11,863.00",338.00,"3,968,163.10",118,-6.70,12.50,-1.98,3.79,-0.97,359.04,388.93,682.00,294.00,08_12_2022
BPCL,29.09,338.00,342.50,330.00,331.30,334.50,"11,863.00",338.00,"3,968,163.10",118,-6.70,12.50,-1.98,3.79,-0.97,359.04,388.93,682.00,294.00,08_13_2022
BPCL,25.61,325.00,326.00,317.60,318.90,319.55,"20,701.00",331.30,"6,615,059.50",227,-12.4,8.4,-3.74,2.64,-0.2,358.04,387.92,660.00,294.00,08_14_2022
BPCL,28.79,318.00,330.00,312.70,328.00,322.20,"30,748.00",318.90,"9,906,869.60",167,9.1,17.3,2.85,5.53,1.77,357.13,387.05,660.00,294.00,08_15_2022
BPCL,35.62,334.50,334.50,321.60,323.00,326.19,"9,932.00",328.00,"3,239,681.00",111,-5.00,12.90,-1.52,4.01,-0.99,356.28,386.15,660.00,294.00,08_16_2022
BPCL,25.93,325.00,327.00,318.50,321.00,321.78,"6,737.00",323.00,"2,167,865.00",74,-2.0,8.5,-0.62,2.67,-0.24,355.36,385.24,660.00,294.00,08_17_2022
BPCL,23.53,321.00,332.00,319.00,329.00,325.12,"16,057.00",321.00,"5,220,401.00",129,8.0,13.0,2.49,4.08,1.18,354.56,384.40,660.00,294.00,08_18_2022
BPCL,45.21,321.00,332.00,319.00,329.00,325.12,"16,057.00",321.00,"5,220,401.00",129,8.0,13.0,2.49,4.08,1.18,354.56,384.40,660.00,294.00,08_19_2022
BPCL,45.21,321.00,332.00,319.00,329.00,325.12,"16,057.00",321.00,"5,220,401.00",129,8.0,13.0,2.49,4.08,1.18,354.56,384.40,660.00,294.00,08_20_2022
BPCL,45.21,332.00,348.50,330.00,338.00,334.28,"22,649.00",329.00,"7,571,089.40",169,9.0,18.5,2.74,5.61,1.1,353.96,383.64,640.00,294.00,08_21_2022
BPCL,-,337.00,337.00,329.00,332.00,332.06,"11,386.00",338.00,"3,780,810.80",75,-6.0,8.0,-1.78,2.43,-0.02,353.35,382.93,640.00,294.00,08_22_2022
BPCL,45.01,331.10,332.00,327.00,328.00,328.79,"2,175.00",332.00,"715,109.50",51,-4.0,5.0,-1.2,1.53,-0.24,352.71,382.13,640.00,294.00,08_23_2022
BPCL,38.8,328.00,330.00,325.10,325.10,326.53,"7,396.00",328.00,"2,415,026.60",78,-2.9,4.9,-0.88,1.51,-0.44,352.09,381.36,640.00,294.00,08_24_2022
BPCL,31.9,324.10,330.00,320.00,321.00,322.36,"14,450.00",325.10,"4,658,096.40",115,-4.1,10.0,-1.26,3.13,-0.42,351.35,380.67,640.00,294.00,08_25_2022
BPCL,30.65,315.30,320.00,315.30,316.00,317.57,"6,385.00",321.00,"2,027,691.60",70,-5.0,4.7,-1.56,1.49,-0.5,350.48,379.95,640.00,294.00,08_26_2022
BPCL,32.02,315.30,320.00,315.30,316.00,317.57,"6,385.00",321.00,"2,027,691.60",70,-5.0,4.7,-1.56,1.49,-0.5,350.48,379.95,640.00,294.00,08_27_2022
BPCL,32.02,316.00,320.80,310.10,310.30,313.51,"16,221.00",316.00,"5,085,490.10",165,-5.7,10.7,-1.8,3.45,-1.04,349.57,379.29,640.00,294.00,08_28_2022
BPCL,35.42,310.00,314.00,309.00,310.50,311.60,"11,244.00",310.30,"3,503,605.80",120,0.2,5.0,0.06,1.62,-0.35,348.73,378.74,640.00,294.00,08_29_2022
BPCL,33.50,316.70,322.90,311.00,314.00,313.69,"8,529.00",310.50,"2,675,485.70",94,3.5,11.9,1.13,3.83,0.1,347.88,378.05,616.00,294.00,08_30_2022
BPCL,33.98,317.00,317.00,310.00,314.00,311.44,"5,835.00",314.00,"1,817,253.00",79,0.0,7.0,0.0,2.26,0.82,347.08,377.22,616.00,294.00,08_31_2022
BPCL,46.12,599.00,606.00,585.00,588.00,594.19,"70,904.00",588.00,"42,130,695.30",733,0.0,21.0,0.0,3.59,-1.05,490.59,466.01,703.00,369.00,09_01_2021
BPCL,34.93,309.00,315.00,309.00,313.00,312.13,"7,496.00",314.00,"2,339,750.90",72,-1.0,6.0,-0.32,1.94,0.28,346.22,376.41,610.00,294.00,09_01_2022
BPCL,37.85,312.00,315.00,310.00,311.00,311.03,"4,841.00",313.00,"1,505,692.40",63,-2.0,5.0,-0.64,1.61,-0.01,345.35,375.63,610.00,294.00,09_02_2022
BPCL,34.28,312.00,315.00,310.00,311.00,311.03,"4,841.00",313.00,"1,505,692.40",63,-2.0,5.0,-0.64,1.61,-0.01,345.35,375.63,610.00,294.00,09_03_2022
BPCL,33.78,316.00,316.00,310.00,311.00,311.17,"5,489.00",311.00,"1,708,013.60",55,0.0,6.0,0.0,1.94,-0.05,344.51,374.81,610.00,294.00,09_04_2022
BPCL,33.2,311.00,312.00,309.10,309.10,310.86,"6,567.00",311.00,"2,041,400.70",72,-1.9,2.9,-0.61,0.94,-0.57,343.67,373.92,610.00,294.00,09_05_2022
BPCL,33.82,310.00,310.00,305.00,308.00,307.38,"6,713.00",309.10,"2,063,426.10",84,-1.1,5.0,-0.36,1.64,0.2,342.89,372.95,610.00,294.00,09_06_2022
BPCL,32.49,307.00,308.00,305.00,306.30,306.25,"7,986.00",308.00,"2,445,709.60",66,-1.7,3.0,-0.55,0.98,0.02,342.11,372.25,610.00,294.00,09_07_2022
BPCL,30.59,306.00,310.00,304.00,308.00,307.71,"4,615.00",306.30,"1,420,075.10",44,1.7,6.0,0.56,1.97,0.09,341.33,371.65,610.00,294.00,09_08_2022
BPCL,33.0,306.00,310.00,304.00,308.00,307.71,"4,615.00",306.30,"1,420,075.10",44,1.7,6.0,0.56,1.97,0.09,341.33,371.65,610.00,294.00,09_09_2022
BPCL,33.0,306.00,310.00,304.00,308.00,307.71,"4,615.00",306.30,"1,420,075.10",44,1.7,6.0,0.56,1.97,0.09,341.33,371.65,610.00,294.00,09_10_2022
BPCL,32.37,304.00,310.10,304.00,306.00,308.22,"4,999.00",308.00,"1,540,767.70",69,-2.0,6.1,-0.65,2.01,-0.72,340.50,371.08,610.00,294.00,09_11_2022
BPCL,32.34,312.10,312.10,303.00,307.50,306.01,"3,216.00",306.00,"984,124.00",57,1.5,9.1,0.49,3.0,0.48,339.72,370.48,610.00,294.00,09_12_2022
BPCL,33.02,303.00,310.00,303.00,308.00,308.64,"5,939.00",307.50,"1,833,013.20",53,0.5,7.0,0.16,2.31,-0.21,338.98,369.88,610.00,294.00,09_13_2022
BPCL,38.76,307.00,317.00,307.00,314.00,312.45,"15,975.00",308.00,"4,991,408.30",122,6.0,10.0,1.95,3.26,0.49,338.30,369.31,595.00,294.00,09_14_2022
BPCL,45.86,310.00,312.00,303.20,303.50,307.38,"20,951.00",314.00,"6,439,820.30",138,-10.5,8.8,-3.34,2.9,-1.28,337.61,368.64,580.00,294.00,09_15_2022
BPCL,42.39,300.00,307.00,295.00,302.00,300.71,"4,740.00",303.50,"1,425,346.70",75,-1.5,12.0,-0.49,4.07,0.43,336.96,367.95,575.20,294.00,09_16_2022
BPCL,34.73,300.00,307.00,295.00,302.00,300.71,"4,740.00",303.50,"1,425,346.70",75,-1.5,12.0,-0.49,4.07,0.43,336.96,367.95,575.20,294.00,09_17_2022
BPCL,32.8,300.00,302.00,298.00,299.00,299.17,"8,952.00",302.00,"2,678,212.50",104,-3.0,4.0,-0.99,1.34,-0.06,336.26,367.22,560.00,294.00,09_18_2022
BPCL,31.35,300.00,302.00,298.00,299.00,299.17,"8,952.00",302.00,"2,678,212.50",104,-3.0,4.0,-0.99,1.34,-0.06,336.26,367.22,560.00,294.00,09_19_2022
BPCL,31.73,296.00,296.00,292.00,292.10,293.43,"10,845.00",299.00,"3,182,242.50",136,-6.9,4.0,-2.31,1.37,-0.46,335.56,366.34,560.00,292.00,09_20_2022
BPCL,27.35,297.90,297.90,290.00,292.00,293.04,"6,327.00",292.10,"1,854,038.90",91,-0.1,7.9,-0.03,2.72,-0.35,334.90,365.46,560.00,290.00,09_21_2022
BPCL,31.12,295.00,297.70,291.00,291.00,293.08,"6,764.00",292.00,"1,982,369.10",80,-1.0,6.70,-0.34,2.3,-0.71,334.19,364.54,560.00,290.00,09_22_2022
BPCL,60.11,546.00,546.00,530.20,530.20,540.72,"38,515.00",536.00,"20,826,019.60",297,-5.8,15.8,-1.08,2.98,-1.99,527.27,487.81,703.00,380.00,11_03_2021
BPCL,59.78,546.00,546.00,530.20,530.20,540.72,"38,515.00",536.00,"20,826,019.60",297,-5.8,15.8,-1.08,2.98,-1.99,527.27,487.81,703.00,380.00,11_05_2021
BPCL,59.78,546.00,546.00,530.20,530.20,540.72,"38,515.00",536.00,"20,826,019.60",297,-5.8,15.8,-1.08,2.98,-1.99,527.27,487.81,703.00,380.00,11_06_2021
BPCL,59.78,546.00,546.00,530.20,530.20,540.72,"38,515.00",536.00,"20,826,019.60",297,-5.8,15.8,-1.08,2.98,-1.99,527.27,487.81,703.00,380.00,11_07_2021
BPCL,60.57,540.80,546.00,534.00,536.00,539.83,"31,565.00",530.20,"17,039,701.70",229,5.8,12.0,1.09,2.25,-0.71,528.26,488.46,703.00,380.00,11_08_2021
BPCL,53.47,536.10,538.00,511.00,515.00,521.57,"33,296.00",536.00,"17,366,101.60",307,-21.0,27.0,-3.92,5.28,-1.28,529.10,488.88,703.00,380.00,11_09_2021
BPCL,48.31,536.10,538.00,511.00,515.00,521.57,"33,296.00",536.00,"17,366,101.60",307,-21.0,27.0,-3.92,5.28,-1.28,529.10,488.88,703.00,380.00,11_10_2021
BPCL,46.26,517.00,517.00,496.00,497.00,500.96,"39,845.00",515.00,"19,960,676.40",353,-18.0,21.0,-3.5,4.23,-0.8,529.79,489.22,703.00,380.00,11_11_2021
BPCL,47.0,517.00,517.00,496.00,497.00,500.96,"39,845.00",515.00,"19,960,676.40",353,-18.0,21.0,-3.5,4.23,-0.8,529.79,489.22,703.00,380.00,11_12_2021
BPCL,47.0,517.00,517.00,496.00,497.00,500.96,"39,845.00",515.00,"19,960,676.40",353,-18.0,21.0,-3.5,4.23,-0.8,529.79,489.22,703.00,380.00,11_13_2021
BPCL,44.95,497.00,513.00,497.00,502.00,504.74,"20,187.00",497.00,"10,189,167.50",242,5.00,16.00,1.01,3.22,-0.55,530.51,489.64,703.00,380.00,11_14_2021
BPCL,42.68,502.00,515.00,502.00,506.00,509.20,"19,317.00",502.00,"9,836,173.30",230,4.00,13.00,0.8,2.59,-0.63,531.28,490.16,703.00,380.00,11_15_2021
BPCL,42.89,506.00,521.00,505.00,519.00,513.53,"23,969.00",506.00,"12,308,738.50",272,13.00,16.00,2.57,3.17,1.05,532.13,490.78,703.00,380.00,11_16_2021
BPCL,50.98,529.00,539.00,520.00,520.00,527.94,"24,779.00",519.00,"13,081,791.60",277,1.00,19.00,0.19,3.65,-1.53,532.93,491.42,703.00,380.00,11_17_2021
BPCL,59.9,510.00,527.00,510.00,510.00,515.21,"21,435.00",520.00,"11,043,553.40",263,-10.0,17.0,-1.92,3.33,-1.02,533.63,491.98,703.00,380.00,11_18_2021
BPCL,52.3,510.00,527.00,510.00,510.00,515.21,"21,435.00",520.00,"11,043,553.40",263,-10.0,17.0,-1.92,3.33,-1.02,533.63,491.98,703.00,380.00,11_19_2021
BPCL,52.3,510.00,527.00,510.00,510.00,515.21,"21,435.00",520.00,"11,043,553.40",263,-10.0,17.0,-1.92,3.33,-1.02,533.63,491.98,703.00,380.00,11_20_2021
BPCL,47.6,515.00,520.00,505.20,515.00,510.15,"9,125.00",510.00,"4,655,136.10",133,5.0,14.8,0.98,2.93,0.94,534.01,492.59,703.00,380.00,11_21_2021
BPCL,43.27,516.00,520.00,509.00,512.00,513.15,"12,563.00",515.00,"6,446,714.70",154,-3.0,11.0,-0.58,2.16,-0.22,534.49,493.19,703.00,380.00,11_22_2021
BPCL,39.98,513.00,513.00,495.00,498.00,501.01,"28,559.00",512.00,"14,308,461.90",284,-14.0,18.0,-2.73,3.64,-0.61,534.83,493.72,703.00,380.00,11_23_2021
BPCL,43.38,496.00,505.00,488.30,505.00,496.09,"19,888.00",498.00,"9,866,222.80",214,7.00,16.7,1.41,3.42,1.76,535.24,494.26,703.00,380.00,11_24_2021
BPCL,44.40,505.00,509.90,497.10,500.00,501.38,"12,903.00",505.00,"6,469,278.90",151,-5.0,12.8,-0.99,2.57,-0.28,535.53,494.79,703.00,380.00,11_25_2021
BPCL,40.58,505.00,509.90,497.10,500.00,501.38,"12,903.00",505.00,"6,469,278.90",151,-5.0,12.8,-0.99,2.57,-0.28,535.53,494.79,703.00,380.00,11_26_2021
BPCL,40.58,505.00,509.90,497.10,500.00,501.38,"12,903.00",505.00,"6,469,278.90",151,-5.0,12.8,-0.99,2.57,-0.28,535.53,494.79,703.00,380.00,11_27_2021
BPCL,37.68,491.00,495.00,481.00,485.00,486.26,"23,936.00",500.00,"11,639,018.70",294,-15.0,14.0,-3.0,2.91,-0.26,535.58,495.26,703.00,380.00,11_28_2021
BPCL,40.36,485.00,491.00,479.00,484.90,484.63,"8,273.00",485.00,"4,009,313.00",125,-0.1,12.0,-0.02,2.51,0.06,535.23,495.71,703.00,380.00,11_29_2021
BPCL,41.26,490.00,493.00,479.00,484.00,482.88,"13,510.00",484.90,"6,523,696.20",139,-0.9,14.0,-0.19,2.92,0.23,534.62,496.17,703.00,380.00,11_30_2021
BPCL,38.07,485.20,490.00,480.20,480.20,484.61,"18,662.00",484.00,"9,043,742.20",203,-3.8,9.8,-0.79,2.04,-0.92,534.29,496.65,703.00,380.00,12_01_2021
BPCL,45.74,482.00,489.70,475.00,476.00,478.14,"22,515.00",480.20,"10,765,315.40",207,-4.2,14.7,-0.87,3.09,-0.45,533.97,497.09,703.00,380.00,12_02_2021
BPCL,48.82,482.00,489.70,475.00,476.00,478.14,"22,515.00",480.20,"10,765,315.40",207,-4.2,14.7,-0.87,3.09,-0.45,533.97,497.09,703.00,380.00,12_03_2021
BPCL,48.82,482.00,489.70,475.00,476.00,478.14,"22,515.00",480.20,"10,765,315.40",207,-4.2,14.7,-0.87,3.09,-0.45,533.97,497.09,703.00,380.00,12_04_2021
BPCL,47.92,480.00,484.00,457.10,460.00,461.98,"25,478.00",476.00,"11,770,350.20",311,-16.0,26.9,-3.36,5.88,-0.43,533.30,497.46,703.00,380.00,12_05_2021
BPCL,43.55,455.00,474.00,436.00,472.00,452.15,"33,393.00",460.00,"15,098,741.60",369,12.0,38.00,2.61,8.72,4.2,532.86,497.93,703.00,380.00,12_06_2021
BPCL,48.22,479.80,480.00,463.00,463.00,471.67,"12,075.00",472.00,"5,695,363.80",174,-9.0,17.00,-1.91,3.67,-1.87,532.41,498.28,703.00,380.00,12_07_2021
BPCL,32.94,304.90,307.00,304.90,305.10,306.11,"3,829.00",308.00,"1,172,106.00",56,-2.9,2.1,-0.94,0.69,-0.33,315.27,334.25,498.00,288.00,12_07_2022
BPCL,42.21,461.60,465.00,442.90,445.00,451.12,"18,406.00",463.00,"8,303,354.90",216,-18.0,22.10,-3.89,4.99,-1.38,531.78,498.53,703.00,380.00,12_08_2021
BPCL,38.84,439.00,447.70,434.00,445.00,441.66,"15,036.00",445.00,"6,640,731.90",169,0.0,13.7,0.0,3.16,0.75,531.13,498.81,703.00,380.00,12_09_2021
BPCL,40.03,439.00,447.70,434.00,445.00,441.66,"15,036.00",445.00,"6,640,731.90",169,0.0,13.7,0.0,3.16,0.75,531.13,498.81,703.00,380.00,12_10_2021
BPCL,40.03,439.00,447.70,434.00,445.00,441.66,"15,036.00",445.00,"6,640,731.90",169,0.0,13.7,0.0,3.16,0.75,531.13,498.81,703.00,380.00,12_11_2021
BPCL,39.38,440.00,453.00,429.30,430.00,433.14,"26,411.00",445.00,"11,439,681.50",228,-15.00,23.70,-3.37,5.52,-0.73,530.33,499.02,703.00,380.00,12_12_2021
BPCL,35.32,422.00,422.00,398.00,409.00,407.18,"29,900.00",430.00,"12,174,788.80",363,-21.00,24.00,-4.88,6.03,0.44,529.24,499.13,703.00,380.00,12_13_2021
BPCL,37.85,417.10,438.60,412.00,438.60,426.86,"13,983.00",409.00,"5,968,810.00",147,29.60,26.60,7.24,6.46,2.68,528.21,499.41,703.00,380.00,12_14_2021
BPCL,44.4,447.00,482.40,445.00,462.90,470.52,"74,933.00",438.60,"35,257,613.50",772,24.3,37.4,5.54,8.4,-1.65,527.48,499.83,703.00,380.00,12_15_2021
BPCL,54.22,465.00,470.00,458.00,460.00,462.00,"27,424.00",462.90,"12,669,871.40",256,-2.9,12.0,-0.63,2.62,-0.43,526.84,500.22,703.00,380.00,12_16_2021
BPCL,51.37,465.00,470.00,458.00,460.00,462.00,"27,424.00",462.90,"12,669,871.40",256,-2.9,12.0,-0.63,2.62,-0.43,526.84,500.22,703.00,380.00,12_17_2021
BPCL,51.37,465.00,470.00,458.00,460.00,462.00,"27,424.00",462.90,"12,669,871.40",256,-2.9,12.0,-0.63,2.62,-0.43,526.84,500.22,703.00,380.00,12_18_2021
BPCL,51.37,465.00,470.00,458.00,460.00,462.00,"27,424.00",462.90,"12,669,871.40",256,-2.9,12.0,-0.63,2.62,-0.43,526.84,500.22,703.00,380.00,12_19_2021
BPCL,48.68,468.00,469.00,449.60,451.00,454.44,"19,440.00",460.00,"8,834,390.70",204,-9.0,19.4,-1.96,4.31,-0.76,526.26,500.55,703.00,380.00,12_20_2021
BPCL,47.82,454.00,459.00,451.10,458.00,455.21,"8,570.00",451.00,"3,901,133.60",112,7.0,7.90,1.55,1.75,0.61,525.64,500.91,703.00,380.00,12_21_2021
BPCL,49.24,467.10,474.00,458.00,470.00,468.46,"35,034.00",458.00,"16,411,931.30",302,12.0,16.0,2.62,3.49,0.33,525.24,501.32,703.00,380.00,12_22_2021
BPCL,54.1,479.00,498.00,471.00,482.60,484.98,"58,628.00",470.00,"28,433,296.70",638,12.6,27.0,2.68,5.73,-0.49,525.17,501.75,703.00,380.00,12_23_2021
BPCL,57.33,479.00,498.00,471.00,482.60,484.98,"58,628.00",470.00,"28,433,296.70",638,12.6,27.0,2.68,5.73,-0.49,525.17,501.75,703.00,380.00,12_24_2021
BPCL,57.33,479.00,498.00,471.00,482.60,484.98,"58,628.00",470.00,"28,433,296.70",638,12.6,27.0,2.68,5.73,-0.49,525.17,501.75,703.00,380.00,12_25_2021
BPCL,55.7,438.00,438.00,430.00,432.00,433.05,"37,420.00",438.73,"16,204,658.50",346,-6.73,8.00,-1.53,1.86,-0.24,524.49,501.88,703.00,380.00,12_26_2021
BPCL,45.29,430.00,430.00,416.00,416.00,421.48,"24,642.00",432.00,"10,386,124.70",272,-16.0,14.00,-3.7,3.37,-1.32,523.76,501.93,703.00,380.00,12_27_2021
BPCL,38.24,416.00,416.00,407.70,409.10,410.84,"18,752.00",416.00,"7,704,059.20",180,-6.9,8.3,-1.66,2.04,-0.43,523.01,501.96,703.00,380.00,12_28_2021
BPCL,35.04,417.00,417.20,408.00,415.00,412.27,"20,136.00",409.10,"8,301,377.50",155,5.9,9.20,1.44,2.25,0.66,522.09,502.02,703.00,380.00,12_29_2021
BPCL,36.2,417.00,417.20,408.00,415.00,412.27,"20,136.00",409.10,"8,301,377.50",155,5.9,9.20,1.44,2.25,0.66,522.09,502.02,703.00,380.00,12_30_2021
BPCL,36.2,417.00,417.20,408.00,415.00,412.27,"20,136.00",409.10,"8,301,377.50",155,5.9,9.20,1.44,2.25,0.66,522.09,502.02,703.00,380.00,12_31_2021
