HIDCL,39.25,256.00,258.80,251.00,255.00,254.73,"79,887.00",255.00,"20,349,354.60",620,0.0,7.80,0.0,3.11,0.11,379.16,416.38,606.00,244.10,01_01_2022
HIDCL,40.79,255.00,259.50,252.00,255.90,256.20,"103,935.00",255.00,"26,628,626.30",679,0.90,7.50,0.35,2.98,-0.12,377.06,415.19,606.00,244.10,01_02_2022
HIDCL,43.59,259.90,262.00,256.00,256.00,259.17,"97,521.00",255.90,"25,274,719.90",741,0.1,6.00,0.04,2.34,-1.24,375.30,414.15,606.00,244.10,01_03_2022
HIDCL,50.69,261.00,265.00,252.90,264.00,259.52,"143,713.00",256.00,"37,295,944.30",911,8.0,12.10,3.13,4.78,1.7,373.78,413.25,606.00,244.10,01_04_2022
HIDCL,55.58,269.20,279.00,265.00,268.20,272.48,"390,859.00",264.00,"106,501,656.80","1,912",4.2,14.0,1.59,5.28,-1.6,372.19,412.31,606.00,244.10,01_05_2022
HIDCL,58.22,268.20,276.00,266.00,274.00,273.55,"217,480.00",268.20,"59,492,701.30","1,287",5.80,10.00,2.16,3.76,0.16,370.70,411.42,606.00,244.10,01_06_2022
HIDCL,57.79,268.20,276.00,266.00,274.00,273.55,"217,480.00",268.20,"59,492,701.30","1,287",5.80,10.00,2.16,3.76,0.16,370.70,411.42,606.00,244.10,01_07_2022
HIDCL,57.79,268.20,276.00,266.00,274.00,273.55,"217,480.00",268.20,"59,492,701.30","1,287",5.80,10.00,2.16,3.76,0.16,370.70,411.42,606.00,244.10,01_08_2022
HIDCL,58.27,274.00,299.50,274.00,299.40,288.02,"543,960.00",274.00,"156,671,774.30","2,752",25.4,25.50,9.27,9.31,3.8,369.28,410.73,606.00,244.10,01_09_2022
HIDCL,63.44,305.00,318.00,301.00,313.90,310.37,"677,824.00",299.40,"210,374,664.90","3,659",14.5,17.00,4.84,5.65,1.13,368.20,410.12,606.00,244.10,01_10_2022
HIDCL,67.04,320.00,320.00,306.00,314.50,313.94,"341,447.00",313.90,"107,195,143.80","2,094",0.6,14.00,0.19,4.58,0.18,367.15,409.51,606.00,244.10,01_11_2022
HIDCL,64.87,314.50,340.00,309.00,324.00,327.01,"844,610.00",314.50,"276,199,899.70","4,425",9.5,31.00,3.02,10.03,-0.93,366.13,408.96,606.00,244.10,01_12_2022
HIDCL,65.32,330.00,339.50,321.00,337.60,332.40,"660,248.00",324.00,"219,464,668.20","3,088",13.6,18.5,4.2,5.76,1.54,365.16,408.37,606.00,244.10,01_13_2022
HIDCL,63.74,330.00,339.50,321.00,337.60,332.40,"660,248.00",324.00,"219,464,668.20","3,088",13.6,18.5,4.2,5.76,1.54,365.16,408.37,606.00,244.10,01_14_2022
HIDCL,63.74,330.00,339.50,321.00,337.60,332.40,"660,248.00",324.00,"219,464,668.20","3,088",13.6,18.5,4.2,5.76,1.54,365.16,408.37,606.00,244.10,01_15_2022
HIDCL,64.94,344.30,355.00,339.00,344.00,347.30,"668,394.00",337.60,"232,132,304.70","3,543",6.4,16.0,1.9,4.72,-0.96,364.39,407.74,606.00,244.10,01_16_2022
HIDCL,62.75,344.00,349.00,335.10,340.50,340.73,"458,636.00",344.00,"156,270,411.60","2,489",-3.5,13.9,-1.02,4.15,-0.07,363.54,406.97,606.00,244.10,01_17_2022
HIDCL,61.26,340.50,345.00,320.10,330.00,331.71,"464,935.00",340.50,"154,223,716.80","2,924",-10.5,24.9,-3.08,7.78,-0.52,362.54,406.20,606.00,244.10,01_18_2022
HIDCL,57.1,333.00,333.00,318.00,321.50,323.40,"473,565.00",330.00,"153,152,070.60","2,405",-8.5,15.0,-2.58,4.72,-0.59,361.47,405.42,606.00,244.10,01_19_2022
HIDCL,52.11,327.00,336.80,316.30,336.50,328.50,"397,574.00",321.50,"130,602,985.20","2,185",15.0,20.5,4.67,6.48,2.38,360.41,404.61,606.00,244.10,01_20_2022
HIDCL,53.71,327.00,336.80,316.30,336.50,328.50,"397,574.00",321.50,"130,602,985.20","2,185",15.0,20.5,4.67,6.48,2.38,360.41,404.61,606.00,244.10,01_21_2022
HIDCL,53.71,327.00,336.80,316.30,336.50,328.50,"397,574.00",321.50,"130,602,985.20","2,185",15.0,20.5,4.67,6.48,2.38,360.41,404.61,606.00,244.10,01_22_2022
HIDCL,55.54,340.00,342.50,325.90,328.00,333.19,"374,635.00",336.50,"124,825,122.60","1,874",-8.5,16.60,-2.53,5.09,-1.58,359.35,403.89,606.00,244.10,01_23_2022
HIDCL,52.58,326.00,328.00,312.00,317.00,318.36,"589,611.00",328.00,"187,710,980.60","3,246",-11.0,16.0,-3.35,5.13,-0.43,358.30,403.21,606.00,244.10,01_24_2022
HIDCL,53.07,323.30,324.00,311.00,314.60,317.25,"363,571.00",317.00,"115,342,819.90","2,125",-2.4,13.00,-0.76,4.18,-0.84,357.27,402.36,606.00,244.10,01_25_2022
HIDCL,49.95,320.00,320.00,306.10,308.00,310.39,"317,925.00",314.60,"98,680,958.00","1,742",-6.6,13.9,-2.1,4.54,-0.78,356.21,401.43,606.00,244.10,01_26_2022
HIDCL,44.56,310.00,314.00,309.00,310.00,311.15,"271,564.00",308.00,"84,496,642.40","1,429",2.0,5.0,0.65,1.62,-0.37,355.17,400.53,606.00,244.10,01_27_2022
HIDCL,43.01,310.00,314.00,309.00,310.00,311.15,"271,564.00",308.00,"84,496,642.40","1,429",2.0,5.0,0.65,1.62,-0.37,355.17,400.53,606.00,244.10,01_28_2022
HIDCL,43.01,310.00,314.00,309.00,310.00,311.15,"271,564.00",308.00,"84,496,642.40","1,429",2.0,5.0,0.65,1.62,-0.37,355.17,400.53,606.00,244.10,01_29_2022
HIDCL,44.21,316.20,334.00,316.20,332.50,327.45,"703,616.00",310.00,"230,398,376.80","2,924",22.5,17.8,7.26,5.63,1.52,354.19,399.74,606.00,244.10,01_30_2022
HIDCL,56.05,339.10,365.00,335.00,357.00,349.03,"1,636,783.00",332.50,"571,278,639.70","7,620",24.5,30.0,7.37,8.96,2.23,353.26,399.03,606.00,244.10,01_31_2022
HIDCL,62.4,362.00,366.00,349.00,358.50,360.34,"833,880.00",357.00,"300,484,395.00","4,312",1.5,17.0,0.42,4.87,-0.51,352.46,398.30,606.00,244.10,02_01_2022
HIDCL,60.2,362.00,366.00,349.00,358.50,360.34,"833,880.00",357.00,"300,484,395.00","4,312",1.5,17.0,0.42,4.87,-0.51,352.46,398.30,606.00,244.10,02_02_2022
HIDCL,60.14,360.00,366.00,350.00,350.00,357.47,"681,834.00",358.50,"243,735,136.70","3,470",-8.5,16.0,-2.37,4.57,-2.13,351.55,397.54,606.00,244.10,02_03_2022
HIDCL,56.85,360.00,366.00,350.00,350.00,357.47,"681,834.00",358.50,"243,735,136.70","3,470",-8.5,16.0,-2.37,4.57,-2.13,351.55,397.54,606.00,244.10,02_04_2022
HIDCL,56.85,360.00,366.00,350.00,350.00,357.47,"681,834.00",358.50,"243,735,136.70","3,470",-8.5,16.0,-2.37,4.57,-2.13,351.55,397.54,606.00,244.10,02_05_2022
HIDCL,56.7,355.00,355.00,336.00,336.90,340.44,"601,352.00",350.00,"204,726,383.90","3,006",-13.10,19.0,-3.74,5.65,-1.05,350.54,396.50,606.00,244.10,02_06_2022
HIDCL,50.51,330.20,354.00,330.20,350.10,346.53,"618,812.00",336.90,"214,438,632.30","2,725",13.2,23.8,3.92,7.21,1.02,349.59,395.61,606.00,244.10,02_07_2022
HIDCL,46.3,357.10,361.90,336.00,340.00,349.34,"862,340.00",350.10,"301,251,352.00","3,232",-10.1,25.9,-2.88,7.71,-2.75,348.57,394.63,606.00,244.10,02_08_2022
HIDCL,46.47,338.00,342.00,331.00,335.10,334.17,"329,960.00",340.00,"110,263,744.50","1,735",-4.9,11.0,-1.44,3.32,0.28,347.57,393.57,606.00,244.10,02_09_2022
HIDCL,43.47,341.80,343.70,330.10,335.00,336.23,"409,300.00",335.10,"137,617,821.20","1,915",-0.1,13.6,-0.03,4.12,-0.37,346.57,392.40,606.00,244.10,02_10_2022
HIDCL,42.73,341.80,343.70,330.10,335.00,336.23,"409,300.00",335.10,"137,617,821.20","1,915",-0.1,13.6,-0.03,4.12,-0.37,346.57,392.40,606.00,244.10,02_11_2022
HIDCL,42.73,341.80,343.70,330.10,335.00,336.23,"409,300.00",335.10,"137,617,821.20","1,915",-0.1,13.6,-0.03,4.12,-0.37,346.57,392.40,606.00,244.10,02_12_2022
HIDCL,40.16,318.00,326.90,315.00,318.20,321.81,"326,690.00",317.90,"105,131,172.60","1,713",0.3,11.9,0.09,3.78,-1.13,343.99,389.84,606.00,244.10,02_14_2022
HIDCL,33.85,324.00,330.00,319.00,329.60,324.61,"289,771.00",318.20,"94,062,890.30","1,432",11.4,11.0,3.58,3.45,1.51,342.81,388.58,606.00,244.10,02_15_2022
HIDCL,42.26,330.00,336.00,318.70,322.00,323.85,"224,170.00",329.60,"72,597,064.00","1,158",-7.6,17.3,-2.31,5.43,-0.57,341.34,387.25,606.00,244.10,02_16_2022
HIDCL,34.67,326.00,328.00,317.00,318.50,319.18,"153,727.00",322.00,"49,067,033.70",870,-3.5,11.0,-1.09,3.47,-0.21,339.58,385.96,606.00,244.10,02_17_2022
HIDCL,48.05,326.00,328.00,317.00,318.50,319.18,"153,727.00",322.00,"49,067,033.70",870,-3.5,11.0,-1.09,3.47,-0.21,339.58,385.96,606.00,244.10,02_18_2022
HIDCL,48.05,326.00,328.00,317.00,318.50,319.18,"153,727.00",322.00,"49,067,033.70",870,-3.5,11.0,-1.09,3.47,-0.21,339.58,385.96,606.00,244.10,02_19_2022
HIDCL,47.63,312.20,320.90,306.00,314.10,315.61,"293,998.00",318.50,"92,789,488.90","1,693",-4.4,14.9,-1.38,4.87,-0.48,337.45,384.70,606.00,244.10,02_20_2022
HIDCL,42.21,319.70,320.00,313.00,316.00,316.15,"160,337.00",314.10,"50,691,112.90",909,1.9,7.0,0.6,2.24,-0.05,335.29,383.40,606.00,244.10,02_21_2022
HIDCL,32.36,319.90,322.00,314.00,315.00,317.97,"219,278.00",316.00,"69,723,833.40","1,169",-1.0,8.0,-0.32,2.55,-0.94,333.13,381.88,606.00,244.10,02_22_2022
HIDCL,37.03,315.00,320.50,314.00,315.00,316.51,"255,502.00",315.00,"80,869,389.50","1,199",0.0,6.5,0.0,2.07,-0.48,331.45,380.45,606.00,244.10,02_23_2022
HIDCL,34.58,315.00,315.00,305.00,307.00,308.88,"343,057.00",315.00,"105,962,438.20","2,064",-8.0,10.0,-2.54,3.28,-0.61,330.13,378.94,606.00,244.10,02_24_2022
HIDCL,35.11,315.00,315.00,305.00,307.00,308.88,"343,057.00",315.00,"105,962,438.20","2,064",-8.0,10.0,-2.54,3.28,-0.61,330.13,378.94,606.00,244.10,02_25_2022
HIDCL,35.11,315.00,315.00,305.00,307.00,308.88,"343,057.00",315.00,"105,962,438.20","2,064",-8.0,10.0,-2.54,3.28,-0.61,330.13,378.94,606.00,244.10,02_26_2022
HIDCL,34.76,302.00,315.00,302.00,309.20,310.19,"195,628.00",307.00,"60,681,603.50","1,201",2.2,13.00,0.72,4.3,-0.32,328.96,377.50,606.00,244.10,02_27_2022
HIDCL,31.91,315.30,322.00,299.90,302.00,307.78,"276,018.00",309.20,"84,952,979.40","1,742",-7.2,22.10,-2.33,7.37,-1.91,327.73,376.02,606.00,244.10,02_28_2022
HIDCL,38.66,315.30,322.00,299.90,302.00,307.78,"276,018.00",309.20,"84,952,979.40","1,742",-7.2,22.10,-2.33,7.37,-1.91,327.73,376.02,606.00,244.10,03_01_2022
HIDCL,38.49,305.00,305.00,288.00,289.00,293.63,"293,199.00",302.00,"86,091,801.00","1,907",-13.0,17.00,-4.3,5.9,-1.6,326.44,374.53,606.00,244.10,03_02_2022
HIDCL,38.48,305.00,305.00,288.00,289.00,293.63,"293,199.00",302.00,"86,091,801.00","1,907",-13.0,17.00,-4.3,5.9,-1.6,326.44,374.53,606.00,244.10,03_03_2022
HIDCL,38.48,305.00,305.00,288.00,289.00,293.63,"293,199.00",302.00,"86,091,801.00","1,907",-13.0,17.00,-4.3,5.9,-1.6,326.44,374.53,606.00,244.10,03_04_2022
HIDCL,38.48,305.00,305.00,288.00,289.00,293.63,"293,199.00",302.00,"86,091,801.00","1,907",-13.0,17.00,-4.3,5.9,-1.6,326.44,374.53,606.00,244.10,03_05_2022
HIDCL,35.85,290.00,298.00,284.60,289.00,290.82,"190,840.00",289.00,"55,499,776.00","1,329",0.0,13.4,0.0,4.71,-0.63,325.27,373.02,606.00,244.10,03_06_2022
HIDCL,38.3,290.00,295.00,285.50,285.90,289.43,"135,130.00",289.00,"39,110,554.30","1,027",-3.1,9.5,-1.07,3.33,-1.23,324.12,371.54,606.00,244.10,03_07_2022
HIDCL,33.67,290.00,295.00,285.50,285.90,289.43,"135,130.00",289.00,"39,110,554.30","1,027",-3.1,9.5,-1.07,3.33,-1.23,324.12,371.54,606.00,244.10,03_08_2022
HIDCL,33.22,291.60,291.60,275.50,278.10,279.97,"147,490.00",285.90,"41,292,596.70","1,069",-7.8,16.1,-2.73,5.84,-0.67,323.07,370.07,606.00,244.10,03_09_2022
HIDCL,32.68,281.00,295.50,275.00,295.00,285.76,"187,987.00",278.10,"53,719,957.70","1,336",16.9,20.5,6.08,7.45,3.13,322.44,368.64,606.00,244.10,03_10_2022
HIDCL,44.33,281.00,295.50,275.00,295.00,285.76,"187,987.00",278.10,"53,719,957.70","1,336",16.9,20.5,6.08,7.45,3.13,322.44,368.64,606.00,244.10,03_11_2022
HIDCL,44.33,281.00,295.50,275.00,295.00,285.76,"187,987.00",278.10,"53,719,957.70","1,336",16.9,20.5,6.08,7.45,3.13,322.44,368.64,606.00,244.10,03_12_2022
HIDCL,46.28,300.00,308.00,295.10,307.00,303.89,"267,687.00",295.00,"81,348,099.20","1,667",12.00,12.90,4.07,4.37,1.01,321.61,367.30,606.00,244.10,03_13_2022
HIDCL,51.95,313.10,313.10,298.00,304.00,305.21,"66,296.00",307.00,"20,234,335.10",458,-3.0,15.1,-0.98,5.07,-0.4,320.58,365.96,606.00,244.10,03_14_2022
HIDCL,48.34,304.00,308.00,299.00,300.00,301.04,"129,717.00",304.00,"39,050,322.10",940,-4.0,9.0,-1.32,3.01,-0.35,319.62,364.37,606.00,244.10,03_15_2022
HIDCL,48.47,300.00,306.00,295.00,296.00,297.20,"86,403.00",300.00,"25,678,749.80",705,-4.0,11.0,-1.33,3.73,-0.4,318.61,363.92,606.00,244.10,03_16_2022
HIDCL,43.64,300.00,306.00,295.00,296.00,297.20,"86,403.00",300.00,"25,678,749.80",705,-4.0,11.0,-1.33,3.73,-0.4,318.61,363.92,606.00,244.10,03_17_2022
HIDCL,43.64,300.00,306.00,295.00,296.00,297.20,"86,403.00",300.00,"25,678,749.80",705,-4.0,11.0,-1.33,3.73,-0.4,318.61,363.92,606.00,244.10,03_18_2022
HIDCL,43.64,300.00,306.00,295.00,296.00,297.20,"86,403.00",300.00,"25,678,749.80",705,-4.0,11.0,-1.33,3.73,-0.4,318.61,363.92,606.00,244.10,03_19_2022
HIDCL,45.91,301.60,306.00,295.00,296.00,296.57,"76,270.00",296.00,"22,619,619.30",594,0.0,11.0,0.0,3.73,-0.19,317.44,363.27,606.00,244.10,03_20_2022
HIDCL,36.62,300.00,306.00,293.00,302.00,299.96,"134,483.00",296.00,"40,339,799.80",775,6.00,13.0,2.03,4.44,0.67,316.35,362.51,606.00,244.10,03_21_2022
HIDCL,50.2,307.00,308.00,300.00,301.10,303.26,"102,825.00",302.00,"31,182,542.70",727,-0.9,8.0,-0.3,2.67,-0.72,315.30,361.90,606.00,244.10,03_22_2022
HIDCL,49.27,302.00,302.00,297.30,298.10,298.90,"54,842.00",301.10,"16,392,204.80",420,-3.0,4.7,-1.0,1.58,-0.27,314.35,361.26,606.00,244.10,03_23_2022
HIDCL,47.45,296.50,300.00,291.00,291.80,294.31,"112,781.00",298.10,"33,192,844.70",755,-6.3,9.0,-2.11,3.09,-0.86,313.44,360.70,606.00,244.10,03_24_2022
HIDCL,47.45,296.50,300.00,291.00,291.80,294.31,"112,781.00",298.10,"33,192,844.70",755,-6.3,9.0,-2.11,3.09,-0.86,313.44,360.70,606.00,244.10,03_24_2022
HIDCL,47.45,296.50,300.00,291.00,291.80,294.31,"112,781.00",298.10,"33,192,844.70",755,-6.3,9.0,-2.11,3.09,-0.86,313.44,360.70,606.00,244.10,03_24_2022
HIDCL,47.45,296.50,300.00,291.00,291.80,294.31,"112,781.00",298.10,"33,192,844.70",755,-6.3,9.0,-2.11,3.09,-0.86,313.44,360.70,606.00,244.10,03_24_2022
HIDCL,43.56,296.50,300.00,291.00,291.80,294.31,"112,781.00",298.10,"33,192,844.70",755,-6.3,9.0,-2.11,3.09,-0.86,313.44,360.70,606.00,244.10,03_25_2022
HIDCL,43.56,296.50,300.00,291.00,291.80,294.31,"112,781.00",298.10,"33,192,844.70",755,-6.3,9.0,-2.11,3.09,-0.86,313.44,360.70,606.00,244.10,03_26_2022
HIDCL,42.91,294.10,300.00,282.40,283.80,286.44,"160,678.00",291.80,"46,024,449.10","1,013",-8.0,17.60,-2.74,6.23,-0.93,312.71,360.00,606.00,244.10,03_27_2022
HIDCL,38.23,284.00,286.50,279.00,279.60,281.36,"129,474.00",283.80,"36,429,446.70",932,-4.2,7.5,-1.48,2.69,-0.63,311.94,359.05,606.00,244.10,03_28_2022
HIDCL,37.44,281.00,285.00,277.00,279.30,280.63,"92,772.00",279.60,"26,034,588.90",705,-0.3,8.0,-0.11,2.89,-0.48,310.97,358.02,606.00,244.10,03_29_2022
HIDCL,36.62,281.00,294.20,278.00,291.00,283.89,"167,666.00",279.30,"47,598,160.60",854,11.7,16.2,4.19,5.83,2.44,310.20,357.08,606.00,244.10,03_30_2022
HIDCL,48.53,295.00,296.80,283.00,283.00,287.28,"87,544.00",291.00,"25,149,834.20",722,-8.0,13.8,-2.75,4.88,-1.51,309.53,356.03,606.00,244.10,03_31_2022
HIDCL,44.73,295.00,296.80,283.00,283.00,287.28,"87,544.00",291.00,"25,149,834.20",722,-8.0,13.8,-2.75,4.88,-1.51,309.53,356.03,606.00,244.10,04_01_2022
HIDCL,44.73,295.00,296.80,283.00,283.00,287.28,"87,544.00",291.00,"25,149,834.20",722,-8.0,13.8,-2.75,4.88,-1.51,309.53,356.03,606.00,244.10,04_02_2022
HIDCL,43.03,283.00,283.00,275.00,279.00,278.90,"79,627.00",283.00,"22,208,086.40",597,-4.0,8.0,-1.41,2.91,0.04,308.93,354.76,606.00,244.10,04_03_2022
HIDCL,42.58,280.00,284.00,274.00,276.10,277.69,"67,259.00",279.00,"18,677,210.80",560,-2.9,10.0,-1.04,3.65,-0.58,308.50,353.70,606.00,244.10,04_04_2022
HIDCL,38.94,276.00,276.00,268.00,271.00,270.96,"149,681.00",276.10,"40,557,972.60","1,041",-5.1,8.00,-1.85,2.99,0.01,307.96,352.72,606.00,244.10,04_05_2022
HIDCL,33.14,270.00,276.00,264.00,266.20,268.24,"88,976.00",271.00,"23,866,585.50",722,-4.8,12.0,-1.77,4.55,-0.76,307.42,351.66,606.00,244.10,04_06_2022
HIDCL,31.19,269.00,275.00,264.00,270.00,270.28,"156,189.00",266.20,"42,215,168.80",857,3.8,11.0,1.43,4.17,-0.1,307.11,350.64,606.00,244.10,04_07_2022
HIDCL,35.86,269.00,275.00,264.00,270.00,270.28,"156,189.00",266.20,"42,215,168.80",857,3.8,11.0,1.43,4.17,-0.1,307.11,350.64,606.00,244.10,04_08_2022
HIDCL,35.86,269.00,275.00,264.00,270.00,270.28,"156,189.00",266.20,"42,215,168.80",857,3.8,11.0,1.43,4.17,-0.1,307.11,350.64,606.00,244.10,04_09_2022
HIDCL,35.86,269.00,275.00,264.00,270.00,270.28,"156,189.00",266.20,"42,215,168.80",857,3.8,11.0,1.43,4.17,-0.1,307.11,350.64,606.00,244.10,04_10_2022
HIDCL,35.53,275.00,280.80,264.10,264.30,270.41,"141,827.00",270.00,"38,351,469.60",780,-5.7,16.7,-2.11,6.32,-2.31,306.78,349.50,606.00,244.10,04_11_2022
HIDCL,38.28,269.00,269.00,255.00,257.00,258.02,"98,943.00",264.30,"25,528,916.50",725,-7.3,14.0,-2.76,5.49,-0.4,306.36,348.46,606.00,244.10,04_12_2022
HIDCL,36.85,260.00,261.00,252.00,260.00,257.65,"93,614.00",257.00,"24,119,736.00",676,3.00,9.0,1.17,3.57,0.9,305.92,347.46,606.00,244.10,04_13_2022
HIDCL,39.61,260.00,261.00,252.00,260.00,257.65,"93,614.00",257.00,"24,119,736.00",676,3.00,9.0,1.17,3.57,0.9,305.92,347.46,606.00,244.10,04_14_2022
HIDCL,39.61,260.00,261.00,252.00,260.00,257.65,"93,614.00",257.00,"24,119,736.00",676,3.00,9.0,1.17,3.57,0.9,305.92,347.46,606.00,244.10,04_15_2022
HIDCL,39.61,260.00,261.00,252.00,260.00,257.65,"93,614.00",257.00,"24,119,736.00",676,3.00,9.0,1.17,3.57,0.9,305.92,347.46,606.00,244.10,04_16_2022
HIDCL,42.18,263.00,265.00,252.00,253.00,257.35,"101,241.00",260.00,"26,054,642.30",662,-7.00,13.0,-2.69,5.16,-1.72,305.47,346.39,606.00,244.10,04_17_2022
HIDCL,36.78,253.10,256.00,245.00,246.00,247.67,"116,538.00",253.00,"28,862,593.00",835,-7.0,11.00,-2.77,4.49,-0.68,304.98,345.23,606.00,244.10,04_18_2022
HIDCL,35.4,250.00,255.00,239.30,247.90,247.61,"77,125.00",246.00,"19,096,713.30",624,1.9,15.7,0.77,6.56,0.12,304.50,344.18,606.00,239.30,04_19_2022
HIDCL,36.55,250.00,251.90,241.00,242.00,244.44,"73,988.00",247.90,"18,085,878.10",544,-5.9,10.9,-2.38,4.52,-1.01,304.02,343.06,606.00,239.30,04_20_2022
HIDCL,33.51,242.00,246.50,236.20,242.00,239.69,"71,656.00",242.00,"17,175,270.10",581,0.0,10.30,0.0,4.36,0.95,303.60,341.91,606.00,236.20,04_21_2022
HIDCL,36.5,242.00,246.50,236.20,242.00,239.69,"71,656.00",242.00,"17,175,270.10",581,0.0,10.30,0.0,4.36,0.95,303.60,341.91,606.00,236.20,04_22_2022
HIDCL,36.5,242.00,246.50,236.20,242.00,239.69,"71,656.00",242.00,"17,175,270.10",581,0.0,10.30,0.0,4.36,0.95,303.60,341.91,606.00,236.20,04_23_2022
HIDCL,37.02,246.00,266.20,242.10,264.00,257.53,"192,612.00",242.00,"49,603,892.50","1,239",22.00,24.10,9.09,9.95,2.45,303.33,340.88,606.00,236.20,04_24_2022
HIDCL,48.88,266.00,270.00,254.00,259.00,263.97,"173,353.00",264.00,"45,760,159.50",981,-5.0,16.0,-1.89,6.3,-1.92,302.99,339.74,606.00,236.20,04_25_2022
HIDCL,49.06,256.00,263.80,253.20,254.00,256.86,"62,261.00",259.00,"15,992,500.30",452,-5.0,10.6,-1.93,4.19,-1.13,302.58,338.63,606.00,236.20,04_26_2022
HIDCL,44.5,254.00,257.00,250.00,257.00,253.34,"97,593.00",254.00,"24,723,790.90",499,3.0,7.0,1.18,2.8,1.43,302.04,337.59,606.00,236.20,04_27_2022
HIDCL,44.95,260.00,262.00,252.00,253.00,255.33,"70,526.00",257.00,"18,007,729.20",473,-4.0,10.0,-1.56,3.97,-0.92,301.21,336.56,606.00,236.20,04_28_2022
HIDCL,32.04,260.00,262.00,252.00,253.00,255.33,"70,526.00",257.00,"18,007,729.20",473,-4.0,10.0,-1.56,3.97,-0.92,301.21,336.56,606.00,236.20,04_29_2022
HIDCL,32.04,260.00,262.00,252.00,253.00,255.33,"70,526.00",257.00,"18,007,729.20",473,-4.0,10.0,-1.56,3.97,-0.92,301.21,336.56,606.00,236.20,04_30_2022
HIDCL,32.04,260.00,262.00,252.00,253.00,255.33,"70,526.00",257.00,"18,007,729.20",473,-4.0,10.0,-1.56,3.97,-0.92,301.21,336.56,606.00,236.20,05_01_2022
HIDCL,33.44,249.00,250.00,244.10,247.00,246.05,"82,139.00",253.00,"20,210,063.00",472,-6.0,5.9,-2.37,2.42,0.39,300.33,335.52,606.00,236.20,05_02_2022
HIDCL,35.98,249.00,250.00,244.10,247.00,246.05,"82,139.00",253.00,"20,210,063.00",472,-6.0,5.9,-2.37,2.42,0.39,300.33,335.52,606.00,236.20,05_03_2022
HIDCL,35.07,247.00,249.00,239.00,241.00,241.88,"74,916.00",247.00,"18,120,714.50",509,-6.0,10.0,-2.43,4.18,-0.37,299.32,334.44,606.00,236.20,05_04_2022
HIDCL,33.83,240.00,245.00,235.50,236.50,236.97,"86,208.00",241.00,"20,428,821.50",580,-4.5,9.5,-1.87,4.03,-0.2,298.03,333.25,606.00,235.50,05_05_2022
HIDCL,30.27,240.00,245.00,235.50,236.50,236.97,"86,208.00",241.00,"20,428,821.50",580,-4.5,9.5,-1.87,4.03,-0.2,298.03,333.25,606.00,235.50,05_06_2022
HIDCL,30.27,240.00,245.00,235.50,236.50,236.97,"86,208.00",241.00,"20,428,821.50",580,-4.5,9.5,-1.87,4.03,-0.2,298.03,333.25,606.00,235.50,05_07_2022
HIDCL,30.27,240.00,247.00,229.50,239.00,234.10,"77,882.00",236.50,"18,232,317.70",564,2.5,17.50,1.06,7.63,2.05,296.67,331.98,606.00,229.50,05_08_2022
HIDCL,33.13,242.00,246.00,238.30,240.00,242.04,"69,848.00",239.00,"16,905,973.20",584,1.0,7.7,0.42,3.23,-0.85,295.34,330.79,606.00,229.50,05_09_2022
HIDCL,34.64,243.00,250.90,238.00,249.00,245.19,"94,304.00",240.00,"23,122,238.40",584,9.0,12.9,3.75,5.42,1.53,294.13,329.62,606.00,229.50,05_10_2022
HIDCL,45.13,251.00,259.90,250.00,259.90,255.94,"122,944.00",249.00,"31,466,045.80",774,10.9,9.9,4.38,3.96,1.52,293.09,328.52,606.00,229.50,05_11_2022
HIDCL,48.36,265.00,266.00,252.90,253.00,257.81,"113,243.00",259.90,"29,195,701.90",698,-6.9,13.1,-2.65,5.18,-1.9,292.18,327.34,606.00,229.50,05_12_2022
HIDCL,47.06,265.00,266.00,252.90,253.00,257.81,"113,243.00",259.90,"29,195,701.90",698,-6.9,13.1,-2.65,5.18,-1.9,292.18,327.34,606.00,229.50,05_13_2022
HIDCL,47.06,265.00,266.00,252.90,253.00,257.81,"113,243.00",259.90,"29,195,701.90",698,-6.9,13.1,-2.65,5.18,-1.9,292.18,327.34,606.00,229.50,05_14_2022
HIDCL,47.06,265.00,266.00,252.90,253.00,257.81,"113,243.00",259.90,"29,195,701.90",698,-6.9,13.1,-2.65,5.18,-1.9,292.18,327.34,606.00,229.50,05_15_2022
HIDCL,47.06,265.00,266.00,252.90,253.00,257.81,"113,243.00",259.90,"29,195,701.90",698,-6.9,13.1,-2.65,5.18,-1.9,292.18,327.34,606.00,229.50,05_16_2022
HIDCL,48.41,248.00,252.00,238.00,240.00,242.26,"119,012.00",253.00,"28,832,150.50",636,-13.00,14.0,-5.14,5.88,-0.94,291.26,326.11,606.00,229.50,05_17_2022
HIDCL,44.97,240.00,247.80,235.20,244.50,241.27,"52,973.00",240.00,"12,780,593.00",400,4.5,12.6,1.88,5.36,1.32,290.68,324.94,606.00,229.50,05_18_2022
HIDCL,36.71,244.50,247.50,239.00,239.10,241.80,"51,206.00",244.50,"12,381,436.30",415,-5.4,8.5,-2.21,3.56,-1.13,289.92,323.74,606.00,229.50,05_19_2022
HIDCL,28.18,238.00,243.00,237.00,238.50,238.77,"44,255.00",239.10,"10,566,576.10",283,-0.6,6.0,-0.25,2.53,-0.11,289.12,322.51,606.00,229.50,05_20_2022
HIDCL,27.04,238.00,243.00,237.00,238.50,238.77,"44,255.00",239.10,"10,566,576.10",283,-0.6,6.0,-0.25,2.53,-0.11,289.12,322.51,606.00,229.50,05_21_2022
HIDCL,27.04,238.00,243.00,237.00,238.50,238.77,"44,255.00",239.10,"10,566,576.10",283,-0.6,6.0,-0.25,2.53,-0.11,289.12,322.51,606.00,229.50,05_22_2022
HIDCL,26.79,240.00,240.00,228.70,234.90,233.23,"68,273.00",238.50,"15,923,416.20",477,-3.6,11.3,-1.51,4.94,0.71,288.33,321.11,606.00,228.70,05_23_2022
HIDCL,34.32,234.30,241.90,230.00,236.00,237.23,"54,485.00",234.90,"12,925,401.00",418,1.1,11.90,0.47,5.17,-0.52,287.64,319.81,606.00,228.70,05_24_2022
HIDCL,28.31,240.70,241.00,236.50,237.50,238.53,"34,804.00",236.00,"8,301,853.80",263,1.5,4.5,0.64,1.9,-0.43,287.00,318.36,606.00,228.70,05_25_2022
HIDCL,32.22,236.00,240.00,235.20,236.10,237.33,"41,079.00",237.50,"9,749,287.20",314,-1.4,4.8,-0.59,2.04,-0.52,286.34,316.73,606.00,228.70,05_26_2022
HIDCL,36.83,231.40,244.00,231.40,235.00,234.85,"55,146.00",236.10,"12,950,937.20",354,-1.1,12.6,-0.47,5.45,0.06,285.71,314.87,606.00,228.70,05_27_2022
HIDCL,39.8,231.40,244.00,231.40,235.00,234.85,"55,146.00",236.10,"12,950,937.20",354,-1.1,12.6,-0.47,5.45,0.06,285.71,314.87,606.00,228.70,05_28_2022
HIDCL,39.8,231.40,244.00,231.40,235.00,234.85,"55,146.00",236.10,"12,950,937.20",354,-1.1,12.6,-0.47,5.45,0.06,285.71,314.87,606.00,228.70,05_29_2022
HIDCL,39.28,238.00,239.70,230.00,231.00,232.22,"54,334.00",235.00,"12,617,265.10",425,-4.0,9.7,-1.7,4.22,-0.53,285.01,312.96,606.00,228.70,05_30_2022
HIDCL,34.81,230.00,235.60,225.50,227.00,228.01,"77,877.00",231.00,"17,756,753.60",519,-4.0,10.1,-1.73,4.48,-0.45,284.31,311.03,595.00,225.50,05_31_2022
HIDCL,35.6,231.50,232.10,223.00,226.00,225.88,"47,196.00",227.00,"10,660,764.10",336,-1.0,9.1,-0.44,4.08,0.05,283.69,309.42,595.00,223.00,06_01_2022
HIDCL,33.11,227.00,230.00,225.00,227.00,227.65,"53,609.00",226.00,"12,203,949.50",309,1.0,5.0,0.44,2.22,-0.29,283.09,308.09,595.00,223.00,06_02_2022
HIDCL,32.92,227.00,227.20,222.00,222.10,223.88,"55,559.00",227.00,"12,438,666.30",369,-4.9,5.2,-2.16,2.34,-0.8,282.46,306.83,595.00,222.00,06_03_2022
HIDCL,31.59,227.00,227.20,222.00,222.10,223.88,"55,559.00",227.00,"12,438,666.30",369,-4.9,5.2,-2.16,2.34,-0.8,282.46,306.83,595.00,222.00,06_04_2022
HIDCL,31.59,227.00,227.20,222.00,222.10,223.88,"55,559.00",227.00,"12,438,666.30",369,-4.9,5.2,-2.16,2.34,-0.8,282.46,306.83,595.00,222.00,06_05_2022
HIDCL,31.16,226.30,230.00,220.10,221.50,222.95,"50,403.00",222.10,"11,237,334.20",389,-0.6,9.9,-0.27,4.5,-0.65,281.84,305.56,595.00,220.10,06_06_2022
HIDCL,32.63,219.10,224.00,215.00,216.00,218.19,"76,840.00",221.50,"16,766,057.70",488,-5.5,9.0,-2.48,4.19,-1.02,281.24,304.30,595.00,215.00,06_07_2022
HIDCL,33.17,216.00,230.00,215.00,223.00,222.92,"65,921.00",216.00,"14,695,128.50",467,7.0,15.00,3.24,6.98,0.04,280.79,303.15,595.00,215.00,06_08_2022
HIDCL,37.97,226.00,229.80,219.00,221.00,224.27,"64,569.00",223.00,"14,480,897.10",499,-2.0,10.8,-0.9,4.93,-1.48,280.24,302.02,595.00,215.00,06_09_2022
HIDCL,40.61,225.00,225.00,216.20,218.00,218.23,"45,356.00",221.00,"9,897,994.80",262,-3.0,8.8,-1.36,4.07,-0.11,279.66,300.98,595.00,215.00,06_10_2022
HIDCL,36.79,225.00,225.00,216.20,218.00,218.23,"45,356.00",221.00,"9,897,994.80",262,-3.0,8.8,-1.36,4.07,-0.11,279.66,300.98,595.00,215.00,06_11_2022
HIDCL,36.79,225.00,225.00,216.20,218.00,218.23,"45,356.00",221.00,"9,897,994.80",262,-3.0,8.8,-1.36,4.07,-0.11,279.66,300.98,595.00,215.00,06_12_2022
HIDCL,36.52,218.00,220.80,215.70,216.10,217.46,"27,696.00",218.00,"6,022,721.70",232,-1.9,5.1,-0.87,2.36,-0.63,279.13,300.13,575.00,215.00,06_13_2022
HIDCL,37.58,216.00,216.00,209.80,211.90,211.48,"55,652.00",216.10,"11,769,533.50",405,-4.2,6.2,-1.94,2.96,0.2,278.57,299.04,575.00,209.80,06_14_2022
HIDCL,30.81,211.90,211.90,202.90,205.00,205.48,"74,253.00",211.90,"15,257,469.60",553,-6.9,9.00,-3.26,4.44,-0.23,278.06,297.81,575.00,202.90,06_15_2022
HIDCL,34.7,205.00,209.00,198.00,202.00,203.88,"93,122.00",205.00,"18,985,278.60",582,-3.0,11.0,-1.46,5.56,-0.93,277.67,296.62,575.00,198.00,06_16_2022
HIDCL,36.4,205.00,206.00,200.50,202.00,203.22,"35,993.00",202.00,"7,314,331.90",231,0.0,5.5,0.0,2.74,-0.6,277.07,295.43,575.00,198.00,06_17_2022
HIDCL,30.41,205.00,206.00,200.50,202.00,203.22,"35,993.00",202.00,"7,314,331.90",231,0.0,5.5,0.0,2.74,-0.6,277.07,295.43,575.00,198.00,06_18_2022
HIDCL,29.91,202.00,202.00,195.10,195.10,197.52,"59,564.00",202.00,"11,765,159.30",545,-6.9,6.90,-3.42,3.54,-1.24,276.39,294.08,575.00,195.10,06_19_2022
HIDCL,30.91,195.00,195.00,185.10,186.00,187.41,"131,527.00",195.10,"24,649,319.90",828,-9.1,9.90,-4.66,5.35,-0.76,275.70,292.72,575.00,185.10,06_20_2022
HIDCL,35.67,184.00,200.00,181.00,193.00,192.09,"101,311.00",186.00,"19,460,573.80",640,7.0,19.00,3.76,10.5,0.47,275.23,291.42,575.00,181.00,06_21_2022
HIDCL,38.84,193.00,195.00,188.00,190.00,189.56,"48,776.00",193.00,"9,245,936.70",389,-3.0,7.0,-1.55,3.72,0.23,274.68,290.18,575.00,181.00,06_22_2022
HIDCL,31.65,186.20,189.00,180.00,181.00,181.84,"114,989.00",190.00,"20,909,658.00",721,-9.0,9.0,-4.74,5.0,-0.46,273.93,288.96,575.00,180.00,06_23_2022
HIDCL,55.59,221.80,224.40,208.00,209.00,213.90,"130,522.00",217.50,"27,919,091.00",849,-8.5,16.4,-3.91,7.88,-2.35,269.15,280.66,575.00,173.00,07_05_2022
HIDCL,38.15,213.10,213.50,202.10,209.00,207.98,"114,594.00",209.00,"23,833,268.00",599,0.0,11.4,0.0,5.64,0.49,268.40,280.14,575.00,173.00,07_06_2022
HIDCL,42.69,213.10,219.90,206.80,206.80,210.21,"94,290.00",209.00,"19,820,529.50",519,-2.2,13.1,-1.05,6.33,-1.65,267.50,279.58,575.00,173.00,07_07_2022
HIDCL,32.62,210.90,213.00,202.00,204.00,203.73,"64,813.00",206.80,"13,204,472.80",357,-2.8,11.0,-1.35,5.45,0.13,266.58,278.97,575.00,173.00,07_08_2022
HIDCL,30.45,210.90,213.00,202.00,204.00,203.73,"64,813.00",206.80,"13,204,472.80",357,-2.8,11.0,-1.35,5.45,0.13,266.58,278.97,575.00,173.00,07_09_2022
HIDCL,30.45,210.90,213.00,202.00,204.00,203.73,"64,813.00",206.80,"13,204,472.80",357,-2.8,11.0,-1.35,5.45,0.13,266.58,278.97,575.00,173.00,07_10_2022
HIDCL,28.24,204.00,204.00,190.00,192.00,195.21,"151,090.00",204.00,"29,493,805.20",924,-12.0,14.0,-5.88,7.37,-1.67,265.48,278.34,575.00,173.00,07_11_2022
HIDCL,32.29,190.00,199.00,190.00,193.90,195.14,"88,495.00",192.00,"17,269,072.60",566,1.9,9.0,0.99,4.74,-0.64,264.29,277.72,575.00,173.00,07_12_2022
HIDCL,27.85,197.70,203.00,194.10,203.00,199.66,"125,437.00",193.90,"25,045,077.30",660,9.1,8.9,4.69,4.59,1.64,263.11,277.15,575.00,173.00,07_13_2022
HIDCL,-,207.00,210.00,199.50,202.00,202.86,"104,381.00",203.00,"21,175,050.10",568,-1.0,10.50,-0.49,5.26,-0.43,261.96,276.61,575.00,173.00,07_14_2022
HIDCL,34.62,205.90,205.90,198.00,200.00,199.88,"51,048.00",202.00,"10,203,224.40",268,-2.0,7.9,-0.99,3.99,0.06,260.87,276.10,575.00,173.00,07_15_2022
HIDCL,44.75,205.90,205.90,198.00,200.00,199.88,"51,048.00",202.00,"10,203,224.40",268,-2.0,7.9,-0.99,3.99,0.06,260.87,276.10,575.00,173.00,07_16_2022
HIDCL,41.98,204.00,204.00,197.00,201.00,200.27,"46,819.00",200.00,"9,376,223.80",354,1.0,7.0,0.5,3.55,0.37,259.87,275.57,575.00,173.00,07_17_2022
HIDCL,39.15,201.50,205.00,198.20,202.90,201.71,"50,434.00",201.00,"10,173,272.90",356,1.90,6.8,0.95,3.43,0.58,258.76,275.03,575.00,173.00,07_18_2022
HIDCL,28.88,198.90,208.80,198.90,203.10,205.42,"96,075.00",202.90,"19,735,893.20",571,0.2,9.9,0.1,4.98,-1.14,257.71,274.47,575.00,173.00,07_19_2022
HIDCL,33.7,203.00,207.00,200.00,204.50,204.40,"70,942.00",203.10,"14,500,701.60",464,1.4,7.0,0.69,3.5,0.05,256.78,273.82,575.00,173.00,07_20_2022
HIDCL,46.87,204.50,205.00,201.00,202.40,202.83,"51,236.00",204.50,"10,392,051.20",353,-2.1,4.0,-1.03,1.99,-0.21,255.84,272.98,575.00,173.00,07_21_2022
HIDCL,44.08,200.00,202.50,198.00,199.00,200.02,"84,964.00",202.40,"16,994,668.10",663,-3.4,4.5,-1.68,2.27,-0.51,254.93,272.14,575.00,173.00,07_22_2022
HIDCL,31.55,200.00,202.50,198.00,199.00,200.02,"84,964.00",202.40,"16,994,668.10",663,-3.4,4.5,-1.68,2.27,-0.51,254.93,272.14,575.00,173.00,07_23_2022
HIDCL,28.75,202.90,209.10,200.20,208.00,205.09,"164,387.00",199.00,"33,714,297.60","1,218",9.0,8.9,4.52,4.45,1.4,254.08,271.27,575.00,173.00,07_24_2022
HIDCL,49.78,212.00,216.20,209.10,216.00,213.97,"166,133.00",208.00,"35,547,295.30","1,341",8.0,7.1,3.85,3.4,0.94,253.11,270.30,575.00,173.00,07_25_2022
HIDCL,54.62,217.00,220.00,208.00,208.10,212.21,"188,378.00",216.00,"39,975,400.40","1,208",-7.9,12.0,-3.66,5.77,-1.97,251.87,269.22,575.00,173.00,07_26_2022
HIDCL,52.25,210.00,212.10,203.90,211.00,208.81,"159,697.00",208.10,"33,346,075.60",968,2.9,8.2,1.39,4.02,1.04,250.64,268.17,575.00,173.00,07_27_2022
HIDCL,54.83,214.90,219.00,210.00,212.00,214.50,"248,450.00",211.00,"53,292,583.00","1,378",1.0,9.00,0.47,4.29,-1.18,249.49,267.16,575.00,173.00,07_28_2022
HIDCL,56.22,212.00,215.00,210.00,210.30,211.23,"66,384.00",212.00,"14,022,174.80",461,-1.7,5.00,-0.8,2.38,-0.44,248.44,266.19,575.00,173.00,07_29_2022
HIDCL,33.22,212.00,215.00,210.00,210.30,211.23,"66,384.00",212.00,"14,022,174.80",461,-1.7,5.00,-0.8,2.38,-0.44,248.44,266.19,575.00,173.00,07_30_2022
HIDCL,30.8,214.00,225.00,210.00,224.70,218.28,"363,358.00",210.30,"79,315,512.90","1,774",14.4,15.0,6.85,7.14,2.86,247.39,265.43,575.00,173.00,07_31_2022
HIDCL,55.89,229.00,243.30,220.20,236.10,234.83,"586,248.00",224.70,"137,670,704.90","2,684",11.4,23.1,5.07,10.49,0.54,246.53,264.80,575.00,173.00,08_01_2022
HIDCL,61.1,236.10,242.00,232.50,236.00,236.33,"248,278.00",236.10,"58,675,308.90","1,350",-0.1,9.5,-0.04,4.09,-0.14,245.70,264.36,575.00,173.00,08_02_2022
HIDCL,55.63,240.00,245.00,235.00,236.70,240.13,"303,899.00",236.00,"72,974,627.10","1,421",0.7,10.0,0.3,4.26,-1.45,244.88,263.84,575.00,173.00,08_03_2022
HIDCL,53.74,239.00,240.00,227.40,228.00,231.93,"266,957.00",236.70,"61,914,402.20","1,352",-8.7,12.6,-3.68,5.54,-1.72,244.13,263.25,575.00,173.00,08_04_2022
HIDCL,44.53,230.00,230.00,219.00,220.10,222.70,"179,298.00",228.00,"39,930,216.80",918,-7.9,11.0,-3.46,5.02,-1.18,243.32,262.64,575.00,173.00,08_05_2022
HIDCL,36.22,230.00,230.00,219.00,220.10,222.70,"179,298.00",228.00,"39,930,216.80",918,-7.9,11.0,-3.46,5.02,-1.18,243.32,262.64,575.00,173.00,08_06_2022
HIDCL,32.94,217.00,227.00,217.00,222.00,221.74,"170,693.00",220.10,"37,849,696.60",904,1.9,10.0,0.86,4.61,0.12,242.42,262.10,575.00,173.00,08_07_2022
HIDCL,34.13,223.00,224.90,215.00,217.00,218.81,"245,436.00",222.00,"53,703,754.90","1,052",-5.00,9.90,-2.25,4.6,-0.83,241.54,261.56,575.00,173.00,08_08_2022
HIDCL,37.97,220.00,220.00,208.10,209.40,211.39,"219,380.00",217.00,"46,374,558.60","1,130",-7.6,11.9,-3.5,5.72,-0.95,240.63,260.97,575.00,173.00,08_09_2022
HIDCL,35.15,211.90,212.00,204.00,207.90,208.42,"103,559.00",209.40,"21,583,865.30",749,-1.5,8.00,-0.72,3.92,-0.25,239.75,260.40,575.00,173.00,08_10_2022
HIDCL,30.34,211.00,212.00,204.00,205.00,206.86,"120,233.00",207.90,"24,871,623.60",750,-2.90,8.00,-1.39,3.92,-0.91,238.82,259.79,575.00,173.00,08_11_2022
HIDCL,29.08,211.00,212.00,204.00,205.00,206.86,"120,233.00",207.90,"24,871,623.60",750,-2.90,8.00,-1.39,3.92,-0.91,238.82,259.79,575.00,173.00,08_12_2022
HIDCL,29.08,211.00,212.00,204.00,205.00,206.86,"120,233.00",207.90,"24,871,623.60",750,-2.90,8.00,-1.39,3.92,-0.91,238.82,259.79,575.00,173.00,08_13_2022
HIDCL,25.6,206.00,210.00,200.00,201.90,202.86,"160,174.00",205.00,"32,492,664.30",836,-3.1,10.0,-1.51,5.0,-0.47,237.88,259.19,575.00,173.00,08_14_2022
HIDCL,27.36,201.90,214.00,201.00,214.00,209.13,"153,670.00",201.90,"32,136,362.60",889,12.1,13.0,5.99,6.47,2.28,237.04,258.71,575.00,173.00,08_15_2022
HIDCL,42.78,218.20,222.00,208.00,209.00,213.89,"165,060.00",214.00,"35,305,116.00",868,-5.00,14.00,-2.34,6.73,-2.34,236.22,258.21,575.00,173.00,08_16_2022
HIDCL,34.43,213.00,213.00,206.10,207.90,209.16,"58,107.00",209.00,"12,153,816.00",462,-1.1,6.9,-0.53,3.35,-0.61,235.38,257.71,575.00,173.00,08_17_2022
HIDCL,39.65,208.00,213.00,208.00,212.60,211.26,"99,406.00",207.90,"21,000,638.70",618,4.7,5.0,2.26,2.4,0.63,234.63,257.25,575.00,173.00,08_18_2022
HIDCL,43.35,208.00,213.00,208.00,212.60,211.26,"99,406.00",207.90,"21,000,638.70",618,4.7,5.0,2.26,2.4,0.63,234.63,257.25,575.00,173.00,08_19_2022
HIDCL,43.35,208.00,213.00,208.00,212.60,211.26,"99,406.00",207.90,"21,000,638.70",618,4.7,5.0,2.26,2.4,0.63,234.63,257.25,575.00,173.00,08_20_2022
HIDCL,43.35,212.00,215.00,208.90,209.00,211.39,"74,996.00",212.60,"15,853,149.70",556,-3.6,6.1,-1.69,2.92,-1.14,233.97,256.81,507.00,173.00,08_21_2022
HIDCL,-,212.00,212.00,206.10,207.50,207.95,"55,244.00",209.00,"11,488,174.50",410,-1.5,5.9,-0.72,2.86,-0.22,233.29,256.42,507.00,173.00,08_22_2022
HIDCL,27.15,206.00,210.00,206.00,208.00,207.80,"43,207.00",207.50,"8,978,585.00",385,0.5,4.0,0.24,1.94,0.09,232.64,255.98,507.00,173.00,08_23_2022
HIDCL,32.22,208.00,211.00,207.00,207.00,208.46,"49,715.00",208.00,"10,363,826.60",360,-1.0,4.0,-0.48,1.93,-0.71,232.05,255.53,507.00,173.00,08_24_2022
HIDCL,20.81,207.00,211.00,204.10,205.00,206.48,"68,338.00",207.00,"14,110,516.30",506,-2.0,6.9,-0.97,3.38,-0.72,231.30,255.12,484.50,173.00,08_25_2022
HIDCL,32.24,205.00,205.00,200.00,202.50,201.94,"78,494.00",205.00,"15,851,293.30",472,-2.5,5.0,-1.22,2.5,0.28,230.43,254.69,480.20,173.00,08_26_2022
HIDCL,37.36,205.00,205.00,200.00,202.50,201.94,"78,494.00",205.00,"15,851,293.30",472,-2.5,5.0,-1.22,2.5,0.28,230.43,254.69,480.20,173.00,08_27_2022
HIDCL,37.36,202.50,203.80,196.00,196.00,199.00,"139,016.00",202.50,"27,663,564.40",933,-6.5,7.8,-3.21,3.98,-1.53,229.53,254.30,468.10,173.00,08_28_2022
HIDCL,35.33,196.00,198.00,192.00,195.90,195.00,"121,607.00",196.00,"23,712,922.40",745,-0.1,6.0,-0.05,3.13,0.46,228.66,254.01,468.10,173.00,08_29_2022
HIDCL,34.84,199.80,201.00,196.00,196.80,197.83,"62,915.00",195.90,"12,446,298.40",466,0.9,5.0,0.46,2.55,-0.52,227.83,253.58,463.50,173.00,08_30_2022
HIDCL,31.85,198.00,199.00,193.00,193.60,194.58,"49,682.00",196.80,"9,667,166.80",470,-3.2,6.0,-1.63,3.11,-0.51,226.98,253.12,463.50,173.00,08_31_2022
HIDCL,37.86,430.00,446.00,421.40,424.20,431.64,"184,206.00",430.00,"79,511,397.50","1,455",-5.8,24.6,-1.35,5.84,-1.75,464.27,412.20,606.00,141.00,09_01_2021
HIDCL,30.3,193.00,196.00,190.60,194.10,193.06,"72,459.00",193.60,"13,988,648.10",503,0.5,5.4,0.26,2.83,0.54,226.08,252.71,463.50,173.00,09_01_2022
HIDCL,36.12,191.50,197.80,191.50,193.90,194.09,"22,787.00",194.10,"4,422,620.10",223,-0.2,6.3,-0.1,3.29,-0.1,225.19,252.39,463.50,173.00,09_02_2022
HIDCL,31.09,191.50,197.80,191.50,193.90,194.09,"22,787.00",194.10,"4,422,620.10",223,-0.2,6.3,-0.1,3.29,-0.1,225.19,252.39,463.50,173.00,09_03_2022
HIDCL,30.59,196.00,198.00,192.50,194.90,194.55,"44,319.00",193.90,"8,622,389.40",379,1.0,5.5,0.52,2.86,0.18,224.33,252.05,463.50,173.00,09_04_2022
HIDCL,33.25,197.00,197.00,192.50,193.00,193.69,"40,174.00",194.90,"7,781,185.60",368,-1.9,4.5,-0.97,2.34,-0.36,223.50,251.62,463.50,173.00,09_05_2022
HIDCL,35.0,194.00,195.00,189.50,191.00,190.25,"77,559.00",193.00,"14,755,912.30",510,-2.0,5.5,-1.04,2.9,0.39,222.73,251.19,463.50,173.00,09_06_2022
HIDCL,35.02,193.00,193.00,188.00,189.00,188.63,"35,974.00",191.00,"6,785,694.50",315,-2.0,5.0,-1.05,2.66,0.2,221.97,250.75,463.50,173.00,09_07_2022
HIDCL,27.74,191.90,191.90,185.10,189.00,188.61,"62,587.00",189.00,"11,804,760.40",488,0.0,6.8,0.0,3.67,0.2,221.22,250.39,463.50,173.00,09_08_2022
HIDCL,34.33,191.90,191.90,185.10,189.00,188.61,"62,587.00",189.00,"11,804,760.40",488,0.0,6.8,0.0,3.67,0.2,221.22,250.39,463.50,173.00,09_09_2022
HIDCL,34.33,191.90,191.90,185.10,189.00,188.61,"62,587.00",189.00,"11,804,760.40",488,0.0,6.8,0.0,3.67,0.2,221.22,250.39,463.50,173.00,09_10_2022
HIDCL,33.7,191.00,192.70,185.50,186.00,188.78,"41,781.00",189.00,"7,887,524.70",379,-3.0,7.2,-1.59,3.88,-1.5,220.35,250.00,463.50,173.00,09_11_2022
HIDCL,30.3,186.00,189.00,183.00,184.10,184.84,"41,751.00",186.00,"7,717,392.80",358,-1.9,6.0,-1.02,3.28,-0.4,219.52,249.61,463.50,173.00,09_12_2022
HIDCL,30.59,183.00,190.00,181.00,188.00,187.69,"52,919.00",184.10,"9,932,201.50",426,3.9,9.0,2.12,4.97,0.17,218.76,249.23,463.50,173.00,09_13_2022
HIDCL,37.28,190.00,197.40,190.00,196.80,194.14,"84,374.00",188.00,"16,380,589.20",617,8.8,7.4,4.68,3.89,1.35,218.10,248.90,439.00,173.00,09_14_2022
HIDCL,46.3,196.80,199.50,186.40,187.80,191.37,"92,120.00",196.80,"17,628,859.00",619,-9.0,13.1,-4.57,7.03,-1.9,217.41,248.48,435.00,173.00,09_15_2022
HIDCL,44.3,188.00,188.00,177.00,184.50,183.55,"62,380.00",187.80,"11,449,929.40",425,-3.3,11.0,-1.76,6.21,0.51,216.73,248.01,413.00,173.00,09_16_2022
HIDCL,40.3,188.00,188.00,177.00,184.50,183.55,"62,380.00",187.80,"11,449,929.40",425,-3.3,11.0,-1.76,6.21,0.51,216.73,248.01,413.00,173.00,09_17_2022
HIDCL,38.37,187.00,188.00,178.00,179.90,179.85,"95,219.00",184.50,"17,125,519.10",682,-4.6,10.0,-2.49,5.62,0.03,215.98,247.49,413.00,173.00,09_18_2022
HIDCL,33.45,187.00,188.00,178.00,179.90,179.85,"95,219.00",184.50,"17,125,519.10",682,-4.6,10.0,-2.49,5.62,0.03,215.98,247.49,413.00,173.00,09_19_2022
HIDCL,33.82,179.90,179.90,173.00,174.50,174.59,"85,875.00",179.90,"14,993,337.40",686,-5.4,6.9,-3.0,3.99,-0.05,215.23,246.80,413.00,173.00,09_20_2022
HIDCL,27.09,174.00,180.00,174.00,175.80,177.15,"57,815.00",174.50,"10,241,932.70",460,1.3,6.0,0.74,3.45,-0.77,214.55,246.03,413.00,173.00,09_21_2022
HIDCL,31.55,175.00,177.60,172.40,173.50,174.39,"46,079.00",175.80,"8,035,799.10",427,-2.3,5.20,-1.31,3.02,-0.51,213.83,245.25,413.00,172.40,09_22_2022
HIDCL,65.93,408.00,412.00,392.00,394.00,396.50,"82,285.00",400.00,"32,625,881.90",661,-6.0,20.0,-1.5,5.1,-0.63,445.06,426.62,606.00,221.00,11_03_2021
HIDCL,60.12,408.00,412.00,392.00,394.00,396.50,"82,285.00",400.00,"32,625,881.90",661,-6.0,20.0,-1.5,5.1,-0.63,445.06,426.62,606.00,221.00,11_05_2021
HIDCL,60.12,408.00,412.00,392.00,394.00,396.50,"82,285.00",400.00,"32,625,881.90",661,-6.0,20.0,-1.5,5.1,-0.63,445.06,426.62,606.00,221.00,11_06_2021
HIDCL,60.12,408.00,412.00,392.00,394.00,396.50,"82,285.00",400.00,"32,625,881.90",661,-6.0,20.0,-1.5,5.1,-0.63,445.06,426.62,606.00,221.00,11_07_2021
HIDCL,60.91,401.80,405.80,380.00,384.90,389.22,"65,434.00",394.00,"25,467,986.70",534,-9.1,25.8,-2.31,6.79,-1.12,443.90,426.84,606.00,229.00,11_08_2021
HIDCL,52.67,380.00,387.00,361.20,362.00,368.38,"106,724.00",384.90,"39,315,212.50",885,-22.9,25.8,-5.95,7.14,-1.76,442.66,426.89,606.00,229.00,11_09_2021
HIDCL,48.51,380.00,387.00,361.20,362.00,368.38,"106,724.00",384.90,"39,315,212.50",885,-22.9,25.8,-5.95,7.14,-1.76,442.66,426.89,606.00,229.00,11_10_2021
HIDCL,46.46,369.20,370.00,347.00,350.00,353.94,"82,721.00",362.00,"29,278,554.10",719,-12.0,23.0,-3.31,6.63,-1.13,441.27,426.87,606.00,229.00,11_11_2021
HIDCL,44.59,369.20,370.00,347.00,350.00,353.94,"82,721.00",362.00,"29,278,554.10",719,-12.0,23.0,-3.31,6.63,-1.13,441.27,426.87,606.00,229.00,11_12_2021
HIDCL,44.59,369.20,370.00,347.00,350.00,353.94,"82,721.00",362.00,"29,278,554.10",719,-12.0,23.0,-3.31,6.63,-1.13,441.27,426.87,606.00,229.00,11_13_2021
HIDCL,42.54,343.00,343.00,315.00,315.00,315.16,"343,216.00",350.00,"108,166,814.90","1,960",-35.00,28.00,-10.0,8.89,-0.05,439.52,426.70,606.00,229.00,11_14_2021
HIDCL,48.52,308.70,336.90,291.00,329.50,318.80,"898,671.00",315.00,"286,492,983.80","5,018",14.50,45.90,4.6,15.77,3.25,437.72,426.61,606.00,229.00,11_15_2021
HIDCL,50.05,330.00,338.00,323.00,334.70,330.03,"459,926.00",329.50,"151,790,678.30","2,999",5.20,15.00,1.58,4.64,1.39,436.00,426.58,606.00,229.00,11_16_2021
HIDCL,47.74,339.00,341.20,329.00,329.40,333.57,"311,568.00",334.70,"103,929,254.10","2,109",-5.30,12.20,-1.58,3.71,-1.27,434.11,426.57,606.00,229.00,11_17_2021
HIDCL,45.32,329.40,330.00,317.00,319.00,322.56,"297,282.00",329.40,"95,890,072.00","2,074",-10.4,13.0,-3.16,4.1,-1.11,432.13,426.43,606.00,229.00,11_18_2021
HIDCL,52.77,329.40,330.00,317.00,319.00,322.56,"297,282.00",329.40,"95,890,072.00","2,074",-10.4,13.0,-3.16,4.1,-1.11,432.13,426.43,606.00,229.00,11_19_2021
HIDCL,52.77,329.40,330.00,317.00,319.00,322.56,"297,282.00",329.40,"95,890,072.00","2,074",-10.4,13.0,-3.16,4.1,-1.11,432.13,426.43,606.00,229.00,11_20_2021
HIDCL,48.07,320.00,325.00,313.60,315.00,317.22,"367,319.00",319.00,"116,520,320.80","2,148",-4.0,11.4,-1.25,3.64,-0.7,430.08,426.36,606.00,232.00,11_21_2021
HIDCL,42.8,319.00,324.00,314.00,315.00,317.42,"231,811.00",315.00,"73,581,274.50","1,574",0.0,10.0,0.0,3.18,-0.77,428.11,426.30,606.00,232.00,11_22_2021
HIDCL,43.24,315.00,319.00,308.00,311.00,311.41,"214,206.00",315.00,"66,706,926.70","1,659",-4.0,11.0,-1.27,3.57,-0.13,426.19,426.19,606.00,244.00,11_23_2021
HIDCL,47.06,311.00,322.30,303.00,315.00,312.68,"216,738.00",311.00,"67,769,295.20","1,560",4.00,19.3,1.29,6.37,0.74,424.24,426.11,606.00,244.00,11_24_2021
HIDCL,48.19,320.00,321.00,310.00,310.50,313.59,"163,409.00",315.00,"51,244,012.40","1,057",-4.5,11.0,-1.43,3.55,-1.0,421.93,426.01,606.00,244.00,11_25_2021
HIDCL,44.34,320.00,321.00,310.00,310.50,313.59,"163,409.00",315.00,"51,244,012.40","1,057",-4.5,11.0,-1.43,3.55,-1.0,421.93,426.01,606.00,244.00,11_26_2021
HIDCL,44.34,320.00,321.00,310.00,310.50,313.59,"163,409.00",315.00,"51,244,012.40","1,057",-4.5,11.0,-1.43,3.55,-1.0,421.93,426.01,606.00,244.00,11_27_2021
HIDCL,41.44,305.00,312.90,298.00,300.00,302.32,"415,029.00",310.50,"125,471,050.30","2,531",-10.5,14.9,-3.38,5.0,-0.77,419.65,425.86,606.00,244.00,11_28_2021
HIDCL,50.92,304.00,310.00,296.00,299.00,300.50,"273,145.00",300.00,"82,080,203.40","1,696",-1.0,14.0,-0.33,4.73,-0.5,417.32,425.68,606.00,244.00,11_29_2021
HIDCL,49.18,303.00,303.00,292.00,297.90,296.57,"200,522.00",299.00,"59,469,423.00","1,385",-1.1,11.0,-0.37,3.77,0.45,415.06,425.51,606.00,244.00,11_30_2021
HIDCL,46.01,299.00,303.00,295.00,296.00,298.06,"212,673.00",297.90,"63,389,095.20","1,323",-1.9,8.0,-0.64,2.71,-0.7,412.80,425.39,606.00,244.00,12_01_2021
HIDCL,48.22,296.10,300.90,287.70,288.00,291.13,"229,651.00",296.00,"66,857,587.30","1,635",-8.0,13.2,-2.7,4.59,-1.09,410.55,425.20,606.00,244.00,12_02_2021
HIDCL,48.23,296.10,300.90,287.70,288.00,291.13,"229,651.00",296.00,"66,857,587.30","1,635",-8.0,13.2,-2.7,4.59,-1.09,410.55,425.20,606.00,244.00,12_03_2021
HIDCL,48.23,296.10,300.90,287.70,288.00,291.13,"229,651.00",296.00,"66,857,587.30","1,635",-8.0,13.2,-2.7,4.59,-1.09,410.55,425.20,606.00,244.00,12_04_2021
HIDCL,47.33,290.00,290.00,275.40,277.50,280.38,"266,176.00",288.00,"74,631,097.50","1,826",-10.5,14.6,-3.65,5.3,-1.04,408.19,424.92,606.00,244.00,12_05_2021
HIDCL,44.48,277.00,293.70,261.00,286.00,277.34,"340,949.00",277.50,"94,558,215.00","2,258",8.5,32.70,3.06,12.53,3.03,405.97,424.70,606.00,244.00,12_06_2021
HIDCL,48.51,289.00,300.00,285.00,287.90,292.68,"322,797.00",286.00,"94,476,467.70","2,079",1.9,15.00,0.66,5.26,-1.66,403.85,424.48,606.00,244.00,12_07_2021
HIDCL,37.8,167.50,169.00,166.20,167.00,167.27,"24,352.00",167.50,"4,073,254.90",203,-0.5,2.8,-0.3,1.68,-0.16,191.55,211.78,366.00,159.80,12_07_2022
HIDCL,47.9,290.00,292.00,272.00,280.00,281.17,"161,989.00",287.90,"45,546,878.70","1,200",-7.9,20.00,-2.74,7.35,-0.42,401.58,424.19,606.00,244.00,12_08_2021
HIDCL,42.76,282.00,282.00,271.00,279.00,275.98,"152,380.00",280.00,"42,054,533.80","1,142",-1.0,11.0,-0.36,4.06,1.08,399.33,423.88,606.00,244.00,12_09_2021
HIDCL,44.04,282.00,282.00,271.00,279.00,275.98,"152,380.00",280.00,"42,054,533.80","1,142",-1.0,11.0,-0.36,4.06,1.08,399.33,423.88,606.00,244.00,12_10_2021
HIDCL,44.04,282.00,282.00,271.00,279.00,275.98,"152,380.00",280.00,"42,054,533.80","1,142",-1.0,11.0,-0.36,4.06,1.08,399.33,423.88,606.00,244.00,12_11_2021
HIDCL,43.39,279.00,280.00,264.60,266.00,268.92,"209,323.00",279.00,"56,291,830.80","1,299",-13.00,15.40,-4.66,5.82,-1.1,397.02,423.50,606.00,244.00,12_12_2021
HIDCL,34.51,263.00,270.90,247.00,249.00,253.51,"297,972.00",266.00,"75,538,675.60","1,929",-17.00,23.90,-6.39,9.68,-1.81,394.21,423.05,606.00,244.00,12_13_2021
HIDCL,36.47,253.00,273.90,253.00,273.90,266.22,"171,233.00",249.00,"45,584,836.20","1,029",24.90,20.90,10.0,8.26,2.81,393.35,422.75,606.00,244.00,12_14_2021
HIDCL,43.36,279.00,300.90,268.00,277.10,285.22,"372,481.00",273.90,"106,238,856.70","2,610",3.2,32.9,1.17,12.28,-2.93,392.21,422.34,606.00,244.00,12_15_2021
HIDCL,46.48,277.00,280.00,267.00,268.20,272.03,"174,820.00",277.10,"47,556,030.30","1,038",-8.9,13.0,-3.21,4.87,-1.43,390.79,421.78,606.00,244.00,12_16_2021
HIDCL,44.69,277.00,280.00,267.00,268.20,272.03,"174,820.00",277.10,"47,556,030.30","1,038",-8.9,13.0,-3.21,4.87,-1.43,390.79,421.78,606.00,244.00,12_17_2021
HIDCL,44.69,277.00,280.00,267.00,268.20,272.03,"174,820.00",277.10,"47,556,030.30","1,038",-8.9,13.0,-3.21,4.87,-1.43,390.79,421.78,606.00,244.00,12_18_2021
HIDCL,44.69,277.00,280.00,267.00,268.20,272.03,"174,820.00",277.10,"47,556,030.30","1,038",-8.9,13.0,-3.21,4.87,-1.43,390.79,421.78,606.00,244.00,12_19_2021
HIDCL,42.0,253.10,256.00,244.10,250.00,250.32,"216,548.00",248.33,"54,205,821.80","1,372",1.67,11.9,0.67,4.88,-0.13,389.44,421.16,606.00,244.00,12_20_2021
HIDCL,42.83,252.00,259.00,249.50,256.00,252.74,"212,459.00",250.00,"53,697,839.30","1,019",6.0,9.50,2.4,3.81,1.27,388.14,420.61,606.00,244.00,12_21_2021
HIDCL,40.81,256.00,272.00,256.00,271.00,266.95,"338,586.00",256.00,"90,385,116.10","1,713",15.0,16.0,5.86,6.25,1.49,387.13,420.16,606.00,244.10,12_22_2021
HIDCL,46.38,275.00,275.00,265.00,268.90,271.04,"200,159.00",271.00,"54,250,169.60","1,230",-2.1,10.0,-0.77,3.77,-0.79,385.95,419.65,606.00,244.10,12_23_2021
HIDCL,48.46,275.00,275.00,265.00,268.90,271.04,"200,159.00",271.00,"54,250,169.60","1,230",-2.1,10.0,-0.77,3.77,-0.79,385.95,419.65,606.00,244.10,12_24_2021
HIDCL,48.46,275.00,275.00,265.00,268.90,271.04,"200,159.00",271.00,"54,250,169.60","1,230",-2.1,10.0,-0.77,3.77,-0.79,385.95,419.65,606.00,244.10,12_25_2021
HIDCL,46.83,274.00,274.20,266.00,267.30,269.34,"130,267.00",268.90,"35,086,072.70",901,-1.60,8.20,-0.6,3.08,-0.76,384.42,418.93,606.00,244.10,12_26_2021
HIDCL,49.51,272.60,272.60,255.00,255.00,260.42,"250,316.00",267.30,"65,186,138.70","1,418",-12.3,17.60,-4.6,6.9,-2.12,382.67,418.17,606.00,244.10,12_27_2021
HIDCL,48.65,255.00,258.00,246.20,255.00,252.76,"129,634.00",255.00,"32,766,557.40",918,0.0,11.8,0.0,4.79,0.88,380.97,417.36,606.00,244.10,12_28_2021
HIDCL,38.83,256.00,258.80,251.00,255.00,254.73,"79,887.00",255.00,"20,349,354.60",620,0.0,7.80,0.0,3.11,0.11,379.16,416.38,606.00,244.10,12_29_2021
HIDCL,39.25,256.00,258.80,251.00,255.00,254.73,"79,887.00",255.00,"20,349,354.60",620,0.0,7.80,0.0,3.11,0.11,379.16,416.38,606.00,244.10,12_30_2021
HIDCL,39.25,256.00,258.80,251.00,255.00,254.73,"79,887.00",255.00,"20,349,354.60",620,0.0,7.80,0.0,3.11,0.11,379.16,416.38,606.00,244.10,12_31_2021
