MMF1,44.52,9.13,9.13,8.95,8.96,8.99,"10,600.00",8.96,"95,335.00",21,0.0,0.18,0.0,2.01,-0.38,-,-,10.28,8.58,01_01_2022
MMF1,46.06,8.90,9.18,8.82,8.90,8.97,"16,500.00",8.96,"147,937.00",34,-0.06,0.36,-0.67,4.08,-0.74,-,-,10.28,8.58,01_02_2022
MMF1,43.9,8.78,9.00,8.78,8.95,8.95,"23,650.00",8.90,"211,655.80",25,0.05,0.22,0.56,2.51,0.01,-,-,10.28,8.58,01_03_2022
MMF1,40.99,8.78,9.02,8.65,9.00,8.78,"29,449.00",8.95,"258,519.65",44,0.05,0.37,0.56,4.28,2.46,-,-,10.28,8.58,01_04_2022
MMF1,58.22,8.82,9.10,8.82,9.10,9.01,"32,350.00",9.00,"291,312.00",33,0.1,0.28,1.11,3.17,1.04,-,-,10.28,8.58,01_05_2022
MMF1,50.61,9.00,9.28,9.00,9.10,9.06,"25,700.00",9.10,"232,720.00",46,0.00,0.28,0.0,3.11,0.49,-,-,10.28,8.58,01_06_2022
MMF1,58.06,9.00,9.28,9.00,9.10,9.06,"25,700.00",9.10,"232,720.00",46,0.00,0.28,0.0,3.11,0.49,-,-,10.28,8.58,01_07_2022
MMF1,58.06,9.00,9.28,9.00,9.10,9.06,"25,700.00",9.10,"232,720.00",46,0.00,0.28,0.0,3.11,0.49,-,-,10.28,8.58,01_08_2022
MMF1,58.54,9.00,9.25,9.00,9.13,9.10,"22,215.00",9.10,"202,257.75",36,0.03,0.25,0.33,2.78,0.28,-,-,10.28,8.58,01_09_2022
MMF1,59.2,9.10,9.86,9.10,9.30,9.32,"41,630.00",9.13,"388,148.00",77,0.17,0.76,1.86,8.35,-0.26,-,-,10.28,8.58,01_10_2022
MMF1,65.47,9.40,9.40,9.06,9.25,9.23,"23,500.00",9.30,"216,837.00",39,-0.05,0.34,-0.54,3.75,0.25,-,-,10.28,8.58,01_11_2022
MMF1,59.92,9.10,9.61,9.10,9.16,9.46,"28,430.00",9.25,"268,951.85",49,-0.09,0.51,-0.97,5.6,-3.28,-,-,10.28,8.58,01_12_2022
MMF1,53.4,8.98,9.43,8.82,9.11,9.20,"38,890.00",9.16,"357,691.10",48,-0.05,0.61,-0.55,6.92,-0.96,-,-,10.28,8.58,01_13_2022
MMF1,52.21,8.98,9.43,8.82,9.11,9.20,"38,890.00",9.16,"357,691.10",48,-0.05,0.61,-0.55,6.92,-0.96,-,-,10.28,8.58,01_14_2022
MMF1,52.21,8.98,9.43,8.82,9.11,9.20,"38,890.00",9.16,"357,691.10",48,-0.05,0.61,-0.55,6.92,-0.96,-,-,10.28,8.58,01_15_2022
MMF1,53.41,8.95,9.48,8.95,9.40,9.30,"78,520.00",9.11,"730,324.70",96,0.29,0.53,3.18,5.92,1.05,-,-,10.28,8.58,01_16_2022
MMF1,62.3,9.40,9.58,9.31,9.31,9.51,"23,761.00",9.40,"225,888.40",47,-0.09,0.27,-0.96,2.9,-2.11,-,-,10.28,8.58,01_17_2022
MMF1,57.21,9.14,9.49,9.12,9.25,9.26,"28,128.00",9.31,"260,589.22",65,-0.06,0.37,-0.64,4.06,-0.16,-,-,10.28,8.58,01_18_2022
MMF1,58.26,9.07,9.35,9.07,9.17,9.22,"20,800.00",9.25,"191,778.00",31,-0.08,0.28,-0.86,3.09,-0.55,-,-,10.28,8.58,01_19_2022
MMF1,56.25,9.00,9.35,9.00,9.30,9.21,"16,520.00",9.17,"152,140.30",46,0.13,0.35,1.42,3.89,0.97,-,-,10.28,8.58,01_20_2022
MMF1,48.35,9.00,9.35,9.00,9.30,9.21,"16,520.00",9.17,"152,140.30",46,0.13,0.35,1.42,3.89,0.97,-,-,10.28,8.58,01_21_2022
MMF1,48.35,9.00,9.35,9.00,9.30,9.21,"16,520.00",9.17,"152,140.30",46,0.13,0.35,1.42,3.89,0.97,-,-,10.28,8.58,01_22_2022
MMF1,50.17,9.30,9.42,9.30,9.30,9.34,"33,090.00",9.30,"309,066.00",53,0.0,0.12,0.0,1.29,-0.43,-,-,10.28,8.58,01_23_2022
MMF1,55.74,9.40,9.40,9.05,9.14,9.11,"26,700.00",9.30,"243,250.00",43,-0.16,0.35,-1.72,3.87,0.32,-,-,10.28,8.58,01_24_2022
MMF1,49.33,9.00,9.28,9.00,9.28,9.16,"25,450.00",9.14,"233,220.10",64,0.14,0.28,1.53,3.11,1.25,-,-,10.28,8.58,01_25_2022
MMF1,63.52,9.10,9.20,9.05,9.09,9.11,"19,051.00",9.28,"173,645.10",34,-0.19,0.15,-2.05,1.66,-0.27,-,-,10.28,8.58,01_26_2022
MMF1,43.74,9.06,9.35,9.01,9.35,9.16,"48,386.00",9.09,"443,280.32",69,0.26,0.34,2.86,3.77,2.02,-,-,10.28,8.58,01_27_2022
MMF1,54.17,9.06,9.35,9.01,9.35,9.16,"48,386.00",9.09,"443,280.32",69,0.26,0.34,2.86,3.77,2.02,-,-,10.28,8.58,01_28_2022
MMF1,54.17,9.06,9.35,9.01,9.35,9.16,"48,386.00",9.09,"443,280.32",69,0.26,0.34,2.86,3.77,2.02,-,-,10.28,8.58,01_29_2022
MMF1,55.37,9.20,9.38,9.02,9.17,9.23,"44,130.00",9.35,"407,126.90",64,-0.18,0.36,-1.93,3.99,-0.61,-,-,10.28,8.58,01_30_2022
MMF1,54.43,9.30,9.35,9.12,9.16,9.18,"21,710.00",9.17,"199,226.34",53,-0.01,0.23,-0.11,2.52,-0.18,-,-,10.28,8.58,01_31_2022
MMF1,46.46,9.00,9.30,9.00,9.20,9.20,"48,870.00",9.16,"449,682.00",53,0.04,0.3,0.44,3.33,-0.02,-,-,10.28,8.58,02_01_2022
MMF1,61.5,9.00,9.30,9.00,9.20,9.20,"48,870.00",9.16,"449,682.00",53,0.04,0.3,0.44,3.33,-0.02,-,-,10.28,8.58,02_02_2022
MMF1,61.44,9.03,9.36,9.03,9.30,9.19,"22,120.00",9.20,"203,309.00",83,0.1,0.33,1.09,3.65,1.17,-,-,10.28,8.58,02_03_2022
MMF1,42.83,9.03,9.36,9.03,9.30,9.19,"22,120.00",9.20,"203,309.00",83,0.1,0.33,1.09,3.65,1.17,-,-,10.28,8.58,02_04_2022
MMF1,42.83,9.03,9.36,9.03,9.30,9.19,"22,120.00",9.20,"203,309.00",83,0.1,0.33,1.09,3.65,1.17,-,-,10.28,8.58,02_05_2022
MMF1,42.68,9.40,9.40,9.04,9.13,9.15,"21,150.00",9.30,"193,533.50",42,-0.17,0.36,-1.83,3.98,-0.22,-,-,10.28,8.58,02_06_2022
MMF1,42.62,9.30,9.30,9.10,9.12,9.15,"23,321.00",9.13,"213,394.34",42,-0.01,0.2,-0.11,2.2,-0.33,-,-,10.28,8.58,02_07_2022
MMF1,41.55,9.20,9.29,9.12,9.22,9.18,"20,860.00",9.12,"191,574.50",52,0.1,0.17,1.1,1.86,0.39,-,-,10.28,8.58,02_08_2022
MMF1,59.05,9.04,9.20,9.04,9.20,9.12,"10,175.00",9.22,"92,826.00",38,-0.02,0.16,-0.22,1.77,0.84,-,-,10.28,8.58,02_09_2022
MMF1,41.28,9.04,9.20,9.04,9.10,9.13,"25,600.00",9.20,"233,803.80",38,-0.1,0.16,-1.09,1.77,-0.36,-,-,10.28,8.58,02_10_2022
MMF1,47.01,9.04,9.20,9.04,9.10,9.13,"25,600.00",9.20,"233,803.80",38,-0.1,0.16,-1.09,1.77,-0.36,-,-,10.28,8.58,02_11_2022
MMF1,47.01,9.04,9.20,9.04,9.10,9.13,"25,600.00",9.20,"233,803.80",38,-0.1,0.16,-1.09,1.77,-0.36,-,-,10.28,8.58,02_12_2022
MMF1,58.96,8.98,9.20,8.98,9.11,9.13,"34,600.00",9.15,"315,982.00",29,-0.04,0.22,-0.44,2.45,-0.25,-,-,10.28,8.58,02_14_2022
MMF1,43.57,9.11,9.20,8.95,9.01,9.11,"16,600.00",9.11,"151,221.35",36,-0.1,0.25,-1.1,2.79,-1.11,-,-,10.28,8.58,02_15_2022
MMF1,40.85,9.00,9.28,9.00,9.00,9.13,"39,650.00",9.01,"362,018.00",42,-0.01,0.28,-0.11,3.11,-1.45,-,-,10.28,8.58,02_16_2022
MMF1,46.48,9.00,9.34,8.91,9.18,9.04,"2,205.00",9.00,"19,941.10",16,0.18,0.43,2.0,4.83,1.49,-,-,10.28,8.58,02_17_2022
MMF1,48.79,9.00,9.34,8.91,9.18,9.04,"2,205.00",9.00,"19,941.10",16,0.18,0.43,2.0,4.83,1.49,-,-,10.28,8.58,02_18_2022
MMF1,48.79,9.00,9.34,8.91,9.18,9.04,"2,205.00",9.00,"19,941.10",16,0.18,0.43,2.0,4.83,1.49,-,-,10.28,8.58,02_19_2022
MMF1,48.36,9.00,9.01,8.82,9.00,8.99,"10,475.00",9.18,"94,172.00",29,-0.18,0.19,-1.96,2.15,0.11,-,-,10.28,8.58,02_20_2022
MMF1,37.28,8.85,9.33,8.85,9.33,9.03,"30,825.00",9.00,"278,225.34",59,0.33,0.48,3.67,5.42,3.26,-,-,10.28,8.58,02_21_2022
MMF1,55.04,9.15,9.19,9.12,9.15,9.15,"34,500.00",9.33,"315,740.00",44,-0.18,0.07,-1.93,0.77,-0.02,-,-,10.28,8.58,02_22_2022
MMF1,58.54,9.06,9.30,9.06,9.18,9.11,"6,800.00",9.15,"61,968.00",30,0.03,0.24,0.33,2.65,0.73,-,-,10.28,8.58,02_23_2022
MMF1,43.87,9.08,9.10,8.80,9.00,8.95,"32,300.00",9.18,"289,133.85",51,-0.18,0.3,-1.96,3.41,0.54,-,-,10.28,8.58,02_24_2022
MMF1,49.82,9.08,9.10,8.80,9.00,8.95,"32,300.00",9.18,"289,133.85",51,-0.18,0.3,-1.96,3.41,0.54,-,-,10.28,8.58,02_25_2022
MMF1,49.82,9.08,9.10,8.80,9.00,8.95,"32,300.00",9.18,"289,133.85",51,-0.18,0.3,-1.96,3.41,0.54,-,-,10.28,8.58,02_26_2022
MMF1,49.47,9.00,9.10,8.95,8.98,8.99,"132,390.00",9.00,"1,190,687.80",54,-0.02,0.15,-0.22,1.68,-0.15,-,-,10.28,8.58,02_27_2022
MMF1,41.16,8.88,9.10,8.88,8.91,8.93,"41,610.00",8.98,"371,431.10",38,-0.07,0.22,-0.78,2.48,-0.19,-,-,10.28,8.58,02_28_2022
MMF1,37.69,8.88,9.10,8.88,8.91,8.93,"41,610.00",8.98,"371,431.10",38,-0.07,0.22,-0.78,2.48,-0.19,-,-,10.28,8.58,03_01_2022
MMF1,37.52,8.85,8.93,8.74,8.91,8.81,"24,239.00",8.91,"213,636.57",34,0.0,0.19,0.0,2.17,1.08,-,-,10.28,8.58,03_02_2022
MMF1,35.06,8.85,8.93,8.74,8.91,8.81,"24,239.00",8.91,"213,636.57",34,0.0,0.19,0.0,2.17,1.08,-,-,10.28,8.58,03_03_2022
MMF1,35.06,8.85,8.93,8.74,8.91,8.81,"24,239.00",8.91,"213,636.57",34,0.0,0.19,0.0,2.17,1.08,-,-,10.28,8.58,03_04_2022
MMF1,35.06,8.85,8.93,8.74,8.91,8.81,"24,239.00",8.91,"213,636.57",34,0.0,0.19,0.0,2.17,1.08,-,-,10.28,8.58,03_05_2022
MMF1,32.44,8.74,8.91,8.67,8.70,8.78,"34,794.00",8.91,"305,549.22",39,-0.21,0.24,-2.36,2.77,-0.94,-,-,10.28,8.58,03_06_2022
MMF1,37.27,8.70,8.87,8.67,8.87,8.79,"12,072.00",8.70,"106,132.50",33,0.17,0.2,1.95,2.31,0.88,-,-,10.28,8.58,03_07_2022
MMF1,38.93,8.70,8.87,8.67,8.87,8.79,"12,072.00",8.70,"106,132.50",33,0.17,0.2,1.95,2.31,0.88,-,-,10.28,8.58,03_08_2022
MMF1,38.48,8.72,8.75,8.65,8.70,8.70,"25,330.00",8.87,"220,452.00",31,-0.17,0.1,-1.92,1.16,-0.04,-,-,10.28,8.58,03_09_2022
MMF1,34.71,8.60,9.20,8.58,9.20,8.71,"28,934.00",8.70,"252,101.36",38,0.5,0.62,5.75,7.23,5.29,-,-,10.28,8.58,03_10_2022
MMF1,48.45,8.60,9.20,8.58,9.20,8.71,"28,934.00",8.70,"252,101.36",38,0.5,0.62,5.75,7.23,5.29,-,-,10.28,8.58,03_11_2022
MMF1,48.45,8.60,9.20,8.58,9.20,8.71,"28,934.00",8.70,"252,101.36",38,0.5,0.62,5.75,7.23,5.29,-,-,10.28,8.58,03_12_2022
MMF1,50.4,9.02,9.20,8.84,8.93,9.00,"21,355.00",9.20,"192,173.10",48,-0.27,0.36,-2.93,4.07,-0.77,-,-,10.28,8.58,03_13_2022
MMF1,49.8,8.76,8.80,8.70,8.78,8.77,"3,800.00",8.93,"33,336.00",16,-0.15,0.1,-1.68,1.15,0.08,-,-,10.28,8.58,03_14_2022
MMF1,39.3,8.70,8.95,8.70,8.95,8.83,"15,071.00",8.78,"133,107.90",37,0.17,0.25,1.94,2.87,1.32,-,-,10.28,8.58,03_15_2022
MMF1,48.33,9.00,9.00,8.81,8.99,8.91,"18,786.00",8.95,"167,311.97",36,0.04,0.19,0.45,2.16,0.93,-,-,10.28,8.58,03_16_2022
MMF1,32.77,9.00,9.00,8.81,8.99,8.91,"18,786.00",8.95,"167,311.97",36,0.04,0.19,0.45,2.16,0.93,-,-,10.28,8.58,03_17_2022
MMF1,32.77,9.00,9.00,8.81,8.99,8.91,"18,786.00",8.95,"167,311.97",36,0.04,0.19,0.45,2.16,0.93,-,-,10.28,8.58,03_18_2022
MMF1,32.77,9.00,9.00,8.81,8.99,8.91,"18,786.00",8.95,"167,311.97",36,0.04,0.19,0.45,2.16,0.93,-,-,10.28,8.58,03_19_2022
MMF1,35.05,9.13,9.13,8.83,8.90,8.97,"7,500.00",8.99,"67,271.50",40,-0.09,0.3,-1.0,3.4,-0.78,-,-,10.28,8.58,03_20_2022
MMF1,41.82,8.90,9.00,8.75,8.86,8.87,"19,247.00",8.90,"170,687.30",33,-0.04,0.25,-0.45,2.86,-0.09,-,-,10.28,8.58,03_21_2022
MMF1,56.3,9.00,9.06,8.75,9.06,8.93,"36,675.00",8.86,"327,642.57",39,0.2,0.31,2.26,3.54,1.39,-,-,10.28,8.58,03_22_2022
MMF1,56.23,8.88,9.10,8.77,9.10,8.96,"27,200.00",9.06,"243,590.00",46,0.04,0.33,0.44,3.76,1.59,-,-,10.28,8.58,03_23_2022
MMF1,55.02,8.93,9.00,8.93,8.97,8.98,"36,680.00",9.10,"329,496.60",28,-0.13,0.07,-1.43,0.78,-0.14,-,-,10.28,8.58,03_24_2022
MMF1,55.02,8.93,9.00,8.93,8.97,8.98,"36,680.00",9.10,"329,496.60",28,-0.13,0.07,-1.43,0.78,-0.14,-,-,10.28,8.58,03_24_2022
MMF1,55.02,8.93,9.00,8.93,8.97,8.98,"36,680.00",9.10,"329,496.60",28,-0.13,0.07,-1.43,0.78,-0.14,-,-,10.28,8.58,03_24_2022
MMF1,55.02,8.93,9.00,8.93,8.97,8.98,"36,680.00",9.10,"329,496.60",28,-0.13,0.07,-1.43,0.78,-0.14,-,-,10.28,8.58,03_24_2022
MMF1,54.48,8.93,9.00,8.93,8.97,8.98,"36,680.00",9.10,"329,496.60",28,-0.13,0.07,-1.43,0.78,-0.14,-,-,10.28,8.58,03_25_2022
MMF1,54.48,8.93,9.00,8.93,8.97,8.98,"36,680.00",9.10,"329,496.60",28,-0.13,0.07,-1.43,0.78,-0.14,-,-,10.28,8.58,03_26_2022
MMF1,53.83,9.00,9.00,8.89,8.89,8.92,"50,440.00",8.97,"450,010.50",49,-0.08,0.11,-0.89,1.24,-0.36,-,-,10.28,8.58,03_27_2022
MMF1,52.16,8.90,9.00,8.80,9.00,8.88,"18,290.00",8.89,"162,383.10",37,0.11,0.2,1.24,2.27,1.35,-,-,10.28,8.58,03_28_2022
MMF1,40.5,8.82,8.89,8.67,8.89,8.82,"6,350.00",9.00,"55,986.00",21,-0.11,0.22,-1.22,2.54,0.82,-,-,10.28,8.58,03_29_2022
MMF1,31.98,8.73,8.91,8.73,8.91,8.78,"23,542.00",8.89,"206,581.66",31,0.02,0.18,0.22,2.06,1.51,-,-,10.28,8.58,03_30_2022
MMF1,36.57,8.74,9.00,8.74,8.90,8.81,"3,240.00",8.91,"28,547.40",18,-0.01,0.26,-0.11,2.97,1.0,-,-,10.28,8.58,03_31_2022
MMF1,43.7,8.74,9.00,8.74,8.90,8.81,"3,240.00",8.91,"28,547.40",18,-0.01,0.26,-0.11,2.97,1.0,-,-,10.28,8.58,04_01_2022
MMF1,43.7,8.74,9.00,8.74,8.90,8.81,"3,240.00",8.91,"28,547.40",18,-0.01,0.26,-0.11,2.97,1.0,-,-,10.28,8.58,04_02_2022
MMF1,42.0,9.00,9.00,8.78,8.79,8.80,"20,950.00",8.90,"184,258.00",30,-0.11,0.22,-1.24,2.51,-0.06,-,-,10.28,8.58,04_03_2022
MMF1,33.8,8.79,8.82,8.63,8.68,8.71,"15,240.00",8.79,"132,785.00",20,-0.11,0.19,-1.25,2.2,-0.38,-,-,10.28,8.58,04_04_2022
MMF1,32.48,8.51,8.68,8.51,8.68,8.57,"34,000.00",8.68,"291,312.70",49,0.0,0.17,0.0,2.0,1.29,-,-,10.28,8.51,04_05_2022
MMF1,33.96,8.55,8.61,8.40,8.48,8.48,"40,330.00",8.68,"342,063.05",42,-0.2,0.21,-2.3,2.5,-0.02,-,-,10.28,8.40,04_06_2022
MMF1,35.63,8.50,8.59,8.33,8.59,8.49,"35,625.00",8.48,"302,504.95",29,0.11,0.26,1.3,3.12,1.15,-,-,10.28,8.33,04_07_2022
MMF1,36.64,8.50,8.59,8.33,8.59,8.49,"35,625.00",8.48,"302,504.95",29,0.11,0.26,1.3,3.12,1.15,-,-,10.28,8.33,04_08_2022
MMF1,36.64,8.50,8.59,8.33,8.59,8.49,"35,625.00",8.48,"302,504.95",29,0.11,0.26,1.3,3.12,1.15,-,-,10.28,8.33,04_09_2022
MMF1,36.64,8.50,8.59,8.33,8.59,8.49,"35,625.00",8.48,"302,504.95",29,0.11,0.26,1.3,3.12,1.15,-,-,10.28,8.33,04_10_2022
MMF1,36.3,8.44,8.60,8.38,8.40,8.45,"63,213.00",8.59,"534,384.38",50,-0.19,0.22,-2.21,2.63,-0.64,-,-,10.28,8.33,04_11_2022
MMF1,43.54,8.50,8.52,8.30,8.31,8.35,"12,600.00",8.40,"105,247.00",30,-0.09,0.22,-1.07,2.65,-0.52,-,-,10.28,8.30,04_12_2022
MMF1,31.75,8.25,8.42,8.25,8.29,8.27,"14,001.00",8.31,"115,749.43",33,-0.02,0.17,-0.24,2.06,0.27,-,-,10.28,8.25,04_13_2022
MMF1,35.21,8.25,8.42,8.25,8.29,8.27,"14,001.00",8.31,"115,749.43",33,-0.02,0.17,-0.24,2.06,0.27,-,-,10.28,8.25,04_14_2022
MMF1,35.21,8.25,8.42,8.25,8.29,8.27,"14,001.00",8.31,"115,749.43",33,-0.02,0.17,-0.24,2.06,0.27,-,-,10.28,8.25,04_15_2022
MMF1,35.21,8.25,8.42,8.25,8.29,8.27,"14,001.00",8.31,"115,749.43",33,-0.02,0.17,-0.24,2.06,0.27,-,-,10.28,8.25,04_16_2022
MMF1,37.79,8.15,8.30,8.13,8.29,8.24,"13,200.00",8.29,"108,716.75",32,0.00,0.17,0.0,2.09,0.65,-,-,10.28,8.13,04_17_2022
MMF1,33.82,8.20,8.45,8.20,8.30,8.31,"10,825.00",8.29,"89,930.00",23,0.01,0.25,0.12,3.05,-0.09,-,-,10.28,8.13,04_18_2022
MMF1,36.05,8.30,8.75,8.30,8.75,8.35,"8,976.00",8.30,"74,910.30",21,0.45,0.45,5.42,5.42,4.62,-,-,10.28,8.13,04_19_2022
MMF1,41.96,8.75,8.75,8.30,8.32,8.45,"15,380.00",8.75,"129,903.85",27,-0.43,0.45,-4.91,5.42,-1.52,-,-,10.28,8.13,04_20_2022
MMF1,40.87,8.16,8.36,8.11,8.36,8.20,"59,010.00",8.32,"483,804.70",42,0.04,0.25,0.48,3.08,1.93,-,-,10.28,8.11,04_21_2022
MMF1,45.8,8.16,8.36,8.11,8.36,8.20,"59,010.00",8.32,"483,804.70",42,0.04,0.25,0.48,3.08,1.93,-,-,10.28,8.11,04_22_2022
MMF1,45.8,8.16,8.36,8.11,8.36,8.20,"59,010.00",8.32,"483,804.70",42,0.04,0.25,0.48,3.08,1.93,-,-,10.28,8.11,04_23_2022
MMF1,46.33,8.20,8.70,8.20,8.55,8.47,"11,350.00",8.36,"96,177.00",23,0.19,0.50,2.27,6.1,0.89,-,-,10.28,8.11,04_24_2022
MMF1,42.9,8.38,8.80,8.38,8.39,8.44,"34,152.00",8.55,"288,135.06",37,-0.16,0.42,-1.87,5.01,-0.56,-,-,10.28,8.11,04_25_2022
MMF1,33.52,8.27,8.67,8.27,8.67,8.59,"27,250.00",8.39,"233,989.00",29,0.28,0.4,3.34,4.84,0.96,-,-,10.28,8.11,04_26_2022
MMF1,47.64,8.50,8.65,8.33,8.50,8.41,"19,797.00",8.67,"166,561.56",16,-0.17,0.32,-1.96,3.84,1.02,-,-,10.28,8.11,04_27_2022
MMF1,45.29,8.40,8.67,8.40,8.50,8.58,"7,663.00",8.50,"65,750.00",18,0.0,0.27,0.0,3.21,-0.94,-,-,10.28,8.11,04_28_2022
MMF1,34.79,8.40,8.67,8.40,8.50,8.58,"7,663.00",8.50,"65,750.00",18,0.0,0.27,0.0,3.21,-0.94,-,-,10.28,8.11,04_29_2022
MMF1,34.79,8.40,8.67,8.40,8.50,8.58,"7,663.00",8.50,"65,750.00",18,0.0,0.27,0.0,3.21,-0.94,-,-,10.28,8.11,04_30_2022
MMF1,34.79,8.40,8.67,8.40,8.50,8.58,"7,663.00",8.50,"65,750.00",18,0.0,0.27,0.0,3.21,-0.94,-,-,10.28,8.11,05_01_2022
MMF1,36.19,8.33,8.50,8.33,8.33,8.36,"20,425.00",8.50,"170,709.50",22,-0.17,0.17,-2.0,2.04,-0.33,-,-,10.28,8.11,05_02_2022
MMF1,39.91,8.33,8.50,8.33,8.33,8.36,"20,425.00",8.50,"170,709.50",22,-0.17,0.17,-2.0,2.04,-0.33,-,-,10.28,8.11,05_03_2022
MMF1,39.0,8.33,8.55,8.24,8.30,8.32,"7,708.00",8.33,"64,131.94",23,-0.03,0.31,-0.36,3.76,-0.24,-,-,10.28,8.11,05_04_2022
MMF1,26.12,8.14,8.45,8.03,8.16,8.27,"20,450.00",8.30,"169,198.00",34,-0.14,0.42,-1.69,5.23,-1.39,-,-,10.28,8.03,05_05_2022
MMF1,30.5,8.14,8.45,8.03,8.16,8.27,"20,450.00",8.30,"169,198.00",34,-0.14,0.42,-1.69,5.23,-1.39,-,-,10.28,8.03,05_06_2022
MMF1,30.5,8.14,8.45,8.03,8.16,8.27,"20,450.00",8.30,"169,198.00",34,-0.14,0.42,-1.69,5.23,-1.39,-,-,10.28,8.03,05_07_2022
MMF1,30.5,8.03,8.30,7.87,8.29,8.15,"3,750.00",8.16,"30,574.20",18,0.13,0.43,1.59,5.46,1.65,-,-,10.28,7.87,05_08_2022
MMF1,25.75,8.45,8.61,8.14,8.30,8.43,"10,500.00",8.29,"88,547.00",18,0.01,0.47,0.12,5.77,-1.6,-,-,10.28,7.87,05_09_2022
MMF1,35.97,8.46,8.46,8.25,8.30,8.31,"15,600.00",8.30,"129,646.00",28,0.0,0.21,0.0,2.55,-0.13,-,-,10.28,7.87,05_10_2022
MMF1,40.46,8.14,8.46,8.14,8.44,8.30,"37,700.00",8.30,"312,775.00",30,0.14,0.32,1.69,3.93,1.7,-,-,10.28,7.87,05_11_2022
MMF1,48.76,8.50,8.59,8.17,8.27,8.35,"29,244.00",8.44,"244,062.87",26,-0.17,0.42,-2.01,5.14,-0.92,-,-,10.28,7.87,05_12_2022
MMF1,41.82,8.50,8.59,8.17,8.27,8.35,"29,244.00",8.44,"244,062.87",26,-0.17,0.42,-2.01,5.14,-0.92,-,-,10.28,7.87,05_13_2022
MMF1,41.82,8.50,8.59,8.17,8.27,8.35,"29,244.00",8.44,"244,062.87",26,-0.17,0.42,-2.01,5.14,-0.92,-,-,10.28,7.87,05_14_2022
MMF1,41.82,8.50,8.59,8.17,8.27,8.35,"29,244.00",8.44,"244,062.87",26,-0.17,0.42,-2.01,5.14,-0.92,-,-,10.28,7.87,05_15_2022
MMF1,41.82,8.50,8.59,8.17,8.27,8.35,"29,244.00",8.44,"244,062.87",26,-0.17,0.42,-2.01,5.14,-0.92,-,-,10.28,7.87,05_16_2022
MMF1,43.17,8.16,8.40,8.16,8.21,8.26,"4,400.00",8.27,"36,351.00",16,-0.06,0.24,-0.73,2.94,-0.63,-,-,10.28,7.87,05_17_2022
MMF1,27.43,8.20,8.47,8.04,8.10,8.20,"19,375.00",8.21,"158,779.40",22,-0.11,0.43,-1.34,5.35,-1.17,-,-,10.28,7.87,05_18_2022
MMF1,31.95,7.94,8.25,7.94,8.20,8.19,"3,050.00",8.10,"24,990.00",13,0.1,0.31,1.23,3.9,0.08,-,-,10.28,7.87,05_19_2022
MMF1,26.34,8.25,8.25,8.08,8.20,8.13,"9,280.00",8.20,"75,480.00",19,0.0,0.17,0.0,2.1,0.81,-,-,10.28,7.87,05_20_2022
MMF1,27.98,8.25,8.25,8.08,8.20,8.13,"9,280.00",8.20,"75,480.00",19,0.0,0.17,0.0,2.1,0.81,-,-,10.28,7.87,05_21_2022
MMF1,27.98,8.25,8.25,8.08,8.20,8.13,"9,280.00",8.20,"75,480.00",19,0.0,0.17,0.0,2.1,0.81,-,-,10.28,7.87,05_22_2022
MMF1,27.73,8.20,8.40,8.05,8.08,8.17,"18,090.00",8.20,"147,789.30",33,-0.12,0.35,-1.46,4.35,-1.11,8.93,-,10.28,7.87,05_23_2022
MMF1,39.44,8.24,8.24,8.00,8.07,8.09,"13,930.00",8.08,"112,718.00",22,-0.01,0.24,-0.12,3.0,-0.27,8.92,-,10.28,7.87,05_24_2022
MMF1,39.67,8.00,8.32,7.95,8.32,8.15,"5,650.00",8.07,"46,026.25",20,0.25,0.37,3.1,4.65,2.09,8.90,-,10.28,7.87,05_25_2022
MMF1,41.53,8.20,8.30,8.07,8.21,8.14,"41,325.00",8.32,"336,459.50",27,-0.11,0.23,-1.32,2.85,0.83,8.89,-,10.28,7.87,05_26_2022
MMF1,45.1,8.05,8.40,8.05,8.40,8.22,"5,635.00",8.21,"46,292.35",20,0.19,0.35,2.31,4.35,2.2,8.88,-,10.28,7.87,05_27_2022
MMF1,41.67,8.05,8.40,8.05,8.40,8.22,"5,635.00",8.21,"46,292.35",20,0.19,0.35,2.31,4.35,2.2,8.88,-,10.28,7.87,05_28_2022
MMF1,41.67,8.05,8.40,8.05,8.40,8.22,"5,635.00",8.21,"46,292.35",20,0.19,0.35,2.31,4.35,2.2,8.88,-,10.28,7.87,05_29_2022
MMF1,41.15,8.55,8.55,8.08,8.12,8.17,"3,600.00",8.40,"29,396.00",18,-0.28,0.47,-3.33,5.82,-0.56,8.87,-,10.28,7.87,05_30_2022
MMF1,36.85,7.96,8.14,7.81,8.04,8.00,"6,000.00",8.12,"48,013.50",19,-0.08,0.33,-0.99,4.23,0.47,8.85,-,10.28,7.81,05_31_2022
MMF1,26.82,8.05,8.27,8.04,8.10,8.10,"12,960.00",8.04,"105,022.90",21,0.06,0.23,0.75,2.86,-0.04,8.84,-,10.28,7.81,06_01_2022
MMF1,36.64,8.19,8.39,8.05,8.06,8.12,"17,850.00",8.10,"144,950.00",26,-0.04,0.34,-0.49,4.22,-0.75,8.83,-,10.28,7.81,06_02_2022
MMF1,29.54,8.07,8.20,8.00,8.00,8.03,"20,640.00",8.06,"165,819.40",28,-0.06,0.2,-0.74,2.5,-0.42,8.82,-,10.28,7.81,06_03_2022
MMF1,35.94,8.07,8.20,8.00,8.00,8.03,"20,640.00",8.06,"165,819.40",28,-0.06,0.2,-0.74,2.5,-0.42,8.82,-,10.28,7.81,06_04_2022
MMF1,35.94,8.07,8.20,8.00,8.00,8.03,"20,640.00",8.06,"165,819.40",28,-0.06,0.2,-0.74,2.5,-0.42,8.82,-,10.28,7.81,06_05_2022
MMF1,35.52,7.84,8.15,7.84,8.00,7.98,"13,000.00",8.00,"103,700.00",19,0.0,0.31,0.0,3.95,0.29,8.81,-,10.28,7.81,06_06_2022
MMF1,35.58,7.90,8.05,7.90,7.93,7.98,"5,800.00",8.00,"46,258.40",9,-0.07,0.15,-0.88,1.9,-0.57,8.80,-,10.28,7.81,06_07_2022
MMF1,28.38,8.00,8.16,7.95,8.00,7.98,"11,075.00",7.93,"88,366.25",16,0.07,0.21,0.88,2.64,0.26,8.79,-,10.28,7.81,06_08_2022
MMF1,37.33,8.00,8.16,8.00,8.00,8.04,"16,300.00",8.00,"131,035.00",26,0.0,0.16,0.0,2.0,-0.49,8.78,-,10.28,7.81,06_09_2022
MMF1,42.19,8.00,8.16,7.97,8.00,8.03,"6,175.00",8.00,"49,572.00",19,0.0,0.19,0.0,2.38,-0.35,8.77,-,10.28,7.81,06_10_2022
MMF1,36.36,8.00,8.16,7.97,8.00,8.03,"6,175.00",8.00,"49,572.00",19,0.0,0.19,0.0,2.38,-0.35,8.77,-,10.28,7.81,06_11_2022
MMF1,36.36,8.00,8.16,7.97,8.00,8.03,"6,175.00",8.00,"49,572.00",19,0.0,0.19,0.0,2.38,-0.35,8.77,-,10.28,7.81,06_12_2022
MMF1,36.09,8.00,8.16,7.90,8.05,8.01,"13,270.00",8.00,"106,301.50",17,0.05,0.26,0.63,3.29,0.49,8.76,-,10.28,7.81,06_13_2022
MMF1,45.18,8.00,8.15,7.90,7.90,7.94,"28,550.00",8.05,"226,597.10",39,-0.15,0.25,-1.86,3.16,-0.47,8.75,-,10.28,7.81,06_14_2022
MMF1,36.07,7.80,7.96,7.72,7.96,7.85,"56,500.00",7.90,"443,549.70",47,0.06,0.24,0.76,3.11,1.38,8.74,-,10.28,7.72,06_15_2022
MMF1,40.89,7.96,8.00,7.83,7.96,7.92,"52,900.00",7.96,"418,933.00",27,0.0,0.17,0.0,2.17,0.51,8.74,-,10.28,7.72,06_16_2022
MMF1,43.97,7.81,7.97,7.66,7.97,7.80,"5,900.00",7.96,"46,025.00",17,0.01,0.31,0.13,4.05,2.12,8.73,-,10.28,7.66,06_17_2022
MMF1,31.81,7.81,7.97,7.66,7.97,7.80,"5,900.00",7.96,"46,025.00",17,0.01,0.31,0.13,4.05,2.12,8.73,-,10.28,7.66,06_18_2022
MMF1,31.31,8.00,8.00,7.82,7.84,7.87,"21,100.00",7.97,"166,029.00",22,-0.13,0.18,-1.63,2.3,-0.37,8.72,-,10.28,7.66,06_19_2022
MMF1,34.9,7.69,7.70,7.31,7.50,7.43,"106,930.00",7.84,"794,345.80",64,-0.34,0.39,-4.34,5.34,0.95,8.71,-,10.28,7.31,06_20_2022
MMF1,31.46,7.41,7.85,7.35,7.85,7.46,"36,975.00",7.50,"275,669.70",36,0.35,0.50,4.67,6.8,5.02,8.70,-,10.28,7.31,06_21_2022
MMF1,37.41,7.85,8.00,7.72,7.84,7.95,"32,810.00",7.85,"260,720.50",18,-0.01,0.28,-0.13,3.63,-1.36,8.69,-,10.28,7.31,06_22_2022
MMF1,33.22,7.75,7.95,7.47,7.95,7.60,"19,875.00",7.84,"151,038.25",30,0.11,0.48,1.4,6.43,4.41,8.68,-,10.28,7.31,06_23_2022
MMF1,47.67,7.79,7.97,7.79,7.83,7.84,"6,640.00",7.94,"52,086.30",20,-0.11,0.18,-1.39,2.31,-0.18,8.58,-,10.28,7.26,07_05_2022
MMF1,31.87,7.70,8.05,7.70,7.93,7.95,"17,330.00",7.83,"137,829.90",26,0.1,0.35,1.28,4.55,-0.29,8.57,-,10.28,7.26,07_06_2022
MMF1,32.5,7.80,8.10,7.80,7.86,7.93,"4,650.00",7.93,"36,878.50",17,-0.07,0.3,-0.88,3.85,-0.9,8.56,-,10.28,7.26,07_07_2022
MMF1,26.62,7.75,8.01,7.75,7.75,7.83,"1,800.00",7.86,"14,096.00",8,-0.11,0.26,-1.4,3.35,-1.05,8.55,-,10.28,7.26,07_08_2022
MMF1,24.26,7.75,8.01,7.75,7.75,7.83,"1,800.00",7.86,"14,096.00",8,-0.11,0.26,-1.4,3.35,-1.05,8.55,-,10.28,7.26,07_09_2022
MMF1,24.26,7.75,8.01,7.75,7.75,7.83,"1,800.00",7.86,"14,096.00",8,-0.11,0.26,-1.4,3.35,-1.05,8.55,-,10.28,7.26,07_10_2022
MMF1,22.04,7.78,7.90,7.66,7.79,7.75,"13,100.00",7.75,"101,576.30",20,0.04,0.24,0.52,3.13,0.46,8.54,-,10.28,7.26,07_11_2022
MMF1,38.52,7.64,8.00,7.61,7.65,7.72,"26,000.00",7.79,"200,764.90",27,-0.14,0.39,-1.8,5.12,-0.94,8.53,-,10.28,7.26,07_12_2022
MMF1,29.95,7.50,7.85,7.50,7.85,7.70,"3,000.00",7.65,"23,109.00",18,0.2,0.35,2.61,4.67,1.87,8.51,-,10.28,7.26,07_13_2022
MMF1,-,7.71,8.00,7.71,7.88,7.91,"13,600.00",7.85,"107,520.00",16,0.03,0.29,0.38,3.76,-0.33,8.50,-,10.28,7.26,07_14_2022
MMF1,41.58,7.86,8.03,7.86,7.99,8.00,"3,500.00",7.88,"27,988.80",9,0.11,0.17,1.4,2.16,-0.09,8.49,-,10.28,7.26,07_15_2022
MMF1,43.28,7.86,8.03,7.86,7.99,8.00,"3,500.00",7.88,"27,988.80",9,0.11,0.17,1.4,2.16,-0.09,8.49,-,10.28,7.26,07_16_2022
MMF1,40.5,8.00,8.14,7.99,8.00,8.11,"17,945.00",7.99,"145,606.81",22,0.01,0.15,0.13,1.88,-1.43,8.48,-,10.28,7.26,07_17_2022
MMF1,46.96,8.00,8.14,7.96,7.99,8.02,"27,550.00",8.00,"221,023.00",30,-0.01,0.18,-0.12,2.26,-0.41,8.47,-,10.28,7.26,07_18_2022
MMF1,47.86,7.97,8.12,7.97,8.06,8.06,"17,590.00",7.99,"141,850.50",28,0.07,0.15,0.88,1.88,-0.05,8.46,-,10.28,7.26,07_19_2022
MMF1,38.92,8.04,8.11,7.84,8.03,7.96,"38,450.00",8.06,"306,061.73",34,-0.03,0.27,-0.37,3.44,0.87,8.45,-,10.28,7.26,07_20_2022
MMF1,47.47,7.87,8.16,7.73,8.00,7.99,"16,982.00",8.03,"135,627.00",20,-0.03,0.43,-0.37,5.56,0.17,8.44,-,10.28,7.26,07_21_2022
MMF1,37.58,7.85,8.05,7.85,8.05,7.91,"1,350.00",8.00,"10,677.50",8,0.05,0.2,0.63,2.55,1.75,8.43,-,10.28,7.26,07_22_2022
MMF1,36.31,7.85,8.05,7.85,8.05,7.91,"1,350.00",8.00,"10,677.50",8,0.05,0.2,0.63,2.55,1.75,8.43,-,10.28,7.26,07_23_2022
MMF1,33.51,8.00,8.00,7.88,8.00,7.96,"15,600.00",8.05,"124,107.00",26,-0.05,0.12,-0.62,1.52,0.56,8.42,-,10.28,7.26,07_24_2022
MMF1,31.63,7.84,8.30,7.84,8.10,8.07,"18,100.00",8.00,"146,156.00",35,0.1,0.46,1.25,5.87,0.31,8.41,-,10.28,7.26,07_25_2022
MMF1,45.82,7.94,8.10,7.94,7.94,7.98,"36,650.00",8.10,"292,287.90",23,-0.16,0.16,-1.98,2.02,-0.44,8.40,-,10.28,7.26,07_26_2022
MMF1,35.48,7.80,8.03,7.80,8.00,7.88,"37,550.00",7.94,"295,871.50",39,0.06,0.23,0.76,2.95,1.51,8.39,-,10.28,7.26,07_27_2022
MMF1,40.47,8.00,8.16,7.92,7.92,8.00,"39,740.00",8.00,"318,054.80",25,-0.08,0.24,-1.0,3.03,-1.05,8.38,-,10.28,7.26,07_28_2022
MMF1,39.59,7.92,8.00,7.85,7.86,7.96,"1,900.00",7.92,"15,119.00",8,-0.06,0.15,-0.76,1.91,-1.24,8.37,-,10.28,7.26,07_29_2022
MMF1,31.39,7.92,8.00,7.85,7.86,7.96,"1,900.00",7.92,"15,119.00",8,-0.06,0.15,-0.76,1.91,-1.24,8.37,-,10.28,7.26,07_30_2022
MMF1,28.97,8.01,8.01,7.85,8.00,7.99,"22,500.00",7.86,"179,808.25",29,0.14,0.16,1.78,2.04,0.11,8.36,-,10.28,7.26,07_31_2022
MMF1,52.07,7.84,8.13,7.84,7.90,7.98,"12,580.00",8.00,"100,329.20",50,-0.1,0.29,-1.25,3.7,-0.95,8.35,-,10.28,7.26,08_01_2022
MMF1,38.03,8.05,8.05,7.90,7.92,7.92,"35,975.00",7.90,"284,897.75",35,0.02,0.15,0.25,1.9,0.01,8.34,-,10.28,7.26,08_02_2022
MMF1,45.59,7.77,8.07,7.77,8.00,7.90,"22,385.00",7.92,"176,936.70",29,0.08,0.3,1.01,3.86,1.2,8.33,-,10.28,7.26,08_03_2022
MMF1,53.84,7.86,8.10,7.86,7.87,7.97,"11,200.00",8.00,"89,305.00",15,-0.13,0.24,-1.63,3.05,-1.32,8.32,-,10.28,7.26,08_04_2022
MMF1,35.23,7.87,8.12,7.75,7.85,7.84,"5,260.00",7.87,"41,262.00",17,-0.02,0.37,-0.25,4.77,0.07,8.31,8.60,10.28,7.26,08_05_2022
MMF1,39.85,7.87,8.12,7.75,7.85,7.84,"5,260.00",7.87,"41,262.00",17,-0.02,0.37,-0.25,4.77,0.07,8.31,8.60,10.28,7.26,08_06_2022
MMF1,36.58,7.80,8.00,7.75,7.79,7.81,"10,100.00",7.85,"78,926.00",35,-0.06,0.25,-0.76,3.23,-0.31,8.30,8.59,10.28,7.26,08_07_2022
MMF1,30.82,7.79,8.08,7.79,8.08,7.93,"20,545.00",7.79,"163,023.80",30,0.29,0.29,3.72,3.72,1.8,8.29,8.58,10.28,7.26,08_08_2022
MMF1,53.78,7.92,7.92,7.77,7.80,7.83,"3,900.00",8.08,"30,551.00",11,-0.28,0.15,-3.47,1.93,-0.43,8.28,8.57,10.28,7.26,08_09_2022
MMF1,34.74,7.65,7.79,7.65,7.73,7.76,"8,875.00",7.80,"68,871.65",11,-0.07,0.14,-0.9,1.83,-0.39,8.27,8.56,10.28,7.26,08_10_2022
MMF1,34.43,7.73,8.03,7.73,8.00,7.89,"11,450.00",7.73,"90,284.30",35,0.27,0.30,3.49,3.88,1.44,8.26,8.55,10.28,7.26,08_11_2022
MMF1,46.06,7.73,8.03,7.73,8.00,7.89,"11,450.00",7.73,"90,284.30",35,0.27,0.30,3.49,3.88,1.44,8.26,8.55,10.28,7.26,08_12_2022
MMF1,46.06,7.73,8.03,7.73,8.00,7.89,"11,450.00",7.73,"90,284.30",35,0.27,0.30,3.49,3.88,1.44,8.26,8.55,10.28,7.26,08_13_2022
MMF1,42.59,7.84,7.85,7.39,7.85,7.75,"19,011.00",8.00,"147,271.35",29,-0.15,0.46,-1.88,6.22,1.32,8.24,8.54,10.28,7.26,08_14_2022
MMF1,29.46,8.00,8.00,7.65,7.95,7.89,"23,250.00",7.85,"183,519.00",28,0.1,0.35,1.27,4.58,0.71,8.23,8.53,10.28,7.26,08_15_2022
MMF1,51.57,7.80,8.10,7.80,7.80,7.93,"2,800.00",7.95,"22,193.00",16,-0.15,0.30,-1.89,3.85,-1.62,8.22,8.52,10.28,7.26,08_16_2022
MMF1,40.31,7.80,7.80,7.68,7.68,7.71,"12,200.00",7.80,"94,088.50",26,-0.12,0.12,-1.54,1.56,-0.42,8.21,8.51,10.28,7.26,08_17_2022
MMF1,26.24,7.68,7.86,7.60,7.86,7.65,"13,950.00",7.68,"106,688.50",22,0.18,0.26,2.34,3.42,2.7,8.20,8.50,10.28,7.26,08_18_2022
MMF1,42.02,7.68,7.86,7.60,7.86,7.65,"13,950.00",7.68,"106,688.50",22,0.18,0.26,2.34,3.42,2.7,8.20,8.50,10.28,7.26,08_19_2022
MMF1,42.02,7.68,7.86,7.60,7.86,7.65,"13,950.00",7.68,"106,688.50",22,0.18,0.26,2.34,3.42,2.7,8.20,8.50,10.28,7.26,08_20_2022
MMF1,42.02,7.86,7.86,7.56,7.80,7.68,"19,400.00",7.86,"148,962.00",40,-0.06,0.3,-0.76,3.97,1.56,8.20,8.50,10.28,7.26,08_21_2022
MMF1,-,7.65,7.85,7.65,7.70,7.74,"11,250.00",7.80,"87,050.00",29,-0.1,0.2,-1.28,2.61,-0.49,8.19,8.49,10.28,7.26,08_22_2022
MMF1,36.1,7.60,7.95,7.56,7.80,7.68,"36,400.00",7.70,"279,486.00",39,0.1,0.39,1.3,5.16,1.56,8.18,8.48,10.28,7.26,08_23_2022
MMF1,49.18,7.66,7.90,7.66,7.80,7.80,"7,560.00",7.80,"58,997.00",20,0.0,0.24,0.0,3.13,-0.05,8.17,8.47,10.28,7.26,08_24_2022
MMF1,27.66,7.90,7.90,7.67,7.70,7.76,"22,300.00",7.80,"173,056.00",17,-0.1,0.23,-1.28,3.0,-0.78,8.16,8.47,10.28,7.26,08_25_2022
MMF1,39.2,7.55,7.90,7.50,7.62,7.64,"34,800.00",7.70,"265,940.00",25,-0.08,0.4,-1.04,5.33,-0.29,8.15,8.46,10.28,7.26,08_26_2022
MMF1,41.83,7.55,7.90,7.50,7.62,7.64,"34,800.00",7.70,"265,940.00",25,-0.08,0.4,-1.04,5.33,-0.29,8.15,8.46,10.28,7.26,08_27_2022
MMF1,41.83,7.60,7.75,7.55,7.61,7.66,"12,477.00",7.62,"95,631.75",30,-0.01,0.2,-0.13,2.65,-0.72,8.14,8.45,10.28,7.26,08_28_2022
MMF1,30.09,7.46,7.70,7.46,7.63,7.65,"6,250.00",7.61,"47,808.00",24,0.02,0.24,0.26,3.22,-0.25,8.13,8.44,10.28,7.26,08_29_2022
MMF1,29.33,7.50,7.78,7.50,7.61,7.74,"14,616.00",7.63,"113,113.10",16,-0.02,0.28,-0.26,3.73,-1.7,8.12,8.44,10.28,7.26,08_30_2022
MMF1,34.29,7.50,7.70,7.50,7.59,7.64,"13,950.00",7.61,"106,524.50",19,-0.02,0.2,-0.26,2.67,-0.61,8.10,8.43,10.28,7.26,08_31_2022
MMF1,37.88,7.59,7.74,7.52,7.54,7.54,"32,450.00",7.59,"244,739.83",33,-0.05,0.22,-0.66,2.93,-0.03,8.09,8.42,10.28,7.26,09_01_2022
MMF1,37.46,7.68,7.68,7.28,7.36,7.34,"33,950.00",7.54,"249,187.05",21,-0.18,0.4,-2.39,5.49,0.27,8.08,8.41,10.28,7.26,09_02_2022
MMF1,35.47,7.68,7.68,7.28,7.36,7.34,"33,950.00",7.54,"249,187.05",21,-0.18,0.4,-2.39,5.49,0.27,8.08,8.41,10.28,7.26,09_03_2022
MMF1,34.97,7.30,7.60,7.30,7.46,7.49,"12,455.00",7.36,"93,329.50",26,0.1,0.3,1.36,4.11,-0.45,8.07,8.41,10.28,7.26,09_04_2022
MMF1,30.47,7.32,7.76,7.32,7.61,7.48,"4,980.00",7.46,"37,230.40",19,0.15,0.44,2.01,6.01,1.76,8.05,8.40,10.28,7.26,09_05_2022
MMF1,38.54,7.76,7.76,7.34,7.51,7.37,"8,300.00",7.61,"61,190.60",19,-0.1,0.42,-1.31,5.72,1.83,8.04,8.39,10.28,7.26,09_06_2022
MMF1,34.66,7.66,7.66,7.36,7.40,7.41,"11,090.00",7.51,"82,212.30",25,-0.11,0.3,-1.46,4.08,-0.18,8.03,8.38,10.28,7.26,09_07_2022
MMF1,37.33,7.30,7.89,7.30,7.60,7.56,"8,330.00",7.40,"62,933.20",19,0.2,0.59,2.7,8.08,0.59,8.02,8.37,10.28,7.26,09_08_2022
MMF1,40.48,7.30,7.89,7.30,7.60,7.56,"8,330.00",7.40,"62,933.20",19,0.2,0.59,2.7,8.08,0.59,8.02,8.37,10.28,7.26,09_09_2022
MMF1,40.48,7.30,7.89,7.30,7.60,7.56,"8,330.00",7.40,"62,933.20",19,0.2,0.59,2.7,8.08,0.59,8.02,8.37,10.28,7.26,09_10_2022
MMF1,39.86,7.50,7.67,7.50,7.56,7.59,"2,400.00",7.60,"18,209.00",15,-0.04,0.17,-0.53,2.27,-0.36,8.01,8.36,10.28,7.26,09_11_2022
MMF1,28.06,7.50,7.50,7.43,7.45,7.45,700.00,7.56,"5,214.00",5,-0.11,0.07,-1.46,0.94,0.02,8.00,8.36,10.28,7.26,09_12_2022
MMF1,25.3,7.40,7.52,7.40,7.48,7.47,"3,700.00",7.45,"27,651.00",11,0.03,0.12,0.4,1.62,0.09,7.98,8.35,10.28,7.26,09_13_2022
MMF1,37.29,7.48,7.55,7.36,7.41,7.44,"5,090.00",7.48,"37,878.40",18,-0.07,0.19,-0.94,2.58,-0.43,7.97,8.34,10.28,7.26,09_14_2022
MMF1,29.07,7.40,7.54,7.33,7.50,7.40,"17,800.00",7.41,"131,762.00",31,0.09,0.21,1.21,2.86,1.3,7.96,8.33,10.28,7.26,09_15_2022
MMF1,34.51,7.60,7.60,7.40,7.47,7.48,"6,310.00",7.50,"47,224.00",12,-0.03,0.2,-0.4,2.7,-0.19,7.96,8.32,10.28,7.26,09_16_2022
MMF1,37.92,7.60,7.60,7.40,7.47,7.48,"6,310.00",7.50,"47,224.00",12,-0.03,0.2,-0.4,2.7,-0.19,7.96,8.32,10.28,7.26,09_17_2022
MMF1,35.99,7.33,7.61,7.27,7.27,7.33,"15,520.00",7.47,"113,796.50",24,-0.2,0.34,-2.68,4.68,-0.86,7.94,8.31,10.28,7.26,09_18_2022
MMF1,31.18,7.33,7.61,7.27,7.27,7.33,"15,520.00",7.47,"113,796.50",24,-0.2,0.34,-2.68,4.68,-0.86,7.94,8.31,10.28,7.26,09_19_2022
MMF1,31.56,7.15,7.41,7.10,7.20,7.28,"12,100.00",7.27,"88,055.20",30,-0.07,0.31,-0.96,4.37,-1.07,7.93,8.30,10.28,7.10,09_20_2022
MMF1,30.45,7.07,7.39,7.07,7.17,7.20,"6,500.00",7.20,"46,815.00",24,-0.03,0.32,-0.42,4.53,-0.45,7.92,8.29,10.28,7.07,09_21_2022
MMF1,24.93,7.31,7.45,7.18,7.30,7.29,"9,200.00",7.17,"67,095.00",19,0.13,0.27,1.81,3.76,0.1,7.92,8.28,10.28,7.07,09_22_2022
MMF1,0.0,10.00,10.00,9.50,9.66,9.64,"62,154.00",0.00,"599,211.48",114,9.66,0.5,0.0,5.26,0.2,-,-,10.00,9.50,11_18_2021
MMF1,52.8,10.00,10.00,9.50,9.66,9.64,"62,154.00",0.00,"599,211.48",114,9.66,0.5,0.0,5.26,0.2,-,-,10.00,9.50,11_19_2021
MMF1,52.8,10.00,10.00,9.50,9.66,9.64,"62,154.00",0.00,"599,211.48",114,9.66,0.5,0.0,5.26,0.2,-,-,10.00,9.50,11_20_2021
MMF1,48.1,9.50,9.85,9.34,9.70,9.56,"53,970.00",9.66,"515,826.50",96,0.04,0.51,0.41,5.46,1.47,-,-,10.00,9.34,11_21_2021
MMF1,57.48,9.89,10.28,9.60,9.61,9.77,"39,350.00",9.70,"384,268.00",72,-0.09,0.68,-0.93,7.08,-1.62,-,-,10.28,9.34,11_22_2021
MMF1,40.82,9.61,9.67,9.46,9.67,9.54,"23,150.00",9.61,"220,834.50",63,0.06,0.21,0.62,2.22,1.35,-,-,10.28,9.34,11_23_2021
MMF1,56.44,9.48,9.64,9.45,9.64,9.50,"29,960.00",9.67,"284,481.60",50,-0.03,0.19,-0.31,2.01,1.5,-,-,10.28,9.34,11_24_2021
MMF1,42.36,9.45,9.71,9.30,9.70,9.53,"38,910.00",9.64,"370,871.50",64,0.06,0.41,0.62,4.41,1.74,-,-,10.28,9.30,11_25_2021
MMF1,47.99,9.45,9.71,9.30,9.70,9.53,"38,910.00",9.64,"370,871.50",64,0.06,0.41,0.62,4.41,1.74,-,-,10.28,9.30,11_26_2021
MMF1,47.99,9.45,9.71,9.30,9.70,9.53,"38,910.00",9.64,"370,871.50",64,0.06,0.41,0.62,4.41,1.74,-,-,10.28,9.30,11_27_2021
MMF1,45.09,9.51,9.55,9.32,9.55,9.39,"22,700.00",9.70,"213,157.00",47,-0.15,0.23,-1.55,2.47,1.67,-,-,10.28,9.30,11_28_2021
MMF1,41.56,9.36,9.50,9.11,9.36,9.31,"27,571.00",9.55,"256,549.40",69,-0.19,0.39,-1.99,4.28,0.59,-,-,10.28,9.11,11_29_2021
MMF1,38.96,9.21,9.48,9.21,9.40,9.32,"11,700.00",9.36,"109,076.00",33,0.04,0.27,0.43,2.93,0.82,-,-,10.28,9.11,11_30_2021
MMF1,35.27,9.40,9.58,9.20,9.30,9.31,"30,549.00",9.40,"284,405.62",55,-0.1,0.38,-1.06,4.13,-0.11,-,-,10.28,9.11,12_01_2021
MMF1,39.52,9.20,9.38,9.20,9.23,9.24,"35,100.00",9.30,"324,414.00",38,-0.07,0.18,-0.75,1.96,-0.14,-,-,10.28,9.11,12_02_2021
MMF1,39.43,9.20,9.38,9.20,9.23,9.24,"35,100.00",9.30,"324,414.00",38,-0.07,0.18,-0.75,1.96,-0.14,-,-,10.28,9.11,12_03_2021
MMF1,39.43,9.20,9.38,9.20,9.23,9.24,"35,100.00",9.30,"324,414.00",38,-0.07,0.18,-0.75,1.96,-0.14,-,-,10.28,9.11,12_04_2021
MMF1,38.53,9.15,9.25,9.10,9.15,9.14,"45,600.00",9.23,"416,820.00",44,-0.08,0.15,-0.87,1.65,0.1,-,-,10.28,9.10,12_05_2021
MMF1,43.19,9.10,9.20,8.95,9.10,9.12,"32,950.00",9.15,"300,551.30",53,-0.05,0.25,-0.55,2.79,-0.24,-,-,10.28,8.95,12_06_2021
MMF1,39.98,9.00,9.18,9.00,9.15,9.13,"35,030.00",9.10,"319,957.30",40,0.05,0.18,0.55,2.0,0.18,-,-,10.28,8.95,12_07_2021
MMF1,53.25,7.26,7.26,7.07,7.07,7.12,"3,200.00",7.27,"22,768.00",12,-0.2,0.19,-2.75,2.69,-0.64,7.61,7.88,9.86,7.02,12_07_2022
MMF1,43.9,9.15,9.30,9.00,9.00,9.11,"43,700.00",9.15,"397,932.20",48,-0.15,0.30,-1.64,3.33,-1.18,-,-,10.28,8.95,12_08_2021
MMF1,42.61,8.91,9.30,8.91,9.03,9.10,"9,600.00",9.00,"87,370.00",24,0.03,0.39,0.33,4.38,-0.79,-,-,10.28,8.91,12_09_2021
MMF1,39.2,8.91,9.30,8.91,9.03,9.10,"9,600.00",9.00,"87,370.00",24,0.03,0.39,0.33,4.38,-0.79,-,-,10.28,8.91,12_10_2021
MMF1,39.2,8.91,9.30,8.91,9.03,9.10,"9,600.00",9.00,"87,370.00",24,0.03,0.39,0.33,4.38,-0.79,-,-,10.28,8.91,12_11_2021
MMF1,38.55,9.01,9.19,8.90,8.97,9.07,"13,610.00",9.03,"123,408.00",40,-0.06,0.29,-0.66,3.26,-1.09,-,-,10.28,8.90,12_12_2021
MMF1,36.76,8.80,8.90,8.70,8.80,8.77,"24,361.00",8.97,"213,619.90",40,-0.17,0.20,-1.9,2.3,0.35,-,-,10.28,8.70,12_13_2021
MMF1,36.73,8.65,8.97,8.65,8.95,8.84,"17,650.00",8.80,"156,018.50",16,0.15,0.32,1.7,3.7,1.23,-,-,10.28,8.65,12_14_2021
MMF1,43.46,8.80,9.00,8.80,8.96,8.97,"32,200.00",8.95,"288,974.00",35,0.01,0.2,0.11,2.27,-0.16,-,-,10.28,8.65,12_15_2021
MMF1,43.68,9.00,9.07,8.86,8.90,8.94,"19,009.00",8.96,"169,934.53",30,-0.06,0.21,-0.67,2.37,-0.45,-,-,10.28,8.65,12_16_2021
MMF1,41.59,9.00,9.07,8.86,8.90,8.94,"19,009.00",8.96,"169,934.53",30,-0.06,0.21,-0.67,2.37,-0.45,-,-,10.28,8.65,12_17_2021
MMF1,41.59,9.00,9.07,8.86,8.90,8.94,"19,009.00",8.96,"169,934.53",30,-0.06,0.21,-0.67,2.37,-0.45,-,-,10.28,8.65,12_18_2021
MMF1,41.59,9.00,9.07,8.86,8.90,8.94,"19,009.00",8.96,"169,934.53",30,-0.06,0.21,-0.67,2.37,-0.45,-,-,10.28,8.65,12_19_2021
MMF1,38.9,8.73,8.97,8.63,8.72,8.79,"10,550.00",8.90,"92,712.95",43,-0.18,0.34,-2.02,3.94,-0.78,-,-,10.28,8.63,12_20_2021
MMF1,37.48,8.70,9.00,8.58,8.90,8.84,"11,900.00",8.72,"105,172.00",30,0.18,0.42,2.06,4.9,0.7,-,-,10.28,8.58,12_21_2021
MMF1,42.39,8.80,9.25,8.74,9.00,8.93,"34,235.00",8.90,"305,587.85",43,0.1,0.51,1.12,5.84,0.82,-,-,10.28,8.58,12_22_2021
MMF1,50.13,8.88,9.18,8.88,9.00,8.97,"5,950.00",9.00,"53,352.50",29,0.0,0.3,0.0,3.38,0.37,-,-,10.28,8.58,12_23_2021
MMF1,46.54,8.88,9.18,8.88,9.00,8.97,"5,950.00",9.00,"53,352.50",29,0.0,0.3,0.0,3.38,0.37,-,-,10.28,8.58,12_24_2021
MMF1,46.54,8.88,9.18,8.88,9.00,8.97,"5,950.00",9.00,"53,352.50",29,0.0,0.3,0.0,3.38,0.37,-,-,10.28,8.58,12_25_2021
MMF1,44.91,8.95,9.10,8.91,9.05,8.99,"12,690.00",9.00,"114,022.00",26,0.05,0.19,0.56,2.13,0.72,-,-,10.28,8.58,12_26_2021
MMF1,49.25,8.87,9.30,8.87,9.25,9.18,"62,440.00",9.05,"573,067.50",70,0.2,0.43,2.21,4.85,0.78,-,-,10.28,8.58,12_27_2021
MMF1,55.82,9.07,9.19,8.96,8.96,9.03,"17,300.00",9.25,"156,248.80",28,-0.29,0.23,-3.14,2.57,-0.8,-,-,10.28,8.58,12_28_2021
MMF1,44.74,9.13,9.13,8.95,8.96,8.99,"10,600.00",8.96,"95,335.00",21,0.0,0.18,0.0,2.01,-0.38,-,-,10.28,8.58,12_29_2021
MMF1,44.52,9.13,9.13,8.95,8.96,8.99,"10,600.00",8.96,"95,335.00",21,0.0,0.18,0.0,2.01,-0.38,-,-,10.28,8.58,12_30_2021
MMF1,44.52,9.13,9.13,8.95,8.96,8.99,"10,600.00",8.96,"95,335.00",21,0.0,0.18,0.0,2.01,-0.38,-,-,10.28,8.58,12_31_2021
