MMFDB,38.73,"1,505.00","1,525.00","1,500.00","1,500.00","1,511.67","2,422.00","1,506.00","3,661,256.20",29,-6.0,25.00,-0.4,1.67,-0.78,"1,647.90","1,660.20","2,095.00",990.00,01_01_2022
MMFDB,40.27,"1,500.00","1,565.00","1,500.00","1,555.00","1,549.33","10,950.00","1,500.00","16,965,204.70",169,55.00,65.00,3.67,4.33,0.36,"1,647.15","1,660.00","2,095.00","1,025.00",01_02_2022
MMFDB,49.29,"1,321.00","1,365.00","1,321.00","1,345.10","1,349.14","6,321.00","1,295.83","8,527,889.10",105,49.27,44.00,3.8,3.33,-0.3,"1,644.56","1,658.76","2,095.00","1,025.00",01_03_2022
MMFDB,44.78,"1,345.00","1,382.10","1,318.20","1,377.00","1,364.31","4,263.00","1,345.10","5,816,071.20",49,31.9,63.90,2.37,4.85,0.92,"1,642.41","1,657.75","2,095.00","1,090.00",01_04_2022
MMFDB,41.71,"1,355.00","1,358.00","1,341.10","1,343.00","1,348.83","3,088.00","1,377.00","4,165,188.50",34,-34.0,16.9,-2.47,1.26,-0.43,"1,639.72","1,656.40","2,095.00","1,101.00",01_05_2022
MMFDB,40.5,"1,340.00","1,378.10","1,340.00","1,360.00","1,358.46","4,772.00","1,343.00","6,482,568.90",59,17.00,38.10,1.27,2.84,0.11,"1,637.28","1,655.21","2,095.00","1,105.00",01_06_2022
MMFDB,42.55,"1,340.00","1,378.10","1,340.00","1,360.00","1,358.46","4,772.00","1,343.00","6,482,568.90",59,17.00,38.10,1.27,2.84,0.11,"1,637.28","1,655.21","2,095.00","1,105.00",01_07_2022
MMFDB,42.55,"1,340.00","1,378.10","1,340.00","1,360.00","1,358.46","4,772.00","1,343.00","6,482,568.90",59,17.00,38.10,1.27,2.84,0.11,"1,637.28","1,655.21","2,095.00","1,105.00",01_08_2022
MMFDB,43.02,"1,385.00","1,410.00","1,385.00","1,400.00","1,395.09","3,365.00","1,360.00","4,694,484.20",56,40.0,25.00,2.94,1.81,0.35,"1,635.18","1,654.13","2,095.00","1,222.00",01_09_2022
MMFDB,59.51,"1,390.00","1,417.80","1,390.00","1,414.00","1,406.25","3,032.00","1,400.00","4,263,757.70",40,14.0,27.80,1.0,2.0,0.55,"1,633.28","1,652.82","2,095.00","1,222.00",01_10_2022
MMFDB,60.94,"1,428.00","1,527.00","1,428.00","1,490.00","1,492.48","7,606.00","1,414.00","11,351,831.60",104,76.0,99.00,5.37,6.93,-0.17,"1,631.73","1,651.76","2,095.00","1,255.00",01_11_2022
MMFDB,67.04,"1,515.00","1,520.00","1,459.00","1,461.00","1,484.11","4,978.00","1,490.00","7,387,887.30",66,-29.0,61.00,-1.95,4.18,-1.58,"1,629.74","1,650.68","2,095.00","1,270.00",01_12_2022
MMFDB,62.81,"1,488.90","1,500.00","1,465.00","1,498.00","1,490.14","6,004.00","1,461.00","8,946,791.50",57,37.0,35.0,2.53,2.39,0.52,"1,627.47","1,649.88","2,095.00","1,308.00",01_13_2022
MMFDB,66.47,"1,488.90","1,500.00","1,465.00","1,498.00","1,490.14","6,004.00","1,461.00","8,946,791.50",57,37.0,35.0,2.53,2.39,0.52,"1,627.47","1,649.88","2,095.00","1,308.00",01_14_2022
MMFDB,66.47,"1,488.90","1,500.00","1,465.00","1,498.00","1,490.14","6,004.00","1,461.00","8,946,791.50",57,37.0,35.0,2.53,2.39,0.52,"1,627.47","1,649.88","2,095.00","1,308.00",01_15_2022
MMFDB,67.67,"1,500.00","1,558.00","1,500.00","1,520.00","1,522.94","3,785.00","1,498.00","5,764,338.40",54,22.0,58.0,1.47,3.87,-0.19,"1,625.68","1,649.33","2,095.00","1,308.00",01_16_2022
MMFDB,64.04,"1,501.00","1,520.00","1,494.00","1,510.00","1,504.77","1,941.00","1,520.00","2,920,768.00",24,-10.0,26.0,-0.66,1.74,0.35,"1,623.76","1,648.94","2,095.00","1,308.00",01_17_2022
MMFDB,54.16,"1,486.10","1,510.00","1,458.00","1,475.00","1,480.02","2,828.00","1,510.00","4,185,498.90",55,-35.0,52.0,-2.32,3.57,-0.34,"1,621.35","1,648.24","2,095.00","1,308.00",01_18_2022
MMFDB,54.5,"1,504.50","1,504.50","1,445.20","1,450.00","1,460.07",767.00,"1,475.00","1,119,874.00",27,-25.0,59.3,-1.69,4.1,-0.69,"1,618.01","1,647.52","2,095.00","1,308.00",01_19_2022
MMFDB,43.36,"1,479.00","1,485.00","1,450.00","1,465.00","1,459.53","1,013.00","1,450.00","1,478,501.00",19,15.0,35.0,1.03,2.41,0.37,"1,613.99","1,646.74","2,095.00","1,308.00",01_20_2022
MMFDB,44.59,"1,479.00","1,485.00","1,450.00","1,465.00","1,459.53","1,013.00","1,450.00","1,478,501.00",19,15.0,35.0,1.03,2.41,0.37,"1,613.99","1,646.74","2,095.00","1,308.00",01_21_2022
MMFDB,44.59,"1,479.00","1,485.00","1,450.00","1,465.00","1,459.53","1,013.00","1,450.00","1,478,501.00",19,15.0,35.0,1.03,2.41,0.37,"1,613.99","1,646.74","2,095.00","1,308.00",01_22_2022
MMFDB,46.42,"1,460.00","1,494.00","1,450.00","1,464.20","1,462.83","3,429.00","1,465.00","5,016,059.20",44,-0.8,44.00,-0.05,3.03,0.09,"1,609.86","1,645.68","2,095.00","1,318.20",01_23_2022
MMFDB,50.87,"1,438.00","1,450.00","1,351.00","1,440.00","1,411.77","5,006.00","1,464.20","7,067,314.90",61,-24.2,99.0,-1.65,7.33,1.96,"1,605.82","1,644.61","2,095.00","1,318.20",01_24_2022
MMFDB,57.68,"1,425.00","1,468.00","1,393.00","1,404.00","1,427.29","7,856.00","1,440.00","11,212,814.10",71,-36.0,75.00,-2.5,5.38,-1.66,"1,601.27","1,642.98","2,095.00","1,318.20",01_25_2022
MMFDB,54.38,"1,432.00","1,450.00","1,390.00","1,416.90","1,405.77","8,081.00","1,404.00","11,360,045.30",98,12.9,60.0,0.92,4.32,0.79,"1,596.67","1,641.63","2,095.00","1,318.20",01_26_2022
MMFDB,52.46,"1,410.00","1,433.00","1,392.00","1,392.50","1,404.74","3,475.00","1,416.90","4,881,456.00",47,-24.4,41.0,-1.72,2.95,-0.88,"1,591.60","1,639.99","2,095.00","1,318.20",01_27_2022
MMFDB,45.22,"1,410.00","1,433.00","1,392.00","1,392.50","1,404.74","3,475.00","1,416.90","4,881,456.00",47,-24.4,41.0,-1.72,2.95,-0.88,"1,591.60","1,639.99","2,095.00","1,318.20",01_28_2022
MMFDB,45.22,"1,410.00","1,433.00","1,392.00","1,392.50","1,404.74","3,475.00","1,416.90","4,881,456.00",47,-24.4,41.0,-1.72,2.95,-0.88,"1,591.60","1,639.99","2,095.00","1,318.20",01_29_2022
MMFDB,46.42,"1,420.00","1,448.40","1,400.00","1,444.00","1,429.35","3,058.00","1,392.50","4,370,958.50",62,51.5,48.4,3.7,3.46,1.01,"1,587.38","1,638.42","2,095.00","1,318.20",01_30_2022
MMFDB,58.01,"1,430.00","1,472.00","1,411.00","1,411.00","1,434.83","3,138.00","1,444.00","4,502,501.00",48,-33.0,61.0,-2.29,4.32,-1.69,"1,582.76","1,636.62","2,095.00","1,318.20",01_31_2022
MMFDB,53.05,"1,411.90","1,418.00","1,400.00","1,418.00","1,403.53","4,564.00","1,411.00","6,405,728.50",52,7.0,18.0,0.5,1.29,1.02,"1,578.24","1,634.52","2,095.00","1,318.20",02_01_2022
MMFDB,50.86,"1,411.90","1,418.00","1,400.00","1,418.00","1,403.53","4,564.00","1,411.00","6,405,728.50",52,7.0,18.0,0.5,1.29,1.02,"1,578.24","1,634.52","2,095.00","1,318.20",02_02_2022
MMFDB,50.8,"1,446.00","1,446.00","1,402.00","1,415.00","1,423.31","7,136.00","1,418.00","10,156,739.50",74,-3.0,44.0,-0.21,3.14,-0.59,"1,573.95","1,632.55","2,095.00","1,318.20",02_03_2022
MMFDB,56.09,"1,446.00","1,446.00","1,402.00","1,415.00","1,423.31","7,136.00","1,418.00","10,156,739.50",74,-3.0,44.0,-0.21,3.14,-0.59,"1,573.95","1,632.55","2,095.00","1,318.20",02_04_2022
MMFDB,56.09,"1,446.00","1,446.00","1,402.00","1,415.00","1,423.31","7,136.00","1,418.00","10,156,739.50",74,-3.0,44.0,-0.21,3.14,-0.59,"1,573.95","1,632.55","2,095.00","1,318.20",02_05_2022
MMFDB,55.94,"1,405.00","1,405.00","1,386.70","1,399.00","1,391.37","3,794.00","1,415.00","5,278,865.80",33,-16.00,18.3,-1.13,1.32,0.55,"1,569.19","1,630.77","2,095.00","1,318.20",02_06_2022
MMFDB,43.81,"1,399.00","1,406.00","1,388.00","1,400.00","1,394.16",829.00,"1,399.00","1,155,755.50",17,1.0,18.0,0.07,1.3,0.42,"1,564.41","1,629.21","2,095.00","1,318.20",02_07_2022
MMFDB,46.77,"1,419.00","1,428.00","1,380.00","1,380.00","1,392.16","1,973.00","1,400.00","2,746,724.90",37,-20.0,48.0,-1.43,3.48,-0.88,"1,559.77","1,627.40","2,095.00","1,318.20",02_08_2022
MMFDB,41.34,"1,360.00","1,375.00","1,340.00","1,350.00","1,349.37","6,378.00","1,380.00","8,606,303.40",85,-30.0,35.0,-2.17,2.61,0.05,"1,555.06","1,625.30","2,095.00","1,318.20",02_09_2022
MMFDB,52.77,"1,374.50","1,375.00","1,335.00","1,348.00","1,342.06","1,833.00","1,350.00","2,459,989.00",33,-2.0,40.0,-0.15,3.0,0.44,"1,550.64","1,623.29","2,095.00","1,318.20",02_10_2022
MMFDB,44.37,"1,374.50","1,375.00","1,335.00","1,348.00","1,342.06","1,833.00","1,350.00","2,459,989.00",33,-2.0,40.0,-0.15,3.0,0.44,"1,550.64","1,623.29","2,095.00","1,318.20",02_11_2022
MMFDB,44.37,"1,374.50","1,375.00","1,335.00","1,348.00","1,342.06","1,833.00","1,350.00","2,459,989.00",33,-2.0,40.0,-0.15,3.0,0.44,"1,550.64","1,623.29","2,095.00","1,318.20",02_12_2022
MMFDB,46.49,"1,298.00","1,320.00","1,288.00","1,320.00","1,294.98","2,258.00","1,300.00","2,924,060.80",48,20.0,32.0,1.54,2.48,1.9,"1,541.64","1,618.46","2,095.00","1,288.00",02_14_2022
MMFDB,41.24,"1,310.00","1,365.00","1,300.00","1,365.00","1,318.93","1,897.00","1,320.00","2,502,012.50",43,45.0,65.0,3.41,5.0,3.38,"1,537.85","1,616.29","2,095.00","1,288.00",02_15_2022
MMFDB,53.16,"1,385.00","1,385.00","1,340.00","1,342.00","1,349.47","1,430.00","1,365.00","1,929,748.00",27,-23.0,45.0,-1.68,3.36,-0.56,"1,533.62","1,613.72","2,095.00","1,288.00",02_16_2022
MMFDB,46.27,"1,365.00","1,365.00","1,330.00","1,330.00","1,336.07","1,589.00","1,342.00","2,123,018.90",28,-12.0,35.0,-0.89,2.63,-0.46,"1,527.90","1,611.16","2,095.00","1,288.00",02_17_2022
MMFDB,50.25,"1,365.00","1,365.00","1,330.00","1,330.00","1,336.07","1,589.00","1,342.00","2,123,018.90",28,-12.0,35.0,-0.89,2.63,-0.46,"1,527.90","1,611.16","2,095.00","1,288.00",02_18_2022
MMFDB,50.25,"1,365.00","1,365.00","1,330.00","1,330.00","1,336.07","1,589.00","1,342.00","2,123,018.90",28,-12.0,35.0,-0.89,2.63,-0.46,"1,527.90","1,611.16","2,095.00","1,288.00",02_19_2022
MMFDB,49.83,"1,310.00","1,326.00","1,300.00","1,322.00","1,312.51","1,138.00","1,330.00","1,493,638.00",29,-8.0,26.0,-0.6,2.0,0.72,"1,522.57","1,608.66","2,095.00","1,288.00",02_20_2022
MMFDB,42.89,"1,345.90","1,345.90","1,295.00","1,315.00","1,310.05","1,596.00","1,322.00","2,090,835.00",28,-7.0,50.9,-0.53,3.93,0.38,"1,517.55","1,606.16","2,095.00","1,288.00",02_21_2022
MMFDB,40.52,"1,337.00","1,337.00","1,301.00","1,320.00","1,315.37","2,655.00","1,315.00","3,492,303.60",39,5.0,36.0,0.38,2.77,0.35,"1,512.56","1,603.69","2,095.00","1,288.00",02_22_2022
MMFDB,48.98,"1,311.00","1,324.00","1,305.00","1,322.00","1,308.65",850.00,"1,320.00","1,112,354.00",16,2.0,19.0,0.15,1.46,1.01,"1,507.77","1,601.32","2,095.00","1,288.00",02_23_2022
MMFDB,41.82,"1,296.00","1,302.00","1,277.00","1,301.00","1,289.05","2,547.00","1,322.00","3,283,202.00",65,-21.0,25.0,-1.59,1.96,0.92,"1,503.09","1,599.27","2,095.00","1,277.00",02_24_2022
MMFDB,45.02,"1,296.00","1,302.00","1,277.00","1,301.00","1,289.05","2,547.00","1,322.00","3,283,202.00",65,-21.0,25.0,-1.59,1.96,0.92,"1,503.09","1,599.27","2,095.00","1,277.00",02_25_2022
MMFDB,45.02,"1,296.00","1,302.00","1,277.00","1,301.00","1,289.05","2,547.00","1,322.00","3,283,202.00",65,-21.0,25.0,-1.59,1.96,0.92,"1,503.09","1,599.27","2,095.00","1,277.00",02_26_2022
MMFDB,44.67,"1,300.00","1,300.00","1,276.00","1,287.00","1,286.70",951.00,"1,301.00","1,223,647.00",21,-14.0,24.00,-1.08,1.88,0.02,"1,498.49","1,597.15","2,095.00","1,276.00",02_27_2022
MMFDB,38.74,"1,305.00","1,305.00","1,257.00","1,260.00","1,271.43","2,148.00","1,287.00","2,731,031.00",37,-27.0,48.00,-2.1,3.82,-0.91,"1,493.54","1,594.91","2,095.00","1,257.00",02_28_2022
MMFDB,41.38,"1,305.00","1,305.00","1,257.00","1,260.00","1,271.43","2,148.00","1,287.00","2,731,031.00",37,-27.0,48.00,-2.1,3.82,-0.91,"1,493.54","1,594.91","2,095.00","1,257.00",03_01_2022
MMFDB,41.21,"1,260.00","1,268.00","1,225.00","1,238.00","1,239.07","1,557.00","1,260.00","1,929,236.00",34,-22.0,43.00,-1.75,3.51,-0.09,"1,488.69","1,592.59","2,095.00","1,225.00",03_02_2022
MMFDB,36.39,"1,260.00","1,268.00","1,225.00","1,238.00","1,239.07","1,557.00","1,260.00","1,929,236.00",34,-22.0,43.00,-1.75,3.51,-0.09,"1,488.69","1,592.59","2,095.00","1,225.00",03_03_2022
MMFDB,36.39,"1,260.00","1,268.00","1,225.00","1,238.00","1,239.07","1,557.00","1,260.00","1,929,236.00",34,-22.0,43.00,-1.75,3.51,-0.09,"1,488.69","1,592.59","2,095.00","1,225.00",03_04_2022
MMFDB,36.39,"1,260.00","1,268.00","1,225.00","1,238.00","1,239.07","1,557.00","1,260.00","1,929,236.00",34,-22.0,43.00,-1.75,3.51,-0.09,"1,488.69","1,592.59","2,095.00","1,225.00",03_05_2022
MMFDB,33.77,"1,245.00","1,245.00","1,220.00","1,220.00","1,239.26","1,057.00","1,238.00","1,309,892.80",24,-18.0,25.0,-1.45,2.05,-1.58,"1,484.02","1,590.11","2,095.00","1,220.00",03_06_2022
MMFDB,35.11,"1,202.00","1,223.00","1,181.10","1,219.90","1,198.30","4,265.00","1,220.00","5,110,764.20",72,-0.1,41.9,-0.01,3.55,1.77,"1,479.23","1,587.31","2,095.00","1,181.10",03_07_2022
MMFDB,39.89,"1,202.00","1,223.00","1,181.10","1,219.90","1,198.30","4,265.00","1,220.00","5,110,764.20",72,-0.1,41.9,-0.01,3.55,1.77,"1,479.23","1,587.31","2,095.00","1,181.10",03_08_2022
MMFDB,39.44,"1,200.00","1,200.00","1,181.00","1,191.00","1,196.63","2,633.00","1,219.90","3,150,719.50",34,-28.9,19.0,-2.37,1.61,-0.47,"1,474.31","1,583.98","2,095.00","1,181.00",03_09_2022
MMFDB,38.26,"1,175.10","1,229.90","1,175.10","1,229.90","1,211.36","1,050.00","1,191.00","1,271,930.00",18,38.9,54.8,3.27,4.66,1.51,"1,470.30","1,581.05","2,095.00","1,175.10",03_10_2022
MMFDB,40.21,"1,175.10","1,229.90","1,175.10","1,229.90","1,211.36","1,050.00","1,191.00","1,271,930.00",18,38.9,54.8,3.27,4.66,1.51,"1,470.30","1,581.05","2,095.00","1,175.10",03_11_2022
MMFDB,40.21,"1,175.10","1,229.90","1,175.10","1,229.90","1,211.36","1,050.00","1,191.00","1,271,930.00",18,38.9,54.8,3.27,4.66,1.51,"1,470.30","1,581.05","2,095.00","1,175.10",03_12_2022
MMFDB,42.16,"1,233.00","1,280.00","1,232.00","1,280.00","1,260.93","1,859.00","1,229.90","2,344,074.00",41,50.10,48.00,4.07,3.9,1.49,"1,466.26","1,578.50","2,095.00","1,175.10",03_13_2022
MMFDB,50.32,"1,302.90","1,302.90","1,275.00","1,275.00","1,278.35",575.00,"1,280.00","735,051.50",12,-5.0,27.9,-0.39,2.19,-0.26,"1,462.39","1,575.80","2,095.00","1,175.10",03_14_2022
MMFDB,49.14,"1,261.00","1,275.00","1,238.00","1,275.00","1,254.48","1,548.00","1,275.00","1,941,942.10",32,0.0,37.0,0.0,2.99,1.61,"1,458.60","1,573.05","2,095.00","1,175.10",03_15_2022
MMFDB,50.09,"1,255.00","1,291.40","1,255.00","1,291.40","1,263.13","2,558.00","1,275.00","3,231,089.20",21,16.4,36.4,1.29,2.9,2.19,"1,455.19","1,570.61","2,095.00","1,175.10",03_16_2022
MMFDB,52.53,"1,255.00","1,291.40","1,255.00","1,291.40","1,263.13","2,558.00","1,275.00","3,231,089.20",21,16.4,36.4,1.29,2.9,2.19,"1,455.19","1,570.61","2,095.00","1,175.10",03_17_2022
MMFDB,52.53,"1,255.00","1,291.40","1,255.00","1,291.40","1,263.13","2,558.00","1,275.00","3,231,089.20",21,16.4,36.4,1.29,2.9,2.19,"1,455.19","1,570.61","2,095.00","1,175.10",03_18_2022
MMFDB,52.53,"1,255.00","1,291.40","1,255.00","1,291.40","1,263.13","2,558.00","1,275.00","3,231,089.20",21,16.4,36.4,1.29,2.9,2.19,"1,455.19","1,570.61","2,095.00","1,175.10",03_19_2022
MMFDB,54.81,"1,285.00","1,288.90","1,266.00","1,288.90","1,273.56",744.00,"1,291.40","947,526.30",19,-2.5,22.9,-0.19,1.81,1.19,"1,451.85","1,568.21","2,095.00","1,175.10",03_20_2022
MMFDB,50.03,"1,279.00","1,280.00","1,279.00","1,280.00","1,279.08","2,321.00","1,288.90","2,968,736.00",10,-8.90,1.0,-0.69,0.08,0.07,"1,448.52","1,565.97","2,095.00","1,175.10",03_21_2022
MMFDB,55.4,"1,280.00","1,285.00","1,266.10","1,285.00","1,277.54",648.00,"1,280.00","827,845.30",16,5.0,18.9,0.39,1.49,0.58,"1,445.35","1,563.47","2,095.00","1,175.10",03_22_2022
MMFDB,50.29,"1,280.00","1,320.00","1,280.00","1,300.00","1,305.94","2,689.00","1,285.00","3,511,684.10",39,15.0,40.0,1.17,3.13,-0.46,"1,442.56","1,561.19","2,095.00","1,175.10",03_23_2022
MMFDB,57.6,"1,300.00","1,350.00","1,300.00","1,330.00","1,323.89","2,652.00","1,300.00","3,510,958.00",41,30.0,50.0,2.31,3.85,0.46,"1,440.66","1,559.35","2,095.00","1,175.10",03_24_2022
MMFDB,57.6,"1,300.00","1,350.00","1,300.00","1,330.00","1,323.89","2,652.00","1,300.00","3,510,958.00",41,30.0,50.0,2.31,3.85,0.46,"1,440.66","1,559.35","2,095.00","1,175.10",03_24_2022
MMFDB,57.6,"1,300.00","1,350.00","1,300.00","1,330.00","1,323.89","2,652.00","1,300.00","3,510,958.00",41,30.0,50.0,2.31,3.85,0.46,"1,440.66","1,559.35","2,095.00","1,175.10",03_24_2022
MMFDB,57.6,"1,300.00","1,350.00","1,300.00","1,330.00","1,323.89","2,652.00","1,300.00","3,510,958.00",41,30.0,50.0,2.31,3.85,0.46,"1,440.66","1,559.35","2,095.00","1,175.10",03_24_2022
MMFDB,55.22,"1,300.00","1,350.00","1,300.00","1,330.00","1,323.89","2,652.00","1,300.00","3,510,958.00",41,30.0,50.0,2.31,3.85,0.46,"1,440.66","1,559.35","2,095.00","1,175.10",03_25_2022
MMFDB,55.22,"1,300.00","1,350.00","1,300.00","1,330.00","1,323.89","2,652.00","1,300.00","3,510,958.00",41,30.0,50.0,2.31,3.85,0.46,"1,440.66","1,559.35","2,095.00","1,175.10",03_26_2022
MMFDB,54.57,"1,326.00","1,326.00","1,290.00","1,317.00","1,307.68","2,241.00","1,330.00","2,930,519.00",34,-13.0,36.00,-0.98,2.79,0.71,"1,439.01","1,557.52","2,095.00","1,175.10",03_27_2022
MMFDB,52.89,"1,343.30","1,343.30","1,289.70","1,303.00","1,301.71",150.00,"1,317.00","195,256.00",7,-14.0,53.6,-1.06,4.16,0.1,"1,437.11","1,555.51","2,095.00","1,175.10",03_28_2022
MMFDB,47.79,"1,278.00","1,297.00","1,253.00","1,255.00","1,262.89","1,838.00","1,303.00","2,321,192.80",30,-48.0,44.0,-3.68,3.51,-0.63,"1,434.56","1,553.60","2,095.00","1,175.10",03_29_2022
MMFDB,37.49,"1,230.00","1,279.00","1,230.00","1,279.00","1,247.50","2,853.00","1,255.00","3,559,109.00",29,24.0,49.0,1.91,3.98,2.46,"1,431.98","1,551.83","2,095.00","1,175.10",03_30_2022
MMFDB,39.25,"1,258.00","1,260.00","1,236.00","1,260.00","1,253.85",601.00,"1,279.00","753,565.00",14,-19.0,24.0,-1.49,1.94,0.49,"1,429.78","1,549.97","2,095.00","1,175.10",03_31_2022
MMFDB,31.19,"1,258.00","1,260.00","1,236.00","1,260.00","1,253.85",601.00,"1,279.00","753,565.00",14,-19.0,24.0,-1.49,1.94,0.49,"1,429.78","1,549.97","2,095.00","1,175.10",04_01_2022
MMFDB,31.19,"1,258.00","1,260.00","1,236.00","1,260.00","1,253.85",601.00,"1,279.00","753,565.00",14,-19.0,24.0,-1.49,1.94,0.49,"1,429.78","1,549.97","2,095.00","1,175.10",04_02_2022
MMFDB,29.49,"1,260.00","1,260.00","1,235.00","1,240.00","1,242.40",680.00,"1,260.00","844,830.00",14,-20.0,25.0,-1.59,2.02,-0.19,"1,427.90","1,547.72","2,095.00","1,175.10",04_03_2022
MMFDB,29.2,"1,230.00","1,250.00","1,224.00","1,244.00","1,227.97","1,603.00","1,240.00","1,968,430.00",20,4.0,26.0,0.32,2.12,1.29,"1,426.18","1,545.44","2,095.00","1,175.10",04_04_2022
MMFDB,33.55,"1,226.00","1,234.00","1,190.00","1,190.00","1,199.47","2,030.00","1,244.00","2,434,914.20",45,-54.0,44.00,-4.34,3.7,-0.8,"1,423.84","1,542.97","2,095.00","1,175.10",04_05_2022
MMFDB,32.92,"1,175.10","1,213.00","1,170.00","1,188.00","1,192.54","1,900.00","1,190.00","2,265,824.00",25,-2.0,43.0,-0.17,3.68,-0.38,"1,421.46","1,540.31","2,095.00","1,170.00",04_06_2022
MMFDB,33.58,"1,188.00","1,223.00","1,180.10","1,211.00","1,203.78","3,548.00","1,188.00","4,271,013.30",39,23.0,42.9,1.94,3.64,0.6,"1,419.68","1,537.86","2,095.00","1,170.00",04_07_2022
MMFDB,37.43,"1,188.00","1,223.00","1,180.10","1,211.00","1,203.78","3,548.00","1,188.00","4,271,013.30",39,23.0,42.9,1.94,3.64,0.6,"1,419.68","1,537.86","2,095.00","1,170.00",04_08_2022
MMFDB,37.43,"1,188.00","1,223.00","1,180.10","1,211.00","1,203.78","3,548.00","1,188.00","4,271,013.30",39,23.0,42.9,1.94,3.64,0.6,"1,419.68","1,537.86","2,095.00","1,170.00",04_09_2022
MMFDB,37.43,"1,188.00","1,223.00","1,180.10","1,211.00","1,203.78","3,548.00","1,188.00","4,271,013.30",39,23.0,42.9,1.94,3.64,0.6,"1,419.68","1,537.86","2,095.00","1,170.00",04_10_2022
MMFDB,37.09,"1,215.00","1,235.00","1,187.00","1,210.00","1,209.76","1,436.00","1,211.00","1,737,210.00",27,-1.0,48.0,-0.08,4.04,0.02,"1,417.64","1,535.40","2,095.00","1,170.00",04_11_2022
MMFDB,31.25,"1,198.00","1,198.00","1,165.00","1,180.00","1,172.74","1,855.00","1,210.00","2,175,428.00",44,-30.0,33.0,-2.48,2.83,0.62,"1,415.11","1,532.84","2,095.00","1,165.00",04_12_2022
MMFDB,41.68,"1,170.00","1,205.00","1,165.00","1,191.00","1,182.57","1,210.00","1,180.00","1,430,911.00",19,11.00,40.0,0.93,3.43,0.71,"1,411.51","1,530.14","2,095.00","1,165.00",04_13_2022
MMFDB,42.39,"1,170.00","1,205.00","1,165.00","1,191.00","1,182.57","1,210.00","1,180.00","1,430,911.00",19,11.00,40.0,0.93,3.43,0.71,"1,411.51","1,530.14","2,095.00","1,165.00",04_14_2022
MMFDB,42.39,"1,170.00","1,205.00","1,165.00","1,191.00","1,182.57","1,210.00","1,180.00","1,430,911.00",19,11.00,40.0,0.93,3.43,0.71,"1,411.51","1,530.14","2,095.00","1,165.00",04_15_2022
MMFDB,42.39,"1,170.00","1,205.00","1,165.00","1,191.00","1,182.57","1,210.00","1,180.00","1,430,911.00",19,11.00,40.0,0.93,3.43,0.71,"1,411.51","1,530.14","2,095.00","1,165.00",04_16_2022
MMFDB,44.97,"1,182.00","1,189.00","1,180.00","1,189.00","1,180.51",860.00,"1,191.00","1,015,240.00",16,-2.00,9.0,-0.17,0.76,0.71,"1,408.61","1,527.30","2,095.00","1,165.00",04_17_2022
MMFDB,36.73,"1,176.30","1,185.00","1,165.30","1,178.00","1,172.77","1,452.00","1,189.00","1,702,861.60",28,-11.0,19.70,-0.93,1.69,0.44,"1,405.92","1,524.01","2,095.00","1,165.00",04_18_2022
MMFDB,36.1,"1,165.00","1,183.20","1,160.00","1,175.00","1,165.71",475.00,"1,178.00","553,711.40",15,-3.0,23.2,-0.25,2.0,0.79,"1,403.14","1,520.90","2,095.00","1,160.00",04_19_2022
MMFDB,36.31,"1,196.00","1,198.00","1,149.50","1,175.00","1,170.47","1,155.00","1,175.00","1,351,887.50",27,0.0,48.5,0.0,4.22,0.39,"1,400.68","1,517.76","2,095.00","1,149.50",04_20_2022
MMFDB,37.17,"1,152.00","1,184.00","1,130.00","1,184.00","1,141.51","2,448.00","1,175.00","2,794,424.00",42,9.0,54.00,0.77,4.78,3.59,"1,398.47","1,514.54","2,095.00","1,130.00",04_21_2022
MMFDB,42.84,"1,152.00","1,184.00","1,130.00","1,184.00","1,141.51","2,448.00","1,175.00","2,794,424.00",42,9.0,54.00,0.77,4.78,3.59,"1,398.47","1,514.54","2,095.00","1,130.00",04_22_2022
MMFDB,42.84,"1,152.00","1,184.00","1,130.00","1,184.00","1,141.51","2,448.00","1,175.00","2,794,424.00",42,9.0,54.00,0.77,4.78,3.59,"1,398.47","1,514.54","2,095.00","1,130.00",04_23_2022
MMFDB,43.36,"1,184.00","1,220.00","1,184.00","1,220.00","1,208.50","3,362.00","1,184.00","4,062,992.00",51,36.00,36.00,3.04,3.04,0.94,"1,396.43","1,511.04","2,095.00","1,130.00",04_24_2022
MMFDB,49.12,"1,220.00","1,240.00","1,216.00","1,217.00","1,226.45","1,708.00","1,220.00","2,094,781.00",33,-3.0,24.0,-0.25,1.97,-0.78,"1,394.59","1,506.97","2,095.00","1,130.00",04_25_2022
MMFDB,46.34,"1,199.10","1,199.40","1,198.00","1,198.00","1,198.92",575.00,"1,217.00","689,379.80",8,-19.0,1.4,-1.56,0.12,-0.08,"1,392.07","1,502.74","2,095.00","1,130.00",04_26_2022
MMFDB,43.39,"1,175.10","1,198.00","1,175.10","1,198.00","1,193.38",141.00,"1,198.00","168,266.10",4,0.0,22.9,0.0,1.95,0.39,"1,389.22","1,498.70","2,095.00","1,130.00",04_27_2022
MMFDB,39.19,"1,213.00","1,221.00","1,176.00","1,176.00","1,196.31","2,721.00","1,198.00","3,255,169.00",35,-22.0,45.0,-1.84,3.83,-1.73,"1,386.13","1,494.41","2,095.00","1,130.00",04_28_2022
MMFDB,34.53,"1,213.00","1,221.00","1,176.00","1,176.00","1,196.31","2,721.00","1,198.00","3,255,169.00",35,-22.0,45.0,-1.84,3.83,-1.73,"1,386.13","1,494.41","2,095.00","1,130.00",04_29_2022
MMFDB,34.53,"1,213.00","1,221.00","1,176.00","1,176.00","1,196.31","2,721.00","1,198.00","3,255,169.00",35,-22.0,45.0,-1.84,3.83,-1.73,"1,386.13","1,494.41","2,095.00","1,130.00",04_30_2022
MMFDB,34.53,"1,213.00","1,221.00","1,176.00","1,176.00","1,196.31","2,721.00","1,198.00","3,255,169.00",35,-22.0,45.0,-1.84,3.83,-1.73,"1,386.13","1,494.41","2,095.00","1,130.00",05_01_2022
MMFDB,35.93,"1,175.00","1,177.90","1,150.00","1,164.90","1,158.53","1,295.00","1,176.00","1,500,292.00",21,-11.1,27.9,-0.94,2.43,0.55,"1,382.67","1,489.94","2,095.00","1,130.00",05_02_2022
MMFDB,33.37,"1,175.00","1,177.90","1,150.00","1,164.90","1,158.53","1,295.00","1,176.00","1,500,292.00",21,-11.1,27.9,-0.94,2.43,0.55,"1,382.67","1,489.94","2,095.00","1,130.00",05_03_2022
MMFDB,32.46,"1,165.00","1,175.00","1,144.10","1,150.00","1,152.26","1,185.00","1,164.90","1,365,427.00",21,-14.9,30.9,-1.28,2.7,-0.2,"1,378.26","1,485.21","2,095.00","1,130.00",05_04_2022
MMFDB,32.21,"1,150.00","1,150.00","1,120.00","1,129.00","1,127.11","1,309.00","1,150.00","1,475,392.00",23,-21.0,30.0,-1.83,2.68,0.17,"1,373.54","1,480.65","2,095.00","1,120.00",05_05_2022
MMFDB,28.18,"1,150.00","1,150.00","1,120.00","1,129.00","1,127.11","1,309.00","1,150.00","1,475,392.00",23,-21.0,30.0,-1.83,2.68,0.17,"1,373.54","1,480.65","2,095.00","1,120.00",05_06_2022
MMFDB,28.18,"1,150.00","1,150.00","1,120.00","1,129.00","1,127.11","1,309.00","1,150.00","1,475,392.00",23,-21.0,30.0,-1.83,2.68,0.17,"1,373.54","1,480.65","2,095.00","1,120.00",05_07_2022
MMFDB,28.18,"1,132.00","1,151.00","1,129.20","1,133.20","1,139.09","1,141.00","1,129.00","1,299,703.90",20,4.2,21.80,0.37,1.93,-0.52,"1,368.97","1,476.03","2,095.00","1,120.00",05_08_2022
MMFDB,32.9,"1,150.00","1,170.00","1,150.00","1,155.00","1,158.61",700.00,"1,133.20","811,030.00",19,21.8,20.0,1.92,1.74,-0.31,"1,364.42","1,471.55","2,095.00","1,120.00",05_09_2022
MMFDB,32.26,"1,140.00","1,173.00","1,140.00","1,173.00","1,164.30",382.00,"1,155.00","444,763.00",12,18.0,33.0,1.56,2.89,0.74,"1,360.04","1,467.35","2,095.00","1,120.00",05_10_2022
MMFDB,39.97,"1,170.20","1,195.00","1,170.10","1,195.00","1,186.98",496.00,"1,173.00","588,744.50",10,22.0,24.9,1.88,2.13,0.67,"1,356.10","1,463.04","2,095.00","1,120.00",05_11_2022
MMFDB,42.47,"1,185.00","1,199.00","1,162.00","1,162.00","1,179.01","2,097.00","1,195.00","2,472,386.00",30,-33.0,37.0,-2.76,3.18,-1.46,"1,352.37","1,458.53","2,095.00","1,120.00",05_12_2022
MMFDB,47.49,"1,185.00","1,199.00","1,162.00","1,162.00","1,179.01","2,097.00","1,195.00","2,472,386.00",30,-33.0,37.0,-2.76,3.18,-1.46,"1,352.37","1,458.53","2,095.00","1,120.00",05_13_2022
MMFDB,47.49,"1,185.00","1,199.00","1,162.00","1,162.00","1,179.01","2,097.00","1,195.00","2,472,386.00",30,-33.0,37.0,-2.76,3.18,-1.46,"1,352.37","1,458.53","2,095.00","1,120.00",05_14_2022
MMFDB,47.49,"1,185.00","1,199.00","1,162.00","1,162.00","1,179.01","2,097.00","1,195.00","2,472,386.00",30,-33.0,37.0,-2.76,3.18,-1.46,"1,352.37","1,458.53","2,095.00","1,120.00",05_15_2022
MMFDB,47.49,"1,185.00","1,199.00","1,162.00","1,162.00","1,179.01","2,097.00","1,195.00","2,472,386.00",30,-33.0,37.0,-2.76,3.18,-1.46,"1,352.37","1,458.53","2,095.00","1,120.00",05_16_2022
MMFDB,48.84,"1,140.00","1,145.00","1,125.00","1,145.00","1,130.66",430.00,"1,162.00","486,184.00",18,-17.00,20.0,-1.46,1.78,1.25,"1,348.57","1,454.13","2,095.00","1,120.00",05_17_2022
MMFDB,34.35,"1,125.00","1,144.00","1,122.00","1,139.50","1,125.77","2,230.00","1,145.00","2,510,463.00",26,-5.5,22.0,-0.48,1.96,1.21,"1,344.92","1,449.82","2,095.00","1,120.00",05_18_2022
MMFDB,35.17,"1,125.00","1,125.00","1,114.00","1,114.10","1,119.94","1,834.00","1,139.50","2,053,966.00",28,-25.4,11.0,-2.23,0.99,-0.52,"1,340.87","1,445.58","2,095.00","1,114.00",05_19_2022
MMFDB,32.77,"1,136.00","1,136.30","1,113.60","1,129.00","1,120.88",705.00,"1,114.10","790,217.00",9,14.9,22.7,1.34,2.04,0.72,"1,336.86","1,441.60","2,095.00","1,113.60",05_20_2022
MMFDB,29.11,"1,136.00","1,136.30","1,113.60","1,129.00","1,120.88",705.00,"1,114.10","790,217.00",9,14.9,22.7,1.34,2.04,0.72,"1,336.86","1,441.60","2,095.00","1,113.60",05_21_2022
MMFDB,29.11,"1,136.00","1,136.30","1,113.60","1,129.00","1,120.88",705.00,"1,114.10","790,217.00",9,14.9,22.7,1.34,2.04,0.72,"1,336.86","1,441.60","2,095.00","1,113.60",05_22_2022
MMFDB,28.86,"1,110.10","1,124.00","1,093.00","1,124.00","1,109.82",621.00,"1,129.00","689,197.00",16,-5.0,31.0,-0.44,2.84,1.26,"1,332.84","1,437.54","2,095.00","1,093.00",05_23_2022
MMFDB,32.2,"1,117.00","1,125.00","1,105.00","1,125.00","1,107.21","1,510.00","1,124.00","1,671,888.00",13,1.0,20.00,0.09,1.81,1.58,"1,329.04","1,433.68","2,095.00","1,093.00",05_24_2022
MMFDB,38.65,"1,125.00","1,147.00","1,125.00","1,144.00","1,138.15",477.00,"1,125.00","542,898.00",11,19.0,22.0,1.69,1.96,0.51,"1,325.41","1,429.75","2,095.00","1,093.00",05_25_2022
MMFDB,42.27,"1,124.00","1,138.00","1,124.00","1,138.00","1,134.10",908.00,"1,144.00","1,029,759.00",15,-6.0,14.0,-0.52,1.25,0.34,"1,321.81","1,424.88","2,095.00","1,093.00",05_26_2022
MMFDB,42.31,"1,121.00","1,134.00","1,120.00","1,128.00","1,123.37",490.00,"1,138.00","550,450.00",9,-10.0,14.0,-0.88,1.25,0.41,"1,318.39","1,420.24","2,095.00","1,093.00",05_27_2022
MMFDB,38.37,"1,121.00","1,134.00","1,120.00","1,128.00","1,123.37",490.00,"1,138.00","550,450.00",9,-10.0,14.0,-0.88,1.25,0.41,"1,318.39","1,420.24","2,095.00","1,093.00",05_28_2022
MMFDB,38.37,"1,121.00","1,134.00","1,120.00","1,128.00","1,123.37",490.00,"1,138.00","550,450.00",9,-10.0,14.0,-0.88,1.25,0.41,"1,318.39","1,420.24","2,095.00","1,093.00",05_29_2022
MMFDB,37.85,"1,108.00","1,118.00","1,107.00","1,118.00","1,109.41",340.00,"1,128.00","377,200.00",10,-10.0,11.0,-0.89,0.99,0.77,"1,314.96","1,415.80","2,095.00","1,093.00",05_30_2022
MMFDB,33.76,"1,100.00","1,103.00","1,085.00","1,085.00","1,096.43","1,700.00","1,118.00","1,863,924.00",31,-33.0,18.0,-2.95,1.66,-1.05,"1,311.36","1,411.17","2,095.00","1,085.00",05_31_2022
MMFDB,32.96,"1,106.70","1,120.00","1,065.00","1,117.90","1,080.01","1,860.00","1,085.00","2,008,822.70",38,32.9,55.0,3.03,5.16,3.39,"1,308.51","1,406.84","2,095.00","1,065.00",06_01_2022
MMFDB,38.16,"1,101.00","1,122.90","1,096.00","1,122.90","1,105.74",811.00,"1,117.90","896,755.60",17,5.0,26.9,0.45,2.45,1.53,"1,305.72","1,402.74","2,095.00","1,065.00",06_02_2022
MMFDB,37.83,"1,106.00","1,106.00","1,038.20","1,090.00","1,063.75","1,561.00","1,122.90","1,660,516.10",40,-32.9,67.8,-2.93,6.53,2.41,"1,302.61","1,398.58","2,095.00","1,038.20",06_03_2022
MMFDB,35.11,"1,106.00","1,106.00","1,038.20","1,090.00","1,063.75","1,561.00","1,122.90","1,660,516.10",40,-32.9,67.8,-2.93,6.53,2.41,"1,302.61","1,398.58","2,095.00","1,038.20",06_04_2022
MMFDB,35.11,"1,106.00","1,106.00","1,038.20","1,090.00","1,063.75","1,561.00","1,122.90","1,660,516.10",40,-32.9,67.8,-2.93,6.53,2.41,"1,302.61","1,398.58","2,095.00","1,038.20",06_05_2022
MMFDB,34.69,"1,100.00","1,100.00","1,078.00","1,089.00","1,083.91","1,894.00","1,090.00","2,052,924.00",29,-1.0,22.0,-0.09,2.04,0.47,"1,299.45","1,394.33","2,095.00","1,038.20",06_06_2022
MMFDB,45.65,"1,109.00","1,109.00","1,067.30","1,079.00","1,088.70","1,799.00","1,089.00","1,958,571.60",26,-10.0,41.7,-0.92,3.91,-0.9,"1,296.48","1,390.21","2,095.00","1,038.20",06_07_2022
MMFDB,30.52,"1,065.00","1,128.90","1,060.00","1,128.90","1,091.89",883.00,"1,079.00","964,134.50",17,49.9,68.90,4.62,6.5,3.28,"1,294.14","1,386.59","2,095.00","1,038.20",06_08_2022
MMFDB,45.33,"1,120.00","1,139.00","1,101.00","1,122.00","1,123.35","2,216.00","1,128.90","2,489,345.20",37,-6.9,38.0,-0.61,3.45,-0.12,"1,291.54","1,382.85","2,095.00","1,038.20",06_09_2022
MMFDB,49.65,"1,120.00","1,122.00","1,090.10","1,110.00","1,109.04",583.00,"1,122.00","646,568.00",19,-12.0,31.9,-1.07,2.93,0.09,"1,288.95","1,379.12","2,095.00","1,038.20",06_10_2022
MMFDB,42.15,"1,120.00","1,122.00","1,090.10","1,110.00","1,109.04",583.00,"1,122.00","646,568.00",19,-12.0,31.9,-1.07,2.93,0.09,"1,288.95","1,379.12","2,095.00","1,038.20",06_11_2022
MMFDB,42.15,"1,120.00","1,122.00","1,090.10","1,110.00","1,109.04",583.00,"1,122.00","646,568.00",19,-12.0,31.9,-1.07,2.93,0.09,"1,288.95","1,379.12","2,095.00","1,038.20",06_12_2022
MMFDB,41.88,"1,092.00","1,129.70","1,091.00","1,129.70","1,102.06",89.00,"1,110.00","98,083.00",6,19.7,38.7,1.77,3.55,2.45,"1,286.63","1,375.89","2,095.00","1,038.20",06_13_2022
MMFDB,39.37,"1,108.00","1,108.00","1,085.00","1,095.00","1,094.87",295.00,"1,129.70","322,986.90",10,-34.7,23.0,-3.07,2.12,0.01,"1,284.09","1,372.17","2,095.00","1,038.20",06_14_2022
MMFDB,21.52,"1,100.00","1,100.00","1,071.00","1,089.00","1,080.52",643.00,"1,095.00","694,772.70",16,-6.0,29.00,-0.55,2.71,0.78,"1,281.73","1,368.56","2,095.00","1,038.20",06_15_2022
MMFDB,26.46,"1,089.00","1,097.90","1,076.00","1,090.00","1,089.09",371.00,"1,089.00","404,054.00",6,1.0,21.9,0.09,2.04,0.08,"1,279.81","1,365.00","2,095.00","1,038.20",06_16_2022
MMFDB,25.0,"1,072.00","1,091.00","1,051.00","1,091.00","1,060.47",949.00,"1,090.00","1,006,383.00",16,1.0,40.0,0.09,3.81,2.8,"1,277.36","1,361.62","2,095.00","1,038.20",06_17_2022
MMFDB,26.82,"1,072.00","1,091.00","1,051.00","1,091.00","1,060.47",949.00,"1,090.00","1,006,383.00",16,1.0,40.0,0.09,3.81,2.8,"1,277.36","1,361.62","2,095.00","1,038.20",06_18_2022
MMFDB,26.32,"1,070.00","1,070.00","1,010.00","1,046.90","1,039.91","1,623.00","1,091.00","1,687,776.30",46,-44.1,60.00,-4.04,5.94,0.67,"1,274.71","1,358.04","2,095.00","1,010.00",06_19_2022
MMFDB,29.13,"1,045.00","1,045.00",973.00,"1,010.00",997.93,"2,982.00","1,046.90","2,975,817.00",43,-36.9,72.00,-3.52,7.4,1.2,"1,271.94","1,354.32","2,095.00",973.00,06_20_2022
MMFDB,30.19,"1,020.90","1,038.70",982.00,"1,035.00","1,005.85","1,925.00","1,010.00","1,936,255.00",46,25.0,56.70,2.48,5.77,2.82,"1,269.37","1,350.82","2,095.00",973.00,06_21_2022
MMFDB,34.06,"1,016.00","1,016.00","1,000.00","1,015.90","1,002.66",120.00,"1,035.00","120,319.00",3,-19.1,16.0,-1.85,1.6,1.3,"1,266.40","1,347.38","2,095.00",973.00,06_22_2022
MMFDB,23.56,997.00,997.00,957.00,995.00,973.40,481.00,"1,015.90","468,206.40",15,-20.9,40.0,-2.06,4.18,2.17,"1,262.49","1,344.26","2,095.00",957.00,06_23_2022
MMFDB,55.66,"1,096.50","1,096.50","1,053.20","1,055.00","1,066.76","2,150.00","1,075.00","2,293,525.90",39,-20.0,43.3,-1.86,4.11,-1.11,"1,228.51","1,319.13","2,095.00",957.00,07_05_2022
MMFDB,35.07,"1,076.00","1,076.00","1,033.60","1,055.00","1,047.77",336.00,"1,055.00","352,050.80",13,0.0,42.4,0.0,4.1,0.69,"1,225.64","1,316.90","2,095.00",957.00,07_06_2022
MMFDB,44.25,"1,076.00","1,076.00","1,050.00","1,055.00","1,057.48",446.00,"1,055.00","471,635.50",17,0.0,26.0,0.0,2.48,-0.23,"1,222.65","1,314.53","2,095.00",957.00,07_07_2022
MMFDB,31.02,"1,076.00","1,076.00","1,017.00","1,017.00","1,036.83",866.00,"1,055.00","897,895.00",29,-38.0,59.0,-3.6,5.8,-1.95,"1,218.70","1,311.15","2,095.00",957.00,07_08_2022
MMFDB,30.09,"1,076.00","1,076.00","1,017.00","1,017.00","1,036.83",866.00,"1,055.00","897,895.00",29,-38.0,59.0,-3.6,5.8,-1.95,"1,218.70","1,311.15","2,095.00",957.00,07_09_2022
MMFDB,30.09,"1,076.00","1,076.00","1,017.00","1,017.00","1,036.83",866.00,"1,055.00","897,895.00",29,-38.0,59.0,-3.6,5.8,-1.95,"1,218.70","1,311.15","2,095.00",957.00,07_10_2022
MMFDB,27.87,"1,037.20","1,037.20",961.10,988.00,974.11,"3,529.00","1,017.00","3,437,628.70",59,-29.0,76.1,-2.85,7.92,1.41,"1,214.76","1,308.10","2,095.00",957.00,07_11_2022
MMFDB,33.85,"1,007.70","1,007.70",970.00,987.00,988.60,424.00,988.00,"419,165.10",17,-1.0,37.7,-0.1,3.89,-0.16,"1,210.50","1,305.25","2,095.00",957.00,07_12_2022
MMFDB,25.22,"1,006.60","1,060.00",996.50,"1,060.00","1,024.83","2,568.00",987.00,"2,631,754.10",55,73.0,63.5,7.4,6.37,3.32,"1,206.67","1,302.76","2,095.00",957.00,07_13_2022
MMFDB,-,"1,081.10","1,081.10","1,030.10","1,045.00","1,039.72","1,241.00","1,060.00","1,290,295.00",27,-15.0,51.00,-1.42,4.95,0.51,"1,202.80","1,300.40","2,095.00",957.00,07_14_2022
MMFDB,48.3,"1,053.00","1,053.00","1,050.00","1,050.00","1,052.00",30.00,"1,045.00","31,560.00",3,5.0,3.0,0.48,0.29,-0.19,"1,199.25","1,298.18","2,095.00",957.00,07_15_2022
MMFDB,42.74,"1,053.00","1,053.00","1,050.00","1,050.00","1,052.00",30.00,"1,045.00","31,560.00",3,5.0,3.0,0.48,0.29,-0.19,"1,199.25","1,298.18","2,095.00",957.00,07_16_2022
MMFDB,39.96,"1,070.90","1,071.00","1,036.00","1,050.10","1,063.61","2,417.00","1,050.00","2,570,740.50",39,0.1,35.0,0.01,3.38,-1.29,"1,195.92","1,295.88","2,095.00",957.00,07_17_2022
MMFDB,46.96,"1,070.00","1,079.00","1,048.60","1,057.70","1,059.56","3,020.00","1,050.10","3,199,879.50",43,7.60,30.4,0.72,2.9,-0.18,"1,192.53","1,293.76","2,095.00",957.00,07_18_2022
MMFDB,35.3,"1,078.80","1,100.00","1,060.00","1,080.00","1,088.43","4,307.00","1,057.70","4,687,878.00",72,22.3,40.0,2.11,3.77,-0.78,"1,189.33","1,291.43","2,095.00",957.00,07_19_2022
MMFDB,45.31,"1,098.90","1,098.90","1,071.00","1,072.20","1,077.13","1,693.00","1,080.00","1,823,587.40",35,-7.8,27.9,-0.72,2.61,-0.46,"1,186.26","1,288.83","2,095.00",957.00,07_20_2022
MMFDB,48.15,"1,070.00","1,100.00","1,068.20","1,068.20","1,087.22","1,647.00","1,072.20","1,790,649.80",33,-4.0,31.8,-0.37,2.98,-1.78,"1,183.46","1,286.17","2,095.00",957.00,07_21_2022
MMFDB,40.93,"1,089.40","1,089.40","1,047.20","1,075.00","1,060.42","1,393.00","1,068.20","1,477,169.50",29,6.8,42.2,0.64,4.03,1.36,"1,180.61","1,283.37","2,095.00",957.00,07_22_2022
MMFDB,39.39,"1,089.40","1,089.40","1,047.20","1,075.00","1,060.42","1,393.00","1,068.20","1,477,169.50",29,6.8,42.2,0.64,4.03,1.36,"1,180.61","1,283.37","2,095.00",957.00,07_23_2022
MMFDB,36.59,"1,096.40","1,150.00","1,077.00","1,141.00","1,098.47","6,993.00","1,075.00","7,681,576.60",89,66.0,73.0,6.14,6.78,3.73,"1,178.52","1,280.37","2,095.00",957.00,07_24_2022
MMFDB,49.19,"1,163.70","1,193.00","1,118.20","1,183.00","1,172.32","6,349.00","1,141.00","7,443,068.60",88,42.0,74.8,3.68,6.69,0.9,"1,176.34","1,277.53","2,095.00",957.00,07_25_2022
MMFDB,57.38,"1,206.50","1,206.50","1,130.00","1,143.00","1,137.48","8,756.00","1,183.00","9,959,790.00",63,-40.0,76.5,-3.38,6.77,0.48,"1,174.11","1,274.53","2,095.00",957.00,07_26_2022
MMFDB,54.31,"1,165.70","1,170.00","1,111.00","1,146.00","1,144.78","4,685.00","1,143.00","5,363,315.30",53,3.0,59.0,0.26,5.31,0.11,"1,171.84","1,271.45","2,095.00",957.00,07_27_2022
MMFDB,54.6,"1,168.80","1,240.00","1,155.00","1,167.00","1,197.22","6,622.00","1,146.00","7,928,002.00",78,21.0,85.00,1.83,7.36,-2.59,"1,169.78","1,268.50","2,095.00",957.00,07_28_2022
MMFDB,46.22,"1,190.20","1,190.20","1,150.00","1,160.00","1,157.35","6,499.00","1,167.00","7,521,642.00",37,-7.0,40.20,-0.6,3.5,0.23,"1,167.78","1,265.68","2,095.00",957.00,07_29_2022
MMFDB,37.4,"1,190.20","1,190.20","1,150.00","1,160.00","1,157.35","6,499.00","1,167.00","7,521,642.00",37,-7.0,40.20,-0.6,3.5,0.23,"1,167.78","1,265.68","2,095.00",957.00,07_30_2022
MMFDB,34.97,"1,183.00","1,189.00","1,160.00","1,160.00","1,166.94","1,960.00","1,160.00","2,287,198.10",42,0.0,29.0,0.0,2.5,-0.6,"1,165.78","1,263.18","2,095.00",957.00,07_31_2022
MMFDB,39.45,"1,183.10","1,183.10","1,125.20","1,125.20","1,146.97","1,983.00","1,160.00","2,274,436.60",47,-34.8,57.9,-3.0,5.15,-1.93,"1,163.66","1,260.54","2,095.00",957.00,08_01_2022
MMFDB,37.83,"1,147.60","1,165.00","1,128.00","1,139.00","1,137.22","1,832.00","1,125.20","2,083,385.90",41,13.8,37.0,1.23,3.28,0.16,"1,161.90","1,258.10","2,095.00",957.00,08_02_2022
MMFDB,36.48,"1,161.60","1,170.00","1,145.00","1,152.00","1,153.62","2,360.00","1,139.00","2,722,549.80",49,13.0,25.0,1.14,2.18,-0.14,"1,160.27","1,255.61","2,095.00",957.00,08_03_2022
MMFDB,39.68,"1,174.90","1,189.00","1,135.00","1,148.00","1,162.82","4,497.00","1,152.00","5,229,205.20",49,-4.0,54.0,-0.35,4.76,-1.29,"1,159.00","1,253.04","2,095.00",957.00,08_04_2022
MMFDB,42.02,"1,159.00","1,159.00","1,098.00","1,098.00","1,122.02","2,004.00","1,148.00","2,248,536.00",46,-50.0,61.0,-4.36,5.56,-2.19,"1,157.15","1,250.22","2,095.00",957.00,08_05_2022
MMFDB,33.19,"1,159.00","1,159.00","1,098.00","1,098.00","1,122.02","2,004.00","1,148.00","2,248,536.00",46,-50.0,61.0,-4.36,5.56,-2.19,"1,157.15","1,250.22","2,095.00",957.00,08_06_2022
MMFDB,29.92,"1,115.00","1,137.30","1,098.00","1,119.00","1,118.58","2,855.00","1,098.00","3,193,543.10",39,21.0,39.3,1.91,3.58,0.04,"1,155.10","1,247.65","2,095.00",957.00,08_07_2022
MMFDB,32.85,"1,141.30","1,141.30","1,097.00","1,105.00","1,110.44","1,879.00","1,119.00","2,086,523.10",32,-14.00,44.30,-1.25,4.04,-0.49,"1,153.13","1,245.01","2,095.00",957.00,08_08_2022
MMFDB,33.12,"1,127.00","1,127.00","1,080.00","1,080.00","1,089.98","1,011.00","1,105.00","1,101,967.00",36,-25.0,47.0,-2.26,4.35,-0.92,"1,151.04","1,242.29","2,095.00",957.00,08_09_2022
MMFDB,29.28,"1,060.00","1,123.00","1,060.00","1,079.70","1,073.31",481.00,"1,080.00","516,262.10",14,-0.3,63.00,-0.03,5.94,0.59,"1,149.03","1,239.74","2,095.00",957.00,08_10_2022
MMFDB,26.15,"1,080.00","1,080.00","1,029.00","1,049.00","1,041.47","5,033.00","1,079.70","5,241,710.60",80,-30.70,51.00,-2.84,4.96,0.72,"1,146.81","1,237.07","2,095.00",957.00,08_11_2022
MMFDB,32.15,"1,080.00","1,080.00","1,029.00","1,049.00","1,041.47","5,033.00","1,079.70","5,241,710.60",80,-30.70,51.00,-2.84,4.96,0.72,"1,146.81","1,237.07","2,095.00",957.00,08_12_2022
MMFDB,32.15,"1,080.00","1,080.00","1,029.00","1,049.00","1,041.47","5,033.00","1,079.70","5,241,710.60",80,-30.70,51.00,-2.84,4.96,0.72,"1,146.81","1,237.07","2,095.00",957.00,08_13_2022
MMFDB,28.67,"1,049.00","1,075.00","1,030.00","1,030.00","1,052.47",745.00,"1,049.00","784,086.90",24,-19.0,45.0,-1.81,4.37,-2.18,"1,144.39","1,234.37","2,095.00",957.00,08_14_2022
MMFDB,22.62,"1,050.60","1,068.00","1,037.10","1,050.10","1,052.22",816.00,"1,030.00","858,610.80",22,20.1,30.9,1.95,2.98,-0.2,"1,142.13","1,232.09","2,095.00",957.00,08_15_2022
MMFDB,27.91,"1,071.10","1,091.00","1,040.50","1,059.90","1,063.86","3,739.00","1,050.10","3,977,788.40",40,9.80,50.50,0.93,4.85,-0.37,"1,140.12","1,229.88","2,095.00",957.00,08_16_2022
MMFDB,30.04,"1,065.00","1,067.00","1,051.70","1,051.70","1,060.53",450.00,"1,059.90","477,237.00",10,-8.2,15.3,-0.77,1.45,-0.84,"1,138.16","1,227.60","1,980.00",957.00,08_17_2022
MMFDB,34.72,"1,072.70","1,098.00","1,057.00","1,098.00","1,091.56","3,890.00","1,051.70","4,246,159.00",45,46.3,41.0,4.4,3.88,0.59,"1,136.81","1,225.54","1,934.90",957.00,08_18_2022
MMFDB,47.15,"1,072.70","1,098.00","1,057.00","1,098.00","1,091.56","3,890.00","1,051.70","4,246,159.00",45,46.3,41.0,4.4,3.88,0.59,"1,136.81","1,225.54","1,934.90",957.00,08_19_2022
MMFDB,47.15,"1,072.70","1,098.00","1,057.00","1,098.00","1,091.56","3,890.00","1,051.70","4,246,159.00",45,46.3,41.0,4.4,3.88,0.59,"1,136.81","1,225.54","1,934.90",957.00,08_20_2022
MMFDB,47.15,"1,090.00","1,114.90","1,082.00","1,084.00","1,095.16","1,609.00","1,098.00","1,762,106.00",38,-14.0,32.9,-1.28,3.04,-1.03,"1,135.52","1,223.59","1,934.90",957.00,08_21_2022
MMFDB,-,"1,087.00","1,098.00","1,080.00","1,090.00","1,082.89","1,116.00","1,084.00","1,208,507.00",14,6.0,18.0,0.55,1.67,0.65,"1,134.44","1,221.81","1,934.90",957.00,08_22_2022
MMFDB,44.06,"1,090.00","1,095.00","1,075.00","1,075.00","1,086.01",760.00,"1,090.00","825,365.00",17,-15.0,20.0,-1.38,1.86,-1.02,"1,133.23","1,219.81","1,934.90",957.00,08_23_2022
MMFDB,40.73,"1,096.50","1,101.00","1,082.00","1,082.00","1,096.85","1,543.00","1,075.00","1,692,446.00",30,7.0,19.0,0.65,1.76,-1.37,"1,132.32","1,217.93","1,934.90",957.00,08_24_2022
MMFDB,36.79,"1,100.00","1,103.60","1,069.00","1,069.00","1,080.61",795.00,"1,082.00","859,081.00",36,-13.0,34.6,-1.2,3.24,-1.09,"1,130.98","1,216.05","1,918.00",957.00,08_25_2022
MMFDB,35.85,"1,069.00","1,069.00","1,069.00","1,069.00","1,068.03",78.00,"1,069.00","83,306.00",3,0.0,0.0,0.0,0.0,0.09,"1,129.22","1,214.21","1,918.00",957.00,08_26_2022
MMFDB,27.4,"1,069.00","1,069.00","1,069.00","1,069.00","1,068.03",78.00,"1,069.00","83,306.00",3,0.0,0.0,0.0,0.0,0.09,"1,129.22","1,214.21","1,918.00",957.00,08_27_2022
MMFDB,27.4,"1,056.00","1,065.90","1,047.70","1,048.00","1,050.53",826.00,"1,069.00","867,737.90",17,-21.0,18.2,-1.96,1.74,-0.24,"1,127.33","1,212.41","1,918.00",957.00,08_28_2022
MMFDB,32.66,"1,030.00","1,050.60","1,010.00","1,030.00","1,028.86","2,857.00","1,048.00","2,939,450.90",44,-18.0,40.6,-1.72,4.02,0.11,"1,125.29","1,210.80","1,918.00",957.00,08_29_2022
MMFDB,33.32,"1,043.00","1,058.00","1,025.50","1,037.00","1,038.20",394.00,"1,030.00","409,049.50",9,7.0,32.5,0.68,3.17,-0.12,"1,123.17","1,208.86","1,899.00",957.00,08_30_2022
MMFDB,28.98,"1,020.10","1,020.10","1,001.00","1,019.00","1,012.67","1,087.00","1,037.00","1,100,775.00",24,-18.0,19.1,-1.74,1.91,0.62,"1,120.92","1,206.94","1,899.00",957.00,08_31_2022
MMFDB,49.18,"1,780.00","1,899.00","1,768.00","1,795.00","1,793.66","9,129.00","1,780.00","16,374,286.20",121,15.0,131.0,0.84,7.41,0.07,"1,715.42","1,589.84","2,095.00",865.00,09_01_2021
MMFDB,27.49,"1,015.00","1,020.00","1,000.00","1,000.00","1,007.42","1,505.00","1,019.00","1,516,164.80",21,-19.0,20.0,-1.86,2.0,-0.74,"1,118.59","1,205.04","1,899.00",957.00,09_01_2022
MMFDB,32.13,"1,020.00","1,020.00","1,000.20","1,000.20","1,002.66",561.00,"1,000.00","562,492.00",9,0.2,19.8,0.02,1.98,-0.25,"1,116.22","1,203.13","1,830.00",957.00,09_02_2022
MMFDB,29.36,"1,020.00","1,020.00","1,000.20","1,000.20","1,002.66",561.00,"1,000.00","562,492.00",9,0.2,19.8,0.02,1.98,-0.25,"1,116.22","1,203.13","1,830.00",957.00,09_03_2022
MMFDB,28.86,"1,020.00","1,038.40","1,004.00","1,021.00","1,029.42",874.00,"1,000.20","899,711.20",15,20.8,34.4,2.08,3.43,-0.82,"1,113.89","1,201.18","1,778.00",957.00,09_04_2022
MMFDB,31.9,"1,003.00","1,037.00","1,003.00","1,030.00","1,022.31",261.00,"1,021.00","266,823.00",9,9.0,34.0,0.88,3.39,0.75,"1,111.39","1,198.77","1,778.00",957.00,09_05_2022
MMFDB,36.85,"1,030.00","1,030.00","1,000.00","1,000.00","1,010.29",420.00,"1,030.00","424,322.00",11,-30.0,30.0,-2.91,3.0,-1.03,"1,108.75","1,195.95","1,778.00",957.00,09_06_2022
MMFDB,33.27,"1,010.00","1,018.00",990.00,990.00,996.25,717.00,"1,000.00","714,311.50",18,-10.0,28.0,-1.0,2.83,-0.63,"1,106.14","1,192.81","1,778.00",957.00,09_07_2022
MMFDB,32.02,976.10,"1,010.00",976.10,990.00,995.53,"1,447.00",990.00,"1,440,534.80",27,0.0,33.9,0.0,3.47,-0.56,"1,103.93","1,189.93","1,760.00",957.00,09_08_2022
MMFDB,30.98,976.10,"1,010.00",976.10,990.00,995.53,"1,447.00",990.00,"1,440,534.80",27,0.0,33.9,0.0,3.47,-0.56,"1,103.93","1,189.93","1,760.00",957.00,09_09_2022
MMFDB,30.98,976.10,"1,010.00",976.10,990.00,995.53,"1,447.00",990.00,"1,440,534.80",27,0.0,33.9,0.0,3.47,-0.56,"1,103.93","1,189.93","1,760.00",957.00,09_10_2022
MMFDB,30.35,999.00,"1,000.00",985.00,985.00,989.81,506.00,990.00,"500,844.00",14,-5.0,15.0,-0.51,1.52,-0.49,"1,101.48","1,187.03","1,754.90",957.00,09_11_2022
MMFDB,24.14,985.00,"1,002.90",977.00,"1,002.90",978.24,471.00,985.00,"460,749.00",8,17.9,25.9,1.82,2.65,2.46,"1,099.34","1,184.27","1,754.90",957.00,09_12_2022
MMFDB,35.33,"1,000.00","1,030.00","1,000.00","1,010.10","1,014.40","1,170.00","1,002.90","1,186,850.00",21,7.2,30.0,0.72,3.0,-0.43,"1,097.42","1,181.24","1,754.90",957.00,09_13_2022
MMFDB,43.78,"1,024.00","1,044.00","1,000.00","1,000.00","1,024.26","1,802.00","1,010.10","1,845,719.00",27,-10.1,44.0,-1.0,4.4,-2.43,"1,095.39","1,179.33","1,747.00",957.00,09_14_2022
MMFDB,45.41,"1,020.00","1,038.00",975.30,"1,038.00",989.88,"1,913.00","1,000.00","1,893,633.00",48,38.0,62.7,3.8,6.43,4.64,"1,094.12","1,177.44","1,747.00",957.00,09_15_2022
MMFDB,47.95,"1,017.30","1,017.30",973.00,980.00,984.38,"1,786.00","1,038.00","1,758,107.00",28,-58.0,44.3,-5.59,4.55,-0.45,"1,092.39","1,175.43","1,747.00",957.00,09_16_2022
MMFDB,39.29,"1,017.30","1,017.30",973.00,980.00,984.38,"1,786.00","1,038.00","1,758,107.00",28,-58.0,44.3,-5.59,4.55,-0.45,"1,092.39","1,175.43","1,747.00",957.00,09_17_2022
MMFDB,37.36,999.60,999.60,956.20,961.00,962.53,"2,536.00",980.00,"2,440,967.70",55,-19.0,43.4,-1.94,4.54,-0.16,"1,090.31","1,173.21","1,747.00",956.20,09_18_2022
MMFDB,34.37,999.60,999.60,956.20,961.00,962.53,"2,536.00",980.00,"2,440,967.70",55,-19.0,43.4,-1.94,4.54,-0.16,"1,090.31","1,173.21","1,747.00",956.20,09_19_2022
MMFDB,34.74,945.30,960.00,939.00,951.00,945.74,"2,795.00",961.00,"2,643,343.00",43,-10.0,21.0,-1.04,2.24,0.55,"1,088.15","1,170.71","1,747.00",939.00,09_20_2022
MMFDB,35.17,951.00,984.00,946.00,954.00,952.04,"1,164.00",951.00,"1,108,172.00",31,3.0,38.0,0.32,4.02,0.21,"1,086.27","1,168.16","1,747.00",939.00,09_21_2022
MMFDB,28.1,950.00,959.50,935.10,945.00,943.59,"1,451.00",954.00,"1,369,145.60",29,-9.0,24.40,-0.94,2.61,0.15,"1,084.22","1,165.13","1,747.00",935.10,09_22_2022
MMFDB,59.53,"1,725.00","1,725.00","1,675.00","1,699.00","1,684.89","2,129.00","1,700.00","3,587,129.30",36,-1.0,50.0,-0.06,2.99,0.83,"1,715.85","1,673.65","2,095.00",885.00,11_03_2021
MMFDB,52.1,"1,725.00","1,725.00","1,675.00","1,699.00","1,684.89","2,129.00","1,700.00","3,587,129.30",36,-1.0,50.0,-0.06,2.99,0.83,"1,715.85","1,673.65","2,095.00",885.00,11_05_2021
MMFDB,52.1,"1,725.00","1,725.00","1,675.00","1,699.00","1,684.89","2,129.00","1,700.00","3,587,129.30",36,-1.0,50.0,-0.06,2.99,0.83,"1,715.85","1,673.65","2,095.00",885.00,11_06_2021
MMFDB,52.1,"1,725.00","1,725.00","1,675.00","1,699.00","1,684.89","2,129.00","1,700.00","3,587,129.30",36,-1.0,50.0,-0.06,2.99,0.83,"1,715.85","1,673.65","2,095.00",885.00,11_07_2021
MMFDB,52.89,"1,680.00","1,685.00","1,667.20","1,668.00","1,674.16","1,856.00","1,699.00","3,107,242.60",29,-31.0,17.8,-1.82,1.07,-0.37,"1,715.42","1,674.30","2,095.00",885.00,11_08_2021
MMFDB,49.06,"1,651.00","1,684.00","1,600.00","1,610.00","1,633.93","4,065.00","1,668.00","6,641,918.10",69,-58.0,84.0,-3.48,5.25,-1.49,"1,714.83","1,674.04","2,095.00",885.00,11_09_2021
MMFDB,46.91,"1,651.00","1,684.00","1,600.00","1,610.00","1,633.93","4,065.00","1,668.00","6,641,918.10",69,-58.0,84.0,-3.48,5.25,-1.49,"1,714.83","1,674.04","2,095.00",885.00,11_10_2021
MMFDB,44.86,"1,585.00","1,610.00","1,561.00","1,600.00","1,579.39","3,147.00","1,610.00","4,970,351.00",54,-10.0,49.0,-0.62,3.14,1.29,"1,713.96","1,674.10","2,095.00",885.00,11_11_2021
MMFDB,43.64,"1,585.00","1,610.00","1,561.00","1,600.00","1,579.39","3,147.00","1,610.00","4,970,351.00",54,-10.0,49.0,-0.62,3.14,1.29,"1,713.96","1,674.10","2,095.00",885.00,11_12_2021
MMFDB,43.64,"1,585.00","1,610.00","1,561.00","1,600.00","1,579.39","3,147.00","1,610.00","4,970,351.00",54,-10.0,49.0,-0.62,3.14,1.29,"1,713.96","1,674.10","2,095.00",885.00,11_13_2021
MMFDB,41.59,"1,571.10","1,600.00","1,568.00","1,578.00","1,578.33","3,015.00","1,600.00","4,758,657.00",33,-22.00,32.00,-1.38,2.04,-0.02,"1,712.70","1,674.23","2,095.00",885.00,11_14_2021
MMFDB,42.17,"1,608.00","1,610.00","1,590.00","1,600.00","1,596.94",957.00,"1,578.00","1,528,273.00",20,22.00,20.00,1.39,1.26,0.19,"1,711.79","1,674.52","2,095.00",885.00,11_15_2021
MMFDB,39.04,"1,615.00","1,620.00","1,590.00","1,610.00","1,604.05","1,395.00","1,600.00","2,237,651.70",36,10.00,30.00,0.63,1.89,0.37,"1,710.79","1,674.98","2,095.00",885.00,11_16_2021
MMFDB,43.59,"1,610.00","1,625.00","1,607.00","1,607.00","1,615.45","2,464.00","1,610.00","3,980,471.50",39,-3.00,18.00,-0.19,1.12,-0.53,"1,709.51","1,675.80","2,095.00",885.00,11_17_2021
MMFDB,47.68,"1,639.10","1,639.10","1,580.60","1,580.60","1,584.56","3,932.00","1,607.00","6,230,484.10",55,-26.4,58.5,-1.64,3.7,-0.25,"1,708.06","1,675.68","2,095.00",885.00,11_18_2021
MMFDB,49.63,"1,639.10","1,639.10","1,580.60","1,580.60","1,584.56","3,932.00","1,607.00","6,230,484.10",55,-26.4,58.5,-1.64,3.7,-0.25,"1,708.06","1,675.68","2,095.00",885.00,11_19_2021
MMFDB,49.63,"1,639.10","1,639.10","1,580.60","1,580.60","1,584.56","3,932.00","1,607.00","6,230,484.10",55,-26.4,58.5,-1.64,3.7,-0.25,"1,708.06","1,675.68","2,095.00",885.00,11_20_2021
MMFDB,44.93,"1,580.00","1,599.00","1,580.00","1,580.00","1,590.83","1,878.00","1,580.60","2,987,574.00",20,-0.6,19.0,-0.04,1.2,-0.69,"1,706.19","1,674.66","2,095.00",895.00,11_21_2021
MMFDB,39.95,"1,580.00","1,580.00","1,550.00","1,570.00","1,558.78","1,612.00","1,580.00","2,512,758.00",29,-10.0,30.0,-0.63,1.94,0.71,"1,704.35","1,673.77","2,095.00",895.00,11_22_2021
MMFDB,38.32,"1,547.00","1,550.00","1,523.10","1,538.00","1,539.66","2,361.00","1,570.00","3,635,126.00",32,-32.0,26.9,-2.04,1.77,-0.11,"1,702.39","1,673.18","2,095.00",895.00,11_23_2021
MMFDB,40.28,"1,510.00","1,530.00","1,498.00","1,530.00","1,513.81","3,757.00","1,538.00","5,687,400.00",48,-8.00,32.0,-0.52,2.14,1.06,"1,700.44","1,672.24","2,095.00",895.00,11_24_2021
MMFDB,44.42,"1,530.00","1,545.00","1,511.00","1,516.10","1,526.81","1,684.00","1,530.00","2,571,140.00",34,-13.9,34.0,-0.91,2.25,-0.71,"1,698.36","1,671.22","2,095.00",895.00,11_25_2021
MMFDB,40.48,"1,530.00","1,545.00","1,511.00","1,516.10","1,526.81","1,684.00","1,530.00","2,571,140.00",34,-13.9,34.0,-0.91,2.25,-0.71,"1,698.36","1,671.22","2,095.00",895.00,11_26_2021
MMFDB,40.48,"1,530.00","1,545.00","1,511.00","1,516.10","1,526.81","1,684.00","1,530.00","2,571,140.00",34,-13.9,34.0,-0.91,2.25,-0.71,"1,698.36","1,671.22","2,095.00",895.00,11_27_2021
MMFDB,37.58,"1,486.00","1,509.50","1,450.50","1,460.00","1,472.53","5,932.00","1,516.10","8,735,042.40",83,-56.1,59.0,-3.7,4.07,-0.86,"1,695.97","1,669.94","2,095.00",901.00,11_28_2021
MMFDB,42.4,"1,437.10","1,489.00","1,437.10","1,458.00","1,471.64","1,386.00","1,460.00","2,039,694.60",27,-2.0,51.9,-0.14,3.61,-0.94,"1,694.20","1,668.61","2,095.00",901.00,11_29_2021
MMFDB,37.6,"1,480.00","1,480.00","1,462.00","1,463.00","1,466.98","1,098.00","1,458.00","1,610,741.70",16,5.0,18.0,0.34,1.23,-0.27,"1,692.48","1,667.66","2,095.00",901.00,11_30_2021
MMFDB,41.9,"1,464.00","1,470.00","1,458.00","1,469.00","1,464.73",735.00,"1,463.00","1,076,579.00",21,6.0,12.0,0.41,0.82,0.29,"1,690.86","1,667.24","2,095.00",901.00,12_01_2021
MMFDB,43.52,"1,443.20","1,443.20","1,430.00","1,435.00","1,440.54","2,508.00","1,469.00","3,612,866.10",38,-34.0,13.2,-2.31,0.92,-0.39,"1,689.02","1,666.32","2,095.00",901.00,12_02_2021
MMFDB,49.15,"1,443.20","1,443.20","1,430.00","1,435.00","1,440.54","2,508.00","1,469.00","3,612,866.10",38,-34.0,13.2,-2.31,0.92,-0.39,"1,689.02","1,666.32","2,095.00",901.00,12_03_2021
MMFDB,49.15,"1,443.20","1,443.20","1,430.00","1,435.00","1,440.54","2,508.00","1,469.00","3,612,866.10",38,-34.0,13.2,-2.31,0.92,-0.39,"1,689.02","1,666.32","2,095.00",901.00,12_04_2021
MMFDB,48.25,"1,435.00","1,435.00","1,390.00","1,410.00","1,403.59","4,725.00","1,435.00","6,631,957.00",71,-25.0,45.0,-1.74,3.24,0.45,"1,686.90","1,665.76","2,095.00",901.00,12_05_2021
MMFDB,46.9,"1,385.10","1,437.00","1,382.30","1,434.00","1,406.56","2,594.00","1,410.00","3,648,614.00",77,24.0,54.70,1.7,3.96,1.91,"1,684.47","1,665.44","2,095.00",901.00,12_06_2021
MMFDB,47.49,"1,455.00","1,459.90","1,421.00","1,421.00","1,440.24","1,023.00","1,434.00","1,473,366.40",30,-13.0,38.90,-0.91,2.74,-1.35,"1,681.40","1,664.84","2,095.00",901.00,12_07_2021
MMFDB,41.41,900.00,905.00,893.00,894.00,896.20,208.00,893.00,"186,410.00",8,1.0,12.0,0.11,1.34,-0.25,"1,010.85","1,067.53","1,569.00",867.30,12_07_2022
MMFDB,41.82,"1,445.00","1,449.00","1,401.00","1,407.00","1,412.18","2,035.00","1,421.00","2,873,782.60",40,-14.0,48.00,-0.99,3.43,-0.37,"1,678.47","1,664.32","2,095.00",901.00,12_08_2021
MMFDB,43.91,"1,400.00","1,414.00","1,397.00","1,400.00","1,403.28","1,229.00","1,407.00","1,724,626.60",29,-7.0,17.0,-0.5,1.22,-0.23,"1,675.65","1,663.69","2,095.00",901.00,12_09_2021
MMFDB,42.95,"1,400.00","1,414.00","1,397.00","1,400.00","1,403.28","1,229.00","1,407.00","1,724,626.60",29,-7.0,17.0,-0.5,1.22,-0.23,"1,675.65","1,663.69","2,095.00",901.00,12_10_2021
MMFDB,42.95,"1,400.00","1,414.00","1,397.00","1,400.00","1,403.28","1,229.00","1,407.00","1,724,626.60",29,-7.0,17.0,-0.5,1.22,-0.23,"1,675.65","1,663.69","2,095.00",901.00,12_11_2021
MMFDB,42.3,"1,392.00","1,393.00","1,370.00","1,373.00","1,381.44","2,103.00","1,400.00","2,905,157.90",41,-27.00,23.00,-1.93,1.68,-0.61,"1,672.42","1,663.09","2,095.00",904.00,12_12_2021
MMFDB,38.08,"1,345.60","1,351.50","1,318.70","1,320.00","1,327.61","3,844.00","1,373.00","5,103,329.50",58,-53.00,32.80,-3.86,2.49,-0.58,"1,668.67","1,662.45","2,095.00",904.00,12_13_2021
MMFDB,40.59,"1,335.00","1,385.00","1,325.00","1,385.00","1,351.43","1,164.00","1,320.00","1,573,067.00",20,65.00,60.00,4.92,4.53,2.42,"1,665.80","1,662.31","2,095.00",930.00,12_14_2021
MMFDB,42.51,"1,412.00","1,412.00","1,360.00","1,365.00","1,376.13","1,980.00","1,385.00","2,724,737.50",35,-20.0,52.0,-1.44,3.82,-0.82,"1,662.83","1,662.15","2,095.00",950.00,12_15_2021
MMFDB,41.07,"1,390.00","1,390.00","1,339.00","1,342.20","1,346.21","1,011.00","1,365.00","1,361,022.10",18,-22.8,51.0,-1.67,3.81,-0.3,"1,659.98","1,661.69","2,095.00",950.00,12_16_2021
MMFDB,39.61,"1,390.00","1,390.00","1,339.00","1,342.20","1,346.21","1,011.00","1,365.00","1,361,022.10",18,-22.8,51.0,-1.67,3.81,-0.3,"1,659.98","1,661.69","2,095.00",950.00,12_17_2021
MMFDB,39.61,"1,390.00","1,390.00","1,339.00","1,342.20","1,346.21","1,011.00","1,365.00","1,361,022.10",18,-22.8,51.0,-1.67,3.81,-0.3,"1,659.98","1,661.69","2,095.00",950.00,12_18_2021
MMFDB,39.61,"1,390.00","1,390.00","1,339.00","1,342.20","1,346.21","1,011.00","1,365.00","1,361,022.10",18,-22.8,51.0,-1.67,3.81,-0.3,"1,659.98","1,661.69","2,095.00",950.00,12_19_2021
MMFDB,36.92,"1,342.00","1,354.00","1,324.10","1,344.00","1,343.50",684.00,"1,342.20","918,955.10",16,1.8,29.9,0.13,2.26,0.04,"1,656.72","1,660.84","2,095.00",950.00,12_20_2021
MMFDB,40.79,"1,356.90","1,411.00","1,340.00","1,372.00","1,370.95","4,104.00","1,344.00","5,626,384.10",43,28.0,71.00,2.08,5.3,0.08,"1,653.90","1,660.24","2,095.00",950.00,12_21_2021
MMFDB,47.67,"1,399.00","1,465.00","1,376.00","1,464.00","1,421.78","3,473.00","1,372.00","4,937,825.50",54,92.0,89.0,6.71,6.47,2.88,"1,652.26","1,660.39","2,095.00",990.00,12_22_2021
MMFDB,53.95,"1,465.00","1,569.00","1,465.00","1,507.00","1,494.45","2,794.00","1,464.00","4,175,497.70",55,43.0,104.0,2.94,7.1,0.83,"1,651.10","1,660.72","2,095.00",990.00,12_23_2021
MMFDB,54.36,"1,465.00","1,569.00","1,465.00","1,507.00","1,494.45","2,794.00","1,464.00","4,175,497.70",55,43.0,104.0,2.94,7.1,0.83,"1,651.10","1,660.72","2,095.00",990.00,12_24_2021
MMFDB,54.36,"1,465.00","1,569.00","1,465.00","1,507.00","1,494.45","2,794.00","1,464.00","4,175,497.70",55,43.0,104.0,2.94,7.1,0.83,"1,651.10","1,660.72","2,095.00",990.00,12_25_2021
MMFDB,52.74,"1,530.00","1,560.00","1,481.00","1,556.00","1,534.53","3,387.00","1,507.00","5,197,465.00",47,49.00,79.00,3.25,5.33,1.38,"1,650.20","1,660.94","2,095.00",990.00,12_26_2021
MMFDB,54.48,"1,536.00","1,540.00","1,490.00","1,509.00","1,515.45","6,104.00","1,556.00","9,250,280.80",78,-47.0,50.00,-3.02,3.36,-0.43,"1,649.44","1,660.91","2,095.00",990.00,12_27_2021
MMFDB,58.65,"1,480.00","1,509.00","1,450.40","1,506.00","1,483.50","1,635.00","1,509.00","2,425,515.00",29,-3.0,58.6,-0.2,4.04,1.49,"1,648.68","1,660.84","2,095.00",990.00,12_28_2021
MMFDB,52.01,"1,505.00","1,525.00","1,500.00","1,500.00","1,511.67","2,422.00","1,506.00","3,661,256.20",29,-6.0,25.00,-0.4,1.67,-0.78,"1,647.90","1,660.20","2,095.00",990.00,12_29_2021
MMFDB,38.73,"1,505.00","1,525.00","1,500.00","1,500.00","1,511.67","2,422.00","1,506.00","3,661,256.20",29,-6.0,25.00,-0.4,1.67,-0.78,"1,647.90","1,660.20","2,095.00",990.00,12_30_2021
MMFDB,38.73,"1,505.00","1,525.00","1,500.00","1,500.00","1,511.67","2,422.00","1,506.00","3,661,256.20",29,-6.0,25.00,-0.4,1.67,-0.78,"1,647.90","1,660.20","2,095.00",990.00,12_31_2021
