MNBBL,44.47,498.00,502.00,494.00,495.00,496.45,"17,723.00",497.00,"8,798,662.50",185,-2.0,8.00,-0.4,1.62,-0.29,665.10,611.40,850.00,315.00,01_01_2022
MNBBL,46.01,504.90,512.00,495.00,510.00,503.52,"47,768.00",495.00,"24,052,044.80",331,15.00,17.00,3.03,3.43,1.27,664.23,611.99,850.00,337.00,01_02_2022
MNBBL,51.55,520.20,524.00,510.00,515.00,516.20,"36,360.00",510.00,"18,769,060.70",361,5.0,14.00,0.98,2.75,-0.23,663.54,612.58,850.00,337.00,01_03_2022
MNBBL,55.72,515.00,532.00,510.00,530.00,524.06,"82,464.00",515.00,"43,215,859.80",462,15.0,22.00,2.91,4.31,1.12,662.78,613.22,850.00,345.00,01_04_2022
MNBBL,58.02,530.00,547.80,522.50,528.00,535.90,"83,036.00",530.00,"44,498,959.10",641,-2.0,25.3,-0.38,4.84,-1.5,661.92,613.87,850.00,345.00,01_05_2022
MNBBL,59.35,525.00,536.00,525.00,536.00,531.78,"48,131.00",528.00,"25,594,951.20",348,8.00,11.00,1.52,2.1,0.79,661.19,614.57,850.00,345.00,01_06_2022
MNBBL,57.06,525.00,536.00,525.00,536.00,531.78,"48,131.00",528.00,"25,594,951.20",348,8.00,11.00,1.52,2.1,0.79,661.19,614.57,850.00,345.00,01_07_2022
MNBBL,57.06,525.00,536.00,525.00,536.00,531.78,"48,131.00",528.00,"25,594,951.20",348,8.00,11.00,1.52,2.1,0.79,661.19,614.57,850.00,345.00,01_08_2022
MNBBL,57.53,545.00,570.00,540.10,565.10,556.91,"85,089.00",536.00,"47,386,703.20",700,29.1,29.90,5.43,5.54,1.45,660.84,615.42,850.00,353.00,01_09_2022
MNBBL,60.6,575.00,586.00,560.00,566.00,569.87,"77,678.00",565.10,"44,266,493.70",567,0.9,26.00,0.16,4.64,-0.68,660.47,616.27,850.00,353.00,01_10_2022
MNBBL,58.73,570.00,580.00,567.00,576.00,574.58,"78,332.00",566.00,"45,007,715.60",555,10.0,13.00,1.77,2.29,0.25,660.15,617.15,850.00,367.00,01_11_2022
MNBBL,58.71,582.00,587.00,555.00,560.00,570.70,"92,532.00",576.00,"52,808,267.20",810,-16.0,32.00,-2.78,5.77,-1.91,659.61,617.87,850.00,367.00,01_12_2022
MNBBL,55.44,560.00,579.50,550.10,579.20,569.56,"64,826.00",560.00,"36,922,555.20",450,19.2,29.4,3.43,5.34,1.66,658.91,618.60,850.00,367.00,01_13_2022
MNBBL,54.54,560.00,579.50,550.10,579.20,569.56,"64,826.00",560.00,"36,922,555.20",450,19.2,29.4,3.43,5.34,1.66,658.91,618.60,850.00,367.00,01_14_2022
MNBBL,54.54,560.00,579.50,550.10,579.20,569.56,"64,826.00",560.00,"36,922,555.20",450,19.2,29.4,3.43,5.34,1.66,658.91,618.60,850.00,367.00,01_15_2022
MNBBL,55.74,590.70,603.00,585.50,590.10,592.94,"84,669.00",579.20,"50,203,475.90",691,10.9,17.5,1.88,2.99,-0.48,658.39,619.44,850.00,367.00,01_16_2022
MNBBL,58.87,599.00,599.00,582.10,590.00,589.95,"52,050.00",590.10,"30,706,682.20",428,-0.1,16.9,-0.02,2.9,0.01,657.79,620.30,850.00,367.00,01_17_2022
MNBBL,56.34,595.00,595.00,571.50,577.00,583.39,"60,309.00",590.00,"35,183,586.00",528,-13.0,23.5,-2.2,4.11,-1.11,657.10,621.03,850.00,367.00,01_18_2022
MNBBL,57.21,588.50,588.50,567.50,569.00,574.20,"59,068.00",577.00,"33,916,777.00",491,-8.0,21.0,-1.39,3.7,-0.91,656.37,621.75,850.00,367.00,01_19_2022
MNBBL,51.31,569.00,582.90,563.00,582.00,574.48,"63,604.00",569.00,"36,539,072.60",441,13.0,19.9,2.28,3.53,1.29,655.55,622.55,850.00,367.00,01_20_2022
MNBBL,52.88,569.00,582.90,563.00,582.00,574.48,"63,604.00",569.00,"36,539,072.60",441,13.0,19.9,2.28,3.53,1.29,655.55,622.55,850.00,367.00,01_21_2022
MNBBL,52.88,569.00,582.90,563.00,582.00,574.48,"63,604.00",569.00,"36,539,072.60",441,13.0,19.9,2.28,3.53,1.29,655.55,622.55,850.00,367.00,01_22_2022
MNBBL,54.7,585.00,596.00,573.00,577.00,580.12,"61,431.00",582.00,"35,637,619.00",484,-5.0,23.00,-0.86,4.01,-0.54,654.64,623.39,850.00,367.00,01_23_2022
MNBBL,52.54,588.50,588.50,550.10,554.00,559.00,"97,847.00",577.00,"54,696,515.50",876,-23.0,38.4,-3.99,6.98,-0.9,653.59,624.18,850.00,367.00,01_24_2022
MNBBL,52.4,565.00,565.00,547.00,550.00,555.56,"53,745.00",554.00,"29,858,652.20",507,-4.0,18.00,-0.72,3.29,-1.01,652.48,624.85,850.00,367.00,01_25_2022
MNBBL,46.73,550.00,555.00,540.00,547.50,545.09,"52,983.00",550.00,"28,880,669.50",455,-2.5,15.0,-0.45,2.78,0.44,651.29,625.51,850.00,367.00,01_26_2022
MNBBL,44.76,558.00,558.00,540.00,543.00,544.76,"39,083.00",547.50,"21,290,697.60",617,-4.5,18.0,-0.82,3.33,-0.32,650.02,626.11,850.00,367.00,01_27_2022
MNBBL,42.68,558.00,558.00,540.00,543.00,544.76,"39,083.00",547.50,"21,290,697.60",617,-4.5,18.0,-0.82,3.33,-0.32,650.02,626.11,850.00,367.00,01_28_2022
MNBBL,42.68,558.00,558.00,540.00,543.00,544.76,"39,083.00",547.50,"21,290,697.60",617,-4.5,18.0,-0.82,3.33,-0.32,650.02,626.11,850.00,367.00,01_29_2022
MNBBL,43.88,553.80,577.00,553.80,568.50,567.33,"64,898.00",543.00,"36,818,593.30",495,25.5,23.2,4.7,4.19,0.21,648.98,626.83,850.00,367.00,01_30_2022
MNBBL,54.07,579.00,579.00,558.20,559.10,565.20,"43,679.00",568.50,"24,687,445.90",395,-9.4,20.8,-1.65,3.73,-1.09,647.88,627.54,850.00,367.00,01_31_2022
MNBBL,53.43,570.00,570.00,555.00,567.90,564.43,"31,014.00",559.10,"17,505,099.30",285,8.8,15.0,1.57,2.7,0.61,646.90,628.31,850.00,367.00,02_01_2022
MNBBL,55.03,570.00,570.00,555.00,567.90,564.43,"31,014.00",559.10,"17,505,099.30",285,8.8,15.0,1.57,2.7,0.61,646.90,628.31,850.00,367.00,02_02_2022
MNBBL,54.96,569.90,579.00,560.00,560.00,568.75,"50,855.00",567.90,"28,923,842.90",371,-7.9,19.0,-1.39,3.39,-1.56,645.85,629.04,850.00,377.00,02_03_2022
MNBBL,55.87,569.90,579.00,560.00,560.00,568.75,"50,855.00",567.90,"28,923,842.90",371,-7.9,19.0,-1.39,3.39,-1.56,645.85,629.04,850.00,377.00,02_04_2022
MNBBL,55.87,569.90,579.00,560.00,560.00,568.75,"50,855.00",567.90,"28,923,842.90",371,-7.9,19.0,-1.39,3.39,-1.56,645.85,629.04,850.00,377.00,02_05_2022
MNBBL,55.72,556.00,565.00,551.20,551.30,555.14,"27,432.00",560.00,"15,228,558.50",298,-8.70,13.8,-1.55,2.5,-0.7,644.76,629.74,850.00,377.00,02_06_2022
MNBBL,40.74,562.00,562.30,546.00,556.00,555.00,"24,275.00",551.30,"13,472,746.20",258,4.7,16.3,0.85,2.99,0.18,643.71,630.48,850.00,377.00,02_07_2022
MNBBL,45.79,567.10,577.00,546.90,552.00,558.40,"38,384.00",556.00,"21,433,538.50",378,-4.0,30.1,-0.72,5.5,-1.16,642.59,631.16,850.00,377.00,02_08_2022
MNBBL,42.77,550.00,554.00,542.00,544.00,546.91,"26,283.00",552.00,"14,374,329.60",260,-8.0,12.0,-1.45,2.21,-0.53,641.29,631.79,850.00,377.00,02_09_2022
MNBBL,46.37,548.00,552.00,540.00,540.00,542.42,"21,266.00",544.00,"11,535,126.00",247,-4.0,12.0,-0.74,2.22,-0.45,639.94,632.40,850.00,377.00,02_10_2022
MNBBL,42.19,548.00,552.00,540.00,540.00,542.42,"21,266.00",544.00,"11,535,126.00",247,-4.0,12.0,-0.74,2.22,-0.45,639.94,632.40,850.00,377.00,02_11_2022
MNBBL,42.19,548.00,552.00,540.00,540.00,542.42,"21,266.00",544.00,"11,535,126.00",247,-4.0,12.0,-0.74,2.22,-0.45,639.94,632.40,850.00,377.00,02_12_2022
MNBBL,43.66,522.00,542.00,521.00,525.00,525.43,"23,978.00",522.00,"12,598,813.90",252,3.0,21.0,0.57,4.03,-0.08,636.76,633.30,850.00,377.00,02_14_2022
MNBBL,38.23,525.90,534.00,518.50,534.00,524.54,"45,892.00",525.00,"24,071,997.90",445,9.0,15.5,1.71,2.99,1.77,635.12,633.79,850.00,377.00,02_15_2022
MNBBL,50.99,525.00,540.00,523.50,525.00,527.71,"30,933.00",534.00,"16,323,520.30",338,-9.0,16.5,-1.69,3.15,-0.52,633.05,634.18,850.00,377.00,02_16_2022
MNBBL,43.98,525.00,530.00,520.20,522.40,523.43,"19,173.00",525.00,"10,035,781.90",259,-2.6,9.8,-0.5,1.88,-0.2,631.06,634.57,850.00,377.00,02_17_2022
MNBBL,46.22,525.00,530.00,520.20,522.40,523.43,"19,173.00",525.00,"10,035,781.90",259,-2.6,9.8,-0.5,1.88,-0.2,631.06,634.57,850.00,377.00,02_18_2022
MNBBL,46.22,525.00,530.00,520.20,522.40,523.43,"19,173.00",525.00,"10,035,781.90",259,-2.6,9.8,-0.5,1.88,-0.2,631.06,634.57,850.00,377.00,02_19_2022
MNBBL,45.8,515.50,517.90,500.00,511.00,509.77,"50,599.00",522.40,"25,793,763.70",539,-11.4,17.9,-2.18,3.58,0.24,629.00,634.85,850.00,377.00,02_20_2022
MNBBL,45.24,515.00,520.00,510.00,514.00,512.56,"23,198.00",511.00,"11,890,257.90",279,3.0,10.0,0.59,1.96,0.28,626.65,634.95,850.00,377.00,02_21_2022
MNBBL,41.0,520.00,530.00,517.00,527.00,525.14,"47,300.00",514.00,"24,839,356.40",489,13.0,13.0,2.53,2.51,0.35,624.09,635.16,850.00,377.00,02_22_2022
MNBBL,54.97,525.00,534.00,520.00,520.00,523.57,"21,637.00",527.00,"11,328,575.00",250,-7.0,14.0,-1.33,2.69,-0.69,621.68,635.38,850.00,377.00,02_23_2022
MNBBL,45.11,530.40,530.40,509.00,510.00,511.83,"44,932.00",520.00,"22,997,403.20",493,-10.0,21.4,-1.92,4.2,-0.36,619.42,635.47,850.00,377.00,02_24_2022
MNBBL,48.95,530.40,530.40,509.00,510.00,511.83,"44,932.00",520.00,"22,997,403.20",493,-10.0,21.4,-1.92,4.2,-0.36,619.42,635.47,850.00,377.00,02_25_2022
MNBBL,48.95,530.40,530.40,509.00,510.00,511.83,"44,932.00",520.00,"22,997,403.20",493,-10.0,21.4,-1.92,4.2,-0.36,619.42,635.47,850.00,377.00,02_26_2022
MNBBL,48.6,510.00,515.00,502.00,506.00,506.75,"36,877.00",510.00,"18,687,279.90",364,-4.0,13.00,-0.78,2.59,-0.15,617.26,635.35,850.00,377.00,02_27_2022
MNBBL,44.42,516.00,525.90,499.00,499.00,504.93,"48,427.00",506.00,"24,452,219.00",461,-7.0,26.90,-1.38,5.39,-1.19,614.91,635.26,850.00,377.00,02_28_2022
MNBBL,42.71,516.00,525.90,499.00,499.00,504.93,"48,427.00",506.00,"24,452,219.00",461,-7.0,26.90,-1.38,5.39,-1.19,614.91,635.26,850.00,377.00,03_01_2022
MNBBL,42.53,493.00,497.00,481.00,481.00,487.42,"40,280.00",499.00,"19,633,257.60",499,-18.0,16.00,-3.61,3.33,-1.33,612.50,635.10,850.00,377.00,03_02_2022
MNBBL,39.25,493.00,497.00,481.00,481.00,487.42,"40,280.00",499.00,"19,633,257.60",499,-18.0,16.00,-3.61,3.33,-1.33,612.50,635.10,850.00,377.00,03_03_2022
MNBBL,39.25,493.00,497.00,481.00,481.00,487.42,"40,280.00",499.00,"19,633,257.60",499,-18.0,16.00,-3.61,3.33,-1.33,612.50,635.10,850.00,377.00,03_04_2022
MNBBL,39.25,493.00,497.00,481.00,481.00,487.42,"40,280.00",499.00,"19,633,257.60",499,-18.0,16.00,-3.61,3.33,-1.33,612.50,635.10,850.00,377.00,03_05_2022
MNBBL,36.63,488.00,493.90,479.30,488.00,487.18,"35,184.00",481.00,"17,140,956.90",422,7.0,14.6,1.46,3.05,0.17,610.33,634.83,850.00,382.00,03_06_2022
MNBBL,41.64,490.00,495.00,485.00,485.50,489.04,"33,214.00",488.00,"16,243,015.20",399,-2.5,10.0,-0.51,2.06,-0.73,608.21,634.38,850.00,382.00,03_07_2022
MNBBL,39.42,490.00,495.00,485.00,485.50,489.04,"33,214.00",488.00,"16,243,015.20",399,-2.5,10.0,-0.51,2.06,-0.73,608.21,634.38,850.00,382.00,03_08_2022
MNBBL,38.97,488.00,494.00,471.80,472.00,478.26,"43,611.00",485.50,"20,857,197.60",485,-13.5,22.2,-2.78,4.71,-1.33,606.14,633.73,850.00,382.00,03_09_2022
MNBBL,38.89,473.00,488.50,466.00,488.00,478.71,"39,008.00",472.00,"18,673,616.00",401,16.0,22.5,3.39,4.83,1.9,604.46,632.94,850.00,382.00,03_10_2022
MNBBL,46.83,473.00,488.50,466.00,488.00,478.71,"39,008.00",472.00,"18,673,616.00",401,16.0,22.5,3.39,4.83,1.9,604.46,632.94,850.00,382.00,03_11_2022
MNBBL,46.83,473.00,488.50,466.00,488.00,478.71,"39,008.00",472.00,"18,673,616.00",401,16.0,22.5,3.39,4.83,1.9,604.46,632.94,850.00,382.00,03_12_2022
MNBBL,48.78,495.00,525.00,495.00,520.00,513.40,"62,273.00",488.00,"31,970,693.40",723,32.00,30.00,6.56,6.06,1.27,602.48,631.98,850.00,382.00,03_13_2022
MNBBL,54.83,530.00,530.00,512.00,525.00,519.74,"14,335.00",520.00,"7,450,425.10",164,5.0,18.0,0.96,3.52,1.0,600.68,631.19,850.00,382.00,03_14_2022
MNBBL,50.48,525.50,528.00,513.10,518.00,518.65,"42,888.00",525.00,"22,244,053.20",378,-7.0,14.9,-1.33,2.9,-0.13,599.08,630.33,850.00,382.00,03_15_2022
MNBBL,52.25,523.90,524.00,510.00,510.50,513.22,"26,906.00",518.00,"13,808,695.20",268,-7.5,14.0,-1.45,2.75,-0.53,597.42,629.15,850.00,383.00,03_16_2022
MNBBL,49.67,523.90,524.00,510.00,510.50,513.22,"26,906.00",518.00,"13,808,695.20",268,-7.5,14.0,-1.45,2.75,-0.53,597.42,629.15,850.00,383.00,03_17_2022
MNBBL,49.67,523.90,524.00,510.00,510.50,513.22,"26,906.00",518.00,"13,808,695.20",268,-7.5,14.0,-1.45,2.75,-0.53,597.42,629.15,850.00,383.00,03_18_2022
MNBBL,49.67,523.90,524.00,510.00,510.50,513.22,"26,906.00",518.00,"13,808,695.20",268,-7.5,14.0,-1.45,2.75,-0.53,597.42,629.15,850.00,383.00,03_19_2022
MNBBL,51.95,515.00,520.00,498.00,504.90,504.94,"31,720.00",510.50,"16,016,697.80",308,-5.6,22.0,-1.1,4.42,-0.01,595.46,627.96,850.00,390.00,03_20_2022
MNBBL,36.32,505.00,516.00,499.00,514.90,507.58,"31,870.00",504.90,"16,176,535.70",321,10.00,17.0,1.98,3.41,1.42,593.61,626.94,850.00,390.00,03_21_2022
MNBBL,42.65,516.00,525.00,516.00,520.10,520.53,"26,585.00",514.90,"13,838,254.30",292,5.2,9.0,1.01,1.74,-0.08,591.82,626.11,850.00,392.00,03_22_2022
MNBBL,53.56,520.00,520.00,511.00,514.90,514.07,"14,125.00",520.10,"7,261,173.80",181,-5.2,9.0,-1.0,1.76,0.16,590.07,625.17,850.00,392.00,03_23_2022
MNBBL,50.77,505.00,518.00,505.00,509.00,512.05,"30,174.00",514.90,"15,450,701.60",235,-5.9,13.0,-1.15,2.57,-0.6,588.44,624.36,850.00,393.00,03_24_2022
MNBBL,50.77,505.00,518.00,505.00,509.00,512.05,"30,174.00",514.90,"15,450,701.60",235,-5.9,13.0,-1.15,2.57,-0.6,588.44,624.36,850.00,393.00,03_24_2022
MNBBL,50.77,505.00,518.00,505.00,509.00,512.05,"30,174.00",514.90,"15,450,701.60",235,-5.9,13.0,-1.15,2.57,-0.6,588.44,624.36,850.00,393.00,03_24_2022
MNBBL,50.77,505.00,518.00,505.00,509.00,512.05,"30,174.00",514.90,"15,450,701.60",235,-5.9,13.0,-1.15,2.57,-0.6,588.44,624.36,850.00,393.00,03_24_2022
MNBBL,51.98,505.00,518.00,505.00,509.00,512.05,"30,174.00",514.90,"15,450,701.60",235,-5.9,13.0,-1.15,2.57,-0.6,588.44,624.36,850.00,393.00,03_25_2022
MNBBL,51.98,505.00,518.00,505.00,509.00,512.05,"30,174.00",514.90,"15,450,701.60",235,-5.9,13.0,-1.15,2.57,-0.6,588.44,624.36,850.00,393.00,03_26_2022
MNBBL,51.33,519.10,519.10,495.00,496.50,500.20,"39,347.00",509.00,"19,681,464.30",326,-12.5,24.10,-2.46,4.87,-0.75,587.00,623.66,850.00,393.00,03_27_2022
MNBBL,36.24,496.20,502.80,489.00,490.00,493.66,"31,456.00",496.50,"15,528,717.60",304,-6.5,13.8,-1.31,2.82,-0.75,585.48,622.71,850.00,393.00,03_28_2022
MNBBL,36.06,490.00,499.50,484.00,484.00,488.38,"36,772.00",490.00,"17,958,668.20",286,-6.0,15.5,-1.22,3.2,-0.9,583.52,621.88,850.00,393.00,03_29_2022
MNBBL,36.55,493.50,496.00,484.00,492.00,489.07,"37,404.00",484.00,"18,293,241.30",333,8.0,12.0,1.65,2.48,0.6,581.70,621.14,850.00,393.00,03_30_2022
MNBBL,36.67,500.00,501.80,489.00,490.00,492.91,"19,705.00",492.00,"9,712,710.50",252,-2.0,12.8,-0.41,2.62,-0.59,579.90,620.42,850.00,398.00,03_31_2022
MNBBL,38.41,500.00,501.80,489.00,490.00,492.91,"19,705.00",492.00,"9,712,710.50",252,-2.0,12.8,-0.41,2.62,-0.59,579.90,620.42,850.00,398.00,04_01_2022
MNBBL,38.41,500.00,501.80,489.00,490.00,492.91,"19,705.00",492.00,"9,712,710.50",252,-2.0,12.8,-0.41,2.62,-0.59,579.90,620.42,850.00,398.00,04_02_2022
MNBBL,36.71,499.00,499.00,484.00,485.00,485.77,"14,689.00",490.00,"7,135,409.30",189,-5.0,15.0,-1.02,3.1,-0.16,578.23,619.70,850.00,406.00,04_03_2022
MNBBL,36.24,494.70,494.70,478.00,486.00,484.24,"23,912.00",485.00,"11,579,177.60",239,1.0,16.7,0.21,3.49,0.36,576.77,619.08,850.00,406.00,04_04_2022
MNBBL,43.16,495.70,495.70,470.40,476.00,476.15,"39,874.00",486.00,"18,986,044.20",421,-10.0,25.30,-2.06,5.38,-0.03,575.07,618.28,850.00,408.00,04_05_2022
MNBBL,33.56,476.00,482.00,464.10,468.00,467.93,"46,535.00",476.00,"21,775,034.30",441,-8.0,17.9,-1.68,3.86,0.02,573.43,617.36,850.00,408.00,04_06_2022
MNBBL,34.84,468.00,475.90,465.00,472.00,472.16,"28,336.00",468.00,"13,379,110.90",334,4.0,10.9,0.85,2.34,-0.03,571.89,616.53,850.00,409.00,04_07_2022
MNBBL,41.61,468.00,475.90,465.00,472.00,472.16,"28,336.00",468.00,"13,379,110.90",334,4.0,10.9,0.85,2.34,-0.03,571.89,616.53,850.00,409.00,04_08_2022
MNBBL,41.61,468.00,475.90,465.00,472.00,472.16,"28,336.00",468.00,"13,379,110.90",334,4.0,10.9,0.85,2.34,-0.03,571.89,616.53,850.00,409.00,04_09_2022
MNBBL,41.61,468.00,475.90,465.00,472.00,472.16,"28,336.00",468.00,"13,379,110.90",334,4.0,10.9,0.85,2.34,-0.03,571.89,616.53,850.00,409.00,04_10_2022
MNBBL,41.27,481.00,491.00,467.10,468.00,476.63,"28,090.00",472.00,"13,388,648.60",267,-4.0,23.9,-0.85,5.12,-1.84,570.38,615.75,850.00,409.00,04_11_2022
MNBBL,31.08,465.50,467.00,460.00,463.00,461.86,"21,940.00",468.00,"10,133,273.50",269,-5.0,7.0,-1.07,1.52,0.25,568.68,614.93,850.00,409.00,04_12_2022
MNBBL,37.24,464.00,470.00,459.00,470.00,465.73,"24,610.00",463.00,"11,461,623.70",216,7.00,11.0,1.51,2.4,0.91,566.86,614.13,850.00,409.00,04_13_2022
MNBBL,42.83,464.00,470.00,459.00,470.00,465.73,"24,610.00",463.00,"11,461,623.70",216,7.00,11.0,1.51,2.4,0.91,566.86,614.13,850.00,409.00,04_14_2022
MNBBL,42.83,464.00,470.00,459.00,470.00,465.73,"24,610.00",463.00,"11,461,623.70",216,7.00,11.0,1.51,2.4,0.91,566.86,614.13,850.00,409.00,04_15_2022
MNBBL,42.83,464.00,470.00,459.00,470.00,465.73,"24,610.00",463.00,"11,461,623.70",216,7.00,11.0,1.51,2.4,0.91,566.86,614.13,850.00,409.00,04_16_2022
MNBBL,45.4,479.40,479.40,460.60,464.00,466.90,"19,346.00",470.00,"9,032,685.60",226,-6.00,18.8,-1.28,4.08,-0.63,564.98,613.24,850.00,409.00,04_17_2022
MNBBL,39.07,458.10,470.00,454.90,460.10,459.98,"22,334.00",464.00,"10,273,134.60",232,-3.9,15.10,-0.84,3.32,0.03,563.06,612.11,850.00,409.00,04_18_2022
MNBBL,37.81,469.00,469.00,451.00,462.90,457.49,"18,029.00",460.10,"8,248,054.00",221,2.8,18.0,0.61,3.99,1.17,561.10,611.05,850.00,409.00,04_19_2022
MNBBL,39.71,472.10,480.00,456.00,458.00,461.53,"24,050.00",462.90,"11,099,894.90",278,-4.9,24.0,-1.06,5.26,-0.77,559.33,609.92,850.00,409.00,04_20_2022
MNBBL,36.83,467.10,467.10,450.90,463.00,458.57,"22,960.00",458.00,"10,528,771.80",249,5.0,16.20,1.09,3.59,0.96,557.78,608.83,850.00,409.00,04_21_2022
MNBBL,41.07,467.10,467.10,450.90,463.00,458.57,"22,960.00",458.00,"10,528,771.80",249,5.0,16.20,1.09,3.59,0.96,557.78,608.83,850.00,409.00,04_22_2022
MNBBL,41.07,467.10,467.10,450.90,463.00,458.57,"22,960.00",458.00,"10,528,771.80",249,5.0,16.20,1.09,3.59,0.96,557.78,608.83,850.00,409.00,04_23_2022
MNBBL,41.59,472.20,490.90,463.00,489.00,479.07,"40,295.00",463.00,"19,304,027.50",403,26.00,27.90,5.62,6.03,2.03,556.31,607.90,850.00,409.00,04_24_2022
MNBBL,48.62,492.00,495.00,481.00,486.20,487.96,"25,620.00",489.00,"12,501,612.10",316,-2.8,14.0,-0.57,2.91,-0.36,554.90,606.82,850.00,409.00,04_25_2022
MNBBL,45.8,480.00,489.90,476.50,479.90,480.89,"13,641.00",486.20,"6,559,773.60",184,-6.3,13.4,-1.3,2.81,-0.21,553.37,605.67,850.00,409.00,04_26_2022
MNBBL,43.97,479.90,487.00,473.00,485.00,480.97,"22,611.00",479.90,"10,875,128.60",175,5.1,14.0,1.06,2.96,0.83,551.64,604.59,850.00,410.00,04_27_2022
MNBBL,44.62,494.70,494.70,480.00,480.10,484.44,"15,546.00",485.00,"7,531,098.20",221,-4.9,14.7,-1.01,3.06,-0.9,549.67,603.46,850.00,420.00,04_28_2022
MNBBL,26.18,494.70,494.70,480.00,480.10,484.44,"15,546.00",485.00,"7,531,098.20",221,-4.9,14.7,-1.01,3.06,-0.9,549.67,603.46,850.00,420.00,04_29_2022
MNBBL,26.18,494.70,494.70,480.00,480.10,484.44,"15,546.00",485.00,"7,531,098.20",221,-4.9,14.7,-1.01,3.06,-0.9,549.67,603.46,850.00,420.00,04_30_2022
MNBBL,26.18,494.70,494.70,480.00,480.10,484.44,"15,546.00",485.00,"7,531,098.20",221,-4.9,14.7,-1.01,3.06,-0.9,549.67,603.46,850.00,420.00,05_01_2022
MNBBL,27.58,480.00,482.00,466.00,466.00,470.70,"22,516.00",480.10,"10,598,226.30",294,-14.1,16.0,-2.94,3.43,-1.01,547.58,602.22,850.00,420.00,05_02_2022
MNBBL,29.5,480.00,482.00,466.00,466.00,470.70,"22,516.00",480.10,"10,598,226.30",294,-14.1,16.0,-2.94,3.43,-1.01,547.58,602.22,850.00,420.00,05_03_2022
MNBBL,28.58,475.30,475.30,455.00,458.00,460.23,"20,312.00",466.00,"9,348,214.50",227,-8.0,20.3,-1.72,4.46,-0.49,545.46,600.89,850.00,420.00,05_04_2022
MNBBL,28.62,460.00,460.00,447.00,450.00,451.25,"38,787.00",458.00,"17,502,737.40",384,-8.0,13.0,-1.75,2.91,-0.28,543.06,599.54,850.00,420.00,05_05_2022
MNBBL,29.8,460.00,460.00,447.00,450.00,451.25,"38,787.00",458.00,"17,502,737.40",384,-8.0,13.0,-1.75,2.91,-0.28,543.06,599.54,850.00,420.00,05_06_2022
MNBBL,29.8,460.00,460.00,447.00,450.00,451.25,"38,787.00",458.00,"17,502,737.40",384,-8.0,13.0,-1.75,2.91,-0.28,543.06,599.54,850.00,420.00,05_07_2022
MNBBL,29.8,445.00,452.00,442.00,452.00,448.37,"21,632.00",450.00,"9,699,203.80",245,2.0,10.00,0.44,2.26,0.8,540.68,598.21,850.00,420.00,05_08_2022
MNBBL,27.91,461.00,465.00,452.00,455.00,459.13,"29,150.00",452.00,"13,383,698.70",268,3.0,13.0,0.66,2.88,-0.91,538.20,596.93,850.00,420.00,05_09_2022
MNBBL,32.43,459.00,468.10,453.00,466.10,461.41,"16,137.00",455.00,"7,445,851.30",207,11.1,15.1,2.44,3.33,1.01,535.89,595.71,850.00,421.00,05_10_2022
MNBBL,43.34,467.00,493.00,467.00,488.00,481.28,"35,182.00",466.10,"16,932,383.70",309,21.9,26.0,4.7,5.57,1.38,533.85,594.63,850.00,427.00,05_11_2022
MNBBL,49.23,489.00,496.00,482.00,483.00,488.34,"22,235.00",488.00,"10,858,156.00",273,-5.0,14.0,-1.02,2.9,-1.1,531.98,593.53,850.00,427.00,05_12_2022
MNBBL,45.86,489.00,496.00,482.00,483.00,488.34,"22,235.00",488.00,"10,858,156.00",273,-5.0,14.0,-1.02,2.9,-1.1,531.98,593.53,850.00,427.00,05_13_2022
MNBBL,45.86,489.00,496.00,482.00,483.00,488.34,"22,235.00",488.00,"10,858,156.00",273,-5.0,14.0,-1.02,2.9,-1.1,531.98,593.53,850.00,427.00,05_14_2022
MNBBL,45.86,489.00,496.00,482.00,483.00,488.34,"22,235.00",488.00,"10,858,156.00",273,-5.0,14.0,-1.02,2.9,-1.1,531.98,593.53,850.00,427.00,05_15_2022
MNBBL,45.86,489.00,496.00,482.00,483.00,488.34,"22,235.00",488.00,"10,858,156.00",273,-5.0,14.0,-1.02,2.9,-1.1,531.98,593.53,850.00,427.00,05_16_2022
MNBBL,47.21,483.00,483.00,466.10,468.00,470.98,"16,095.00",483.00,"7,580,427.10",203,-15.00,16.9,-3.11,3.63,-0.64,530.15,592.31,850.00,430.00,05_17_2022
MNBBL,46.31,475.00,475.00,451.10,469.00,463.57,"20,732.00",468.00,"9,610,736.50",193,1.0,23.9,0.21,5.3,1.16,528.18,591.03,850.00,430.00,05_18_2022
MNBBL,47.66,469.00,476.00,461.20,461.30,467.46,"10,784.00",469.00,"5,041,038.10",163,-7.7,14.8,-1.64,3.21,-1.33,525.98,589.69,850.00,430.00,05_19_2022
MNBBL,27.66,463.00,470.00,453.00,458.00,457.51,"22,661.00",461.30,"10,367,661.90",219,-3.3,17.0,-0.72,3.75,0.11,523.72,588.38,850.00,430.00,05_20_2022
MNBBL,30.48,463.00,470.00,453.00,458.00,457.51,"22,661.00",461.30,"10,367,661.90",219,-3.3,17.0,-0.72,3.75,0.11,523.72,588.38,850.00,430.00,05_21_2022
MNBBL,30.48,463.00,470.00,453.00,458.00,457.51,"22,661.00",461.30,"10,367,661.90",219,-3.3,17.0,-0.72,3.75,0.11,523.72,588.38,850.00,430.00,05_22_2022
MNBBL,30.23,467.10,467.10,445.00,448.00,450.09,"26,198.00",458.00,"11,791,355.90",308,-10.0,22.1,-2.18,4.97,-0.47,521.40,586.79,850.00,430.00,05_23_2022
MNBBL,30.94,456.90,459.80,440.00,456.90,453.17,"18,129.00",448.00,"8,215,587.50",204,8.9,19.80,1.99,4.5,0.82,519.24,585.27,850.00,430.00,05_24_2022
MNBBL,29.17,466.00,467.00,458.00,459.00,461.87,"20,374.00",456.90,"9,410,153.90",189,2.1,9.0,0.46,1.97,-0.63,517.11,583.52,850.00,430.00,05_25_2022
MNBBL,32.04,468.10,468.10,459.00,460.50,462.36,"7,704.00",459.00,"3,562,017.70",118,1.5,9.1,0.33,1.98,-0.4,515.03,581.85,850.00,430.00,05_26_2022
MNBBL,39.11,469.50,469.50,455.10,459.00,457.99,"17,671.00",460.50,"8,093,163.10",177,-1.5,14.4,-0.33,3.16,0.22,513.03,580.19,850.00,430.00,05_27_2022
MNBBL,44.44,469.50,469.50,455.10,459.00,457.99,"17,671.00",460.50,"8,093,163.10",177,-1.5,14.4,-0.33,3.16,0.22,513.03,580.19,850.00,430.00,05_28_2022
MNBBL,44.44,469.50,469.50,455.10,459.00,457.99,"17,671.00",460.50,"8,093,163.10",177,-1.5,14.4,-0.33,3.16,0.22,513.03,580.19,850.00,430.00,05_29_2022
MNBBL,43.92,468.10,468.10,450.60,452.00,454.11,"21,202.00",459.00,"9,628,018.60",187,-7.0,17.5,-1.53,3.88,-0.47,510.93,578.28,850.00,430.00,05_30_2022
MNBBL,37.12,447.00,456.00,445.10,447.00,449.20,"27,908.00",452.00,"12,536,403.60",244,-5.0,10.9,-1.11,2.45,-0.49,508.86,576.13,850.00,430.00,05_31_2022
MNBBL,37.21,443.40,458.00,443.40,446.50,446.98,"17,993.00",447.00,"8,042,490.10",178,-0.5,14.6,-0.11,3.29,-0.11,506.98,574.11,850.00,430.00,06_01_2022
MNBBL,33.7,455.00,455.00,443.00,445.00,446.40,"14,413.00",446.50,"6,434,018.80",176,-1.5,12.0,-0.34,2.71,-0.32,505.14,572.24,850.00,430.00,06_02_2022
MNBBL,28.13,453.90,453.90,435.00,437.00,437.41,"32,118.00",445.00,"14,048,654.00",300,-8.0,18.9,-1.8,4.34,-0.09,503.18,570.42,850.00,430.00,06_03_2022
MNBBL,31.36,453.90,453.90,435.00,437.00,437.41,"32,118.00",445.00,"14,048,654.00",300,-8.0,18.9,-1.8,4.34,-0.09,503.18,570.42,850.00,430.00,06_04_2022
MNBBL,31.36,453.90,453.90,435.00,437.00,437.41,"32,118.00",445.00,"14,048,654.00",300,-8.0,18.9,-1.8,4.34,-0.09,503.18,570.42,850.00,430.00,06_05_2022
MNBBL,30.94,445.00,450.00,432.20,439.00,440.58,"25,214.00",437.00,"11,108,850.50",239,2.0,17.8,0.46,4.12,-0.36,502.19,568.52,850.00,430.00,06_06_2022
MNBBL,29.11,443.00,447.00,432.00,433.00,436.36,"13,990.00",439.00,"6,104,706.60",192,-6.0,15.0,-1.37,3.47,-0.78,501.36,566.65,850.00,430.00,06_07_2022
MNBBL,25.92,435.00,449.70,433.00,445.00,441.64,"26,168.00",433.00,"11,556,776.70",229,12.0,16.70,2.77,3.86,0.76,500.90,564.97,850.00,430.00,06_08_2022
MNBBL,43.43,450.00,452.00,440.00,440.00,446.11,"19,071.00",445.00,"8,507,826.10",235,-5.0,12.0,-1.12,2.73,-1.39,500.31,563.30,850.00,430.00,06_09_2022
MNBBL,43.28,432.30,441.00,432.30,436.20,436.27,"6,978.00",440.00,"3,044,300.80",102,-3.8,8.7,-0.86,2.01,-0.02,499.72,561.72,850.00,430.00,06_10_2022
MNBBL,35.19,432.30,441.00,432.30,436.20,436.27,"6,978.00",440.00,"3,044,300.80",102,-3.8,8.7,-0.86,2.01,-0.02,499.72,561.72,850.00,430.00,06_11_2022
MNBBL,35.19,432.30,441.00,432.30,436.20,436.27,"6,978.00",440.00,"3,044,300.80",102,-3.8,8.7,-0.86,2.01,-0.02,499.72,561.72,850.00,430.00,06_12_2022
MNBBL,34.92,436.00,437.20,430.00,435.00,435.46,"10,715.00",436.20,"4,665,999.80",152,-1.2,7.2,-0.28,1.67,-0.11,499.24,560.31,850.00,430.00,06_13_2022
MNBBL,38.72,428.10,436.60,423.00,427.40,427.96,"27,682.00",435.00,"11,846,728.10",289,-7.6,13.6,-1.75,3.22,-0.13,498.69,558.47,850.00,423.00,06_14_2022
MNBBL,32.85,435.90,435.90,412.00,420.00,416.61,"33,502.00",427.40,"13,957,168.30",263,-7.4,23.90,-1.73,5.8,0.81,498.36,556.69,850.00,412.00,06_15_2022
MNBBL,35.55,415.00,433.00,415.00,422.00,424.03,"7,407.00",420.00,"3,140,794.10",122,2.0,18.0,0.48,4.34,-0.48,498.15,555.08,850.00,412.00,06_16_2022
MNBBL,31.11,423.00,430.00,420.00,422.00,422.16,"6,214.00",422.00,"2,623,324.30",90,0.0,10.0,0.0,2.38,-0.04,497.63,553.48,850.00,412.00,06_17_2022
MNBBL,28.97,423.00,430.00,420.00,422.00,422.16,"6,214.00",422.00,"2,623,324.30",90,0.0,10.0,0.0,2.38,-0.04,497.63,553.48,850.00,412.00,06_18_2022
MNBBL,28.47,420.00,424.00,404.00,404.00,411.03,"31,597.00",422.00,"12,987,213.40",313,-18.0,20.00,-4.27,4.95,-1.74,496.87,551.62,850.00,404.00,06_19_2022
MNBBL,32.26,401.00,406.00,390.00,390.00,394.08,"49,385.00",404.00,"19,461,809.90",448,-14.0,16.00,-3.47,4.1,-1.05,496.09,549.69,850.00,390.00,06_20_2022
MNBBL,34.36,390.00,405.00,386.00,400.00,397.40,"27,385.00",390.00,"10,882,756.60",279,10.0,19.00,2.56,4.92,0.65,495.50,547.83,850.00,386.00,06_21_2022
MNBBL,34.44,406.00,406.00,390.00,395.00,393.85,"22,711.00",400.00,"8,944,731.40",173,-5.0,16.0,-1.25,4.1,0.29,494.75,546.00,850.00,386.00,06_22_2022
MNBBL,30.71,390.50,390.50,380.00,383.00,382.43,"22,168.00",395.00,"8,477,690.10",329,-12.0,10.5,-3.04,2.76,0.15,493.75,544.21,850.00,380.00,06_23_2022
MNBBL,55.66,443.00,451.80,427.40,430.00,437.12,"47,442.00",441.00,"20,737,872.30",447,-11.0,24.4,-2.49,5.71,-1.66,486.54,529.89,850.00,368.00,07_05_2022
MNBBL,32.17,423.20,436.00,415.00,435.90,428.92,"31,223.00",430.00,"13,392,035.60",256,5.9,21.0,1.37,5.06,1.6,485.47,528.70,850.00,368.00,07_06_2022
MNBBL,48.53,437.00,447.70,429.00,432.00,436.93,"30,057.00",435.90,"13,132,917.70",261,-3.9,18.7,-0.89,4.36,-1.14,484.35,527.40,850.00,368.00,07_07_2022
MNBBL,32.79,425.00,430.00,422.00,424.00,423.82,"15,759.00",432.00,"6,679,021.50",133,-8.0,8.0,-1.85,1.9,0.04,483.08,525.93,850.00,368.00,07_08_2022
MNBBL,29.82,425.00,430.00,422.00,424.00,423.82,"15,759.00",432.00,"6,679,021.50",133,-8.0,8.0,-1.85,1.9,0.04,483.08,525.93,850.00,368.00,07_09_2022
MNBBL,29.82,425.00,430.00,422.00,424.00,423.82,"15,759.00",432.00,"6,679,021.50",133,-8.0,8.0,-1.85,1.9,0.04,483.08,525.93,850.00,368.00,07_10_2022
MNBBL,27.61,416.00,421.00,406.00,410.20,412.58,"43,026.00",424.00,"17,751,841.80",332,-13.8,15.0,-3.25,3.69,-0.58,481.84,524.38,850.00,368.00,07_11_2022
MNBBL,32.16,410.10,425.00,403.10,409.00,409.33,"35,795.00",410.20,"14,651,990.70",335,-1.2,21.9,-0.29,5.43,-0.08,480.42,522.82,850.00,368.00,07_12_2022
MNBBL,29.53,417.10,433.40,413.00,433.40,421.32,"43,129.00",409.00,"18,171,045.30",320,24.4,20.4,5.97,4.94,2.79,479.11,521.34,850.00,368.00,07_13_2022
MNBBL,-,435.00,450.00,430.00,437.70,435.74,"38,577.00",433.40,"16,809,380.20",311,4.3,20.00,0.99,4.65,0.45,477.84,520.05,850.00,368.00,07_14_2022
MNBBL,42.06,437.80,441.60,429.00,439.90,435.58,"28,089.00",437.70,"12,234,997.30",143,2.2,12.6,0.5,2.94,0.98,476.70,518.89,850.00,368.00,07_15_2022
MNBBL,46.76,437.80,441.60,429.00,439.90,435.58,"28,089.00",437.70,"12,234,997.30",143,2.2,12.6,0.5,2.94,0.98,476.70,518.89,850.00,368.00,07_16_2022
MNBBL,43.99,440.00,446.00,435.00,437.00,440.29,"32,165.00",439.90,"14,161,972.20",256,-2.9,11.0,-0.66,2.53,-0.75,475.60,517.62,850.00,368.00,07_17_2022
MNBBL,42.76,440.00,443.00,434.00,439.00,439.44,"23,142.00",437.00,"10,169,419.70",206,2.00,9.0,0.46,2.07,-0.1,474.41,516.42,850.00,368.00,07_18_2022
MNBBL,32.1,447.00,449.90,438.50,447.00,444.33,"58,382.00",439.00,"25,940,694.60",448,8.0,11.4,1.82,2.6,0.6,473.32,515.22,850.00,368.00,07_19_2022
MNBBL,38.19,453.00,453.00,438.10,443.00,445.27,"31,536.00",447.00,"14,042,170.70",239,-4.0,14.9,-0.89,3.4,-0.51,472.40,513.83,850.00,368.00,07_20_2022
MNBBL,38.37,446.00,446.00,438.50,440.00,442.02,"22,180.00",443.00,"9,804,023.20",245,-3.0,7.5,-0.68,1.71,-0.46,471.48,512.29,850.00,368.00,07_21_2022
MNBBL,35.77,440.00,442.00,432.30,435.00,435.06,"19,282.00",440.00,"8,388,875.10",229,-5.0,9.7,-1.14,2.24,-0.01,470.55,510.73,850.00,368.00,07_22_2022
MNBBL,31.49,440.00,442.00,432.30,435.00,435.06,"19,282.00",440.00,"8,388,875.10",229,-5.0,9.7,-1.14,2.24,-0.01,470.55,510.73,850.00,368.00,07_23_2022
MNBBL,28.69,435.00,452.00,435.00,451.90,444.78,"29,991.00",435.00,"13,339,269.00",288,16.9,17.0,3.89,3.91,1.58,469.79,509.28,850.00,368.00,07_24_2022
MNBBL,36.55,456.00,473.00,456.00,470.00,466.60,"66,808.00",451.90,"31,172,581.10",596,18.1,17.0,4.01,3.73,0.72,468.97,507.79,850.00,368.00,07_25_2022
MNBBL,54.19,470.00,476.00,453.20,462.80,466.40,"48,001.00",470.00,"22,387,812.20",491,-7.2,22.8,-1.53,5.03,-0.78,468.16,506.27,850.00,368.00,07_26_2022
MNBBL,50.36,459.00,466.00,454.60,465.00,461.20,"46,325.00",462.80,"21,365,288.20",448,2.2,11.4,0.48,2.51,0.82,467.31,504.67,850.00,368.00,07_27_2022
MNBBL,53.89,474.00,493.00,466.10,476.00,477.83,"83,037.00",465.00,"39,677,562.00",620,11.0,26.90,2.37,5.77,-0.38,466.61,503.18,850.00,368.00,07_28_2022
MNBBL,55.08,484.70,494.00,472.00,490.00,486.97,"66,470.00",476.00,"32,368,646.40",456,14.0,22.00,2.94,4.66,0.62,466.09,501.84,850.00,368.00,07_29_2022
MNBBL,46.19,484.70,494.00,472.00,490.00,486.97,"66,470.00",476.00,"32,368,646.40",456,14.0,22.00,2.94,4.66,0.62,466.09,501.84,850.00,368.00,07_30_2022
MNBBL,43.77,499.80,505.10,489.00,496.50,497.73,"62,084.00",490.00,"30,901,376.60",513,6.5,16.1,1.33,3.29,-0.25,465.60,500.66,850.00,368.00,07_31_2022
MNBBL,49.42,496.00,500.00,486.10,489.00,490.83,"56,350.00",496.50,"27,658,038.40",453,-7.5,13.9,-1.51,2.86,-0.37,465.07,499.56,850.00,368.00,08_01_2022
MNBBL,51.76,489.00,489.00,479.00,483.90,481.74,"42,410.00",489.00,"20,430,388.70",340,-5.1,10.0,-1.04,2.09,0.45,464.57,498.33,850.00,368.00,08_02_2022
MNBBL,44.58,491.00,492.00,477.30,477.30,483.49,"45,549.00",483.90,"22,022,332.90",301,-6.6,14.7,-1.36,3.08,-1.3,464.05,496.95,850.00,368.00,08_03_2022
MNBBL,39.93,477.00,490.00,467.00,469.00,475.68,"67,815.00",477.30,"32,258,359.10",592,-8.3,23.0,-1.74,4.93,-1.42,463.61,495.51,850.00,368.00,08_04_2022
MNBBL,40.07,478.30,478.30,459.00,460.00,462.89,"30,969.00",469.00,"14,335,248.40",314,-9.0,19.3,-1.92,4.2,-0.63,463.07,494.02,850.00,368.00,08_05_2022
MNBBL,34.3,478.30,478.30,459.00,460.00,462.89,"30,969.00",469.00,"14,335,248.40",314,-9.0,19.3,-1.92,4.2,-0.63,463.07,494.02,850.00,368.00,08_06_2022
MNBBL,31.02,460.00,469.90,460.00,461.00,463.76,"32,944.00",460.00,"15,278,004.60",284,1.0,9.9,0.22,2.15,-0.6,462.46,492.61,850.00,368.00,08_07_2022
MNBBL,32.31,470.20,473.90,455.00,456.20,463.15,"34,428.00",461.00,"15,945,225.90",354,-4.80,18.90,-1.04,4.15,-1.52,461.89,491.18,850.00,368.00,08_08_2022
MNBBL,34.82,459.00,459.00,444.00,444.50,449.22,"44,368.00",456.20,"19,930,924.90",393,-11.7,15.0,-2.56,3.38,-1.06,461.24,489.70,850.00,368.00,08_09_2022
MNBBL,34.22,444.50,449.00,439.10,444.00,444.02,"30,079.00",444.50,"13,355,674.60",276,-0.5,9.90,-0.11,2.25,0.0,460.68,488.28,850.00,368.00,08_10_2022
MNBBL,31.01,441.00,450.00,440.00,440.00,444.59,"20,354.00",444.00,"9,049,282.60",222,-4.00,10.00,-0.9,2.27,-1.04,460.06,486.81,850.00,368.00,08_11_2022
MNBBL,27.82,441.00,450.00,440.00,440.00,444.59,"20,354.00",444.00,"9,049,282.60",222,-4.00,10.00,-0.9,2.27,-1.04,460.06,486.81,850.00,368.00,08_12_2022
MNBBL,27.82,441.00,450.00,440.00,440.00,444.59,"20,354.00",444.00,"9,049,282.60",222,-4.00,10.00,-0.9,2.27,-1.04,460.06,486.81,850.00,368.00,08_13_2022
MNBBL,24.34,445.00,445.50,437.00,437.00,440.62,"16,722.00",440.00,"7,367,985.50",184,-3.0,8.5,-0.68,1.95,-0.83,459.31,485.38,850.00,368.00,08_14_2022
MNBBL,24.34,440.00,455.40,438.00,453.00,446.95,"40,035.00",437.00,"17,893,633.30",311,16.0,17.4,3.66,3.97,1.34,458.75,484.16,850.00,368.00,08_15_2022
MNBBL,48.62,461.90,463.00,442.00,445.00,451.12,"29,224.00",453.00,"13,183,506.90",258,-8.00,21.00,-1.77,4.75,-1.38,458.21,482.93,850.00,368.00,08_16_2022
MNBBL,33.46,452.00,452.00,438.00,443.00,443.12,"25,706.00",445.00,"11,390,787.30",186,-2.0,14.0,-0.45,3.2,-0.03,457.69,481.66,850.00,368.00,08_17_2022
MNBBL,42.42,449.80,460.00,443.10,455.00,451.47,"28,464.00",443.00,"12,850,745.10",241,12.0,16.9,2.71,3.81,0.78,457.32,481.09,850.00,368.00,08_18_2022
MNBBL,44.74,449.80,460.00,443.10,455.00,451.47,"28,464.00",443.00,"12,850,745.10",241,12.0,16.9,2.71,3.81,0.78,457.32,481.09,850.00,368.00,08_19_2022
MNBBL,44.74,449.80,460.00,443.10,455.00,451.47,"28,464.00",443.00,"12,850,745.10",241,12.0,16.9,2.71,3.81,0.78,457.32,481.09,850.00,368.00,08_20_2022
MNBBL,44.74,461.00,468.00,454.90,455.00,459.44,"32,519.00",455.00,"14,940,552.10",259,0.0,13.1,0.0,2.88,-0.98,457.10,480.66,825.00,368.00,08_21_2022
MNBBL,-,453.00,459.00,445.10,455.00,451.65,"13,980.00",455.00,"6,314,024.90",157,0.0,13.9,0.0,3.12,0.74,456.83,480.41,825.00,368.00,08_22_2022
MNBBL,43.25,450.00,457.00,447.00,450.00,449.77,"13,346.00",455.00,"6,002,599.80",175,-5.0,10.0,-1.1,2.24,0.05,456.53,480.07,825.00,368.00,08_23_2022
MNBBL,41.04,457.90,459.90,450.00,451.00,451.98,"15,582.00",450.00,"7,042,818.00",131,1.0,9.9,0.22,2.2,-0.22,456.36,479.76,825.00,368.00,08_24_2022
MNBBL,36.74,442.00,459.00,442.00,447.00,450.43,"15,771.00",451.00,"7,103,692.60",197,-4.0,17.0,-0.89,3.85,-0.77,456.02,479.50,796.00,368.00,08_25_2022
MNBBL,36.63,445.00,447.00,438.10,442.00,441.31,"15,318.00",447.00,"6,760,012.20",152,-5.0,8.9,-1.12,2.03,0.16,455.37,479.22,796.00,368.00,08_26_2022
MNBBL,34.24,445.00,447.00,438.10,442.00,441.31,"15,318.00",447.00,"6,760,012.20",152,-5.0,8.9,-1.12,2.03,0.16,455.37,479.22,796.00,368.00,08_27_2022
MNBBL,34.24,440.00,444.00,435.10,435.10,438.21,"29,098.00",442.00,"12,751,060.20",241,-6.9,8.9,-1.56,2.05,-0.71,454.62,479.08,796.00,368.00,08_28_2022
MNBBL,35.92,435.00,438.00,430.00,436.50,435.44,"16,439.00",435.10,"7,158,143.20",154,1.4,8.0,0.32,1.86,0.24,453.94,479.02,796.00,368.00,08_29_2022
MNBBL,31.21,438.00,441.90,437.50,437.50,439.19,"12,827.00",436.50,"5,633,489.00",138,1.0,4.4,0.23,1.01,-0.39,453.33,478.77,773.00,368.00,08_30_2022
MNBBL,31.24,435.00,439.00,431.20,432.50,433.21,"14,755.00",437.50,"6,392,058.60",178,-5.0,7.8,-1.14,1.81,-0.16,452.73,478.42,773.00,368.00,08_31_2022
MNBBL,50.58,755.00,770.00,740.00,740.20,751.58,"140,658.00",748.00,"105,715,368.00","1,126",-7.8,30.0,-1.04,4.05,-1.54,559.91,501.67,850.00,315.00,09_01_2021
MNBBL,31.63,424.00,438.60,424.00,433.00,429.49,"13,752.00",432.50,"5,906,289.60",168,0.5,14.6,0.12,3.44,0.81,452.04,478.13,773.00,368.00,09_01_2022
MNBBL,35.55,440.00,440.00,431.00,433.00,433.52,"3,905.00",433.00,"1,692,886.90",62,0.0,9.0,0.0,2.09,-0.12,451.32,477.93,773.00,368.00,09_02_2022
MNBBL,29.43,440.00,440.00,431.00,433.00,433.52,"3,905.00",433.00,"1,692,886.90",62,0.0,9.0,0.0,2.09,-0.12,451.32,477.93,773.00,368.00,09_03_2022
MNBBL,28.93,436.00,440.90,430.00,437.00,434.91,"9,326.00",433.00,"4,056,003.70",126,4.0,10.9,0.92,2.53,0.48,450.67,477.66,773.00,368.00,09_04_2022
MNBBL,34.19,437.00,440.00,432.00,435.00,435.62,"9,694.00",437.00,"4,222,871.30",116,-2.0,8.0,-0.46,1.85,-0.14,450.05,477.28,773.00,368.00,09_05_2022
MNBBL,40.21,430.00,435.00,428.10,429.00,430.27,"19,169.00",435.00,"8,247,868.10",159,-6.0,6.9,-1.38,1.61,-0.3,449.49,476.89,773.00,368.00,09_06_2022
MNBBL,32.63,427.00,430.00,424.00,424.50,425.64,"10,933.00",429.00,"4,653,557.30",144,-4.5,6.0,-1.05,1.42,-0.27,448.94,476.42,773.00,368.00,09_07_2022
MNBBL,24.22,422.00,430.00,422.00,429.00,425.86,"7,407.00",424.50,"3,154,311.40",93,4.5,8.0,1.06,1.9,0.73,448.48,476.06,767.00,368.00,09_08_2022
MNBBL,29.49,422.00,430.00,422.00,429.00,425.86,"7,407.00",424.50,"3,154,311.40",93,4.5,8.0,1.06,1.9,0.73,448.48,476.06,767.00,368.00,09_09_2022
MNBBL,29.49,422.00,430.00,422.00,429.00,425.86,"7,407.00",424.50,"3,154,311.40",93,4.5,8.0,1.06,1.9,0.73,448.48,476.06,767.00,368.00,09_10_2022
MNBBL,28.87,429.00,432.00,420.00,422.00,423.60,"22,076.00",429.00,"9,351,445.20",210,-7.0,12.0,-1.63,2.86,-0.38,447.90,475.65,767.00,368.00,09_11_2022
MNBBL,30.37,422.00,423.00,418.00,418.00,419.52,"9,806.00",422.00,"4,113,814.50",139,-4.0,5.0,-0.95,1.2,-0.36,447.30,475.22,767.00,368.00,09_12_2022
MNBBL,27.98,425.00,429.60,423.00,425.00,425.62,"8,202.00",418.00,"3,490,949.00",116,7.0,6.6,1.67,1.56,-0.15,446.80,474.75,767.00,368.00,09_13_2022
MNBBL,36.11,433.50,449.70,426.00,444.50,435.02,"40,071.00",425.00,"17,431,511.30",268,19.5,23.7,4.59,5.56,2.13,446.46,474.36,767.00,368.00,09_14_2022
MNBBL,47.47,447.00,447.00,423.10,427.00,430.36,"27,683.00",444.50,"11,913,533.60",289,-17.5,23.9,-3.94,5.65,-0.79,446.05,473.78,767.00,368.00,09_15_2022
MNBBL,46.95,419.00,427.30,411.00,422.00,420.83,"25,402.00",427.00,"10,689,875.90",170,-5.0,16.3,-1.17,3.97,0.28,445.66,473.19,767.00,368.00,09_16_2022
MNBBL,45.52,419.00,427.30,411.00,422.00,420.83,"25,402.00",427.00,"10,689,875.90",170,-5.0,16.3,-1.17,3.97,0.28,445.66,473.19,767.00,368.00,09_17_2022
MNBBL,43.59,430.00,430.00,412.00,412.90,414.24,"28,063.00",422.00,"11,624,902.10",256,-9.1,18.0,-2.16,4.37,-0.33,445.17,472.51,767.00,368.00,09_18_2022
MNBBL,34.37,430.00,430.00,412.00,412.90,414.24,"28,063.00",422.00,"11,624,902.10",256,-9.1,18.0,-2.16,4.37,-0.33,445.17,472.51,767.00,368.00,09_19_2022
MNBBL,34.74,411.00,411.00,400.10,401.60,402.37,"27,885.00",412.90,"11,220,056.10",270,-11.3,10.9,-2.74,2.72,-0.19,444.62,471.60,767.00,368.00,09_20_2022
MNBBL,28.09,401.00,409.70,400.00,406.50,406.12,"12,087.00",401.60,"4,908,789.10",177,4.9,9.7,1.22,2.43,0.09,444.15,470.72,767.00,368.00,09_21_2022
MNBBL,29.67,413.90,413.90,405.00,405.00,406.89,"9,963.00",406.50,"4,053,844.20",131,-1.5,8.90,-0.37,2.2,-0.47,443.61,469.77,767.00,368.00,09_22_2022
MNBBL,63.28,767.00,767.00,744.00,744.00,751.92,"66,013.00",752.00,"49,636,571.10",477,-8.0,23.0,-1.06,3.09,-1.06,655.40,574.02,850.00,315.00,11_03_2021
MNBBL,59.27,767.00,767.00,744.00,744.00,751.92,"66,013.00",752.00,"49,636,571.10",477,-8.0,23.0,-1.06,3.09,-1.06,655.40,574.02,850.00,315.00,11_05_2021
MNBBL,59.27,767.00,767.00,744.00,744.00,751.92,"66,013.00",752.00,"49,636,571.10",477,-8.0,23.0,-1.06,3.09,-1.06,655.40,574.02,850.00,315.00,11_06_2021
MNBBL,59.27,767.00,767.00,744.00,744.00,751.92,"66,013.00",752.00,"49,636,571.10",477,-8.0,23.0,-1.06,3.09,-1.06,655.40,574.02,850.00,315.00,11_07_2021
MNBBL,60.06,746.00,748.00,732.00,732.00,738.32,"31,754.00",744.00,"23,444,721.40",316,-12.0,16.0,-1.61,2.19,-0.86,657.95,575.94,850.00,315.00,11_08_2021
MNBBL,52.07,730.00,735.00,704.00,708.00,711.76,"100,145.00",732.00,"71,278,810.90",887,-24.0,31.0,-3.28,4.4,-0.53,660.32,577.72,850.00,315.00,11_09_2021
MNBBL,50.07,730.00,735.00,704.00,708.00,711.76,"100,145.00",732.00,"71,278,810.90",887,-24.0,31.0,-3.28,4.4,-0.53,660.32,577.72,850.00,315.00,11_10_2021
MNBBL,48.02,705.00,705.00,681.00,688.00,693.28,"83,884.00",708.00,"58,154,812.60",690,-20.0,24.0,-2.82,3.52,-0.77,662.48,579.32,850.00,315.00,11_11_2021
MNBBL,46.4,705.00,705.00,681.00,688.00,693.28,"83,884.00",708.00,"58,154,812.60",690,-20.0,24.0,-2.82,3.52,-0.77,662.48,579.32,850.00,315.00,11_12_2021
MNBBL,46.4,705.00,705.00,681.00,688.00,693.28,"83,884.00",708.00,"58,154,812.60",690,-20.0,24.0,-2.82,3.52,-0.77,662.48,579.32,850.00,315.00,11_13_2021
MNBBL,44.35,692.00,714.00,679.00,705.00,699.25,"56,570.00",688.00,"39,556,739.80",498,17.00,35.00,2.47,5.15,0.82,664.77,581.00,850.00,315.00,11_14_2021
MNBBL,43.07,718.00,730.00,708.00,725.00,721.28,"69,051.00",705.00,"49,805,442.20",471,20.00,22.00,2.84,3.11,0.51,667.23,582.77,850.00,315.00,11_15_2021
MNBBL,45.74,736.90,736.90,713.50,729.00,725.01,"53,416.00",725.00,"38,727,219.80",415,4.00,23.40,0.55,3.28,0.55,669.66,584.59,850.00,315.00,11_16_2021
MNBBL,55.76,729.00,741.00,725.00,727.00,733.43,"92,039.00",729.00,"67,504,029.90",547,-2.00,16.00,-0.27,2.21,-0.88,671.99,586.40,850.00,315.00,11_17_2021
MNBBL,62.48,725.00,733.00,715.00,715.90,718.48,"63,986.00",727.00,"45,972,926.60",388,-11.1,18.0,-1.53,2.52,-0.36,674.23,588.12,850.00,315.00,11_18_2021
MNBBL,51.87,725.00,733.00,715.00,715.90,718.48,"63,986.00",727.00,"45,972,926.60",388,-11.1,18.0,-1.53,2.52,-0.36,674.23,588.12,850.00,315.00,11_19_2021
MNBBL,51.87,725.00,733.00,715.00,715.90,718.48,"63,986.00",727.00,"45,972,926.60",388,-11.1,18.0,-1.53,2.52,-0.36,674.23,588.12,850.00,315.00,11_20_2021
MNBBL,47.17,715.90,727.00,712.00,714.00,714.93,"27,797.00",715.90,"19,872,789.60",258,-1.9,15.0,-0.27,2.11,-0.13,676.39,589.79,850.00,315.00,11_21_2021
MNBBL,39.2,728.00,728.00,707.10,711.00,712.16,"53,642.00",714.00,"38,201,625.00",361,-3.0,20.9,-0.42,2.96,-0.16,678.55,591.46,850.00,315.00,11_22_2021
MNBBL,40.9,711.00,714.00,696.00,699.00,702.07,"54,959.00",711.00,"38,584,914.80",495,-12.0,18.0,-1.69,2.59,-0.44,680.54,593.05,850.00,315.00,11_23_2021
MNBBL,41.24,699.00,711.00,685.00,704.00,700.38,"56,649.00",699.00,"39,675,687.50",414,5.00,26.0,0.72,3.8,0.51,682.27,594.55,850.00,315.00,11_24_2021
MNBBL,42.99,711.00,715.00,694.00,695.00,699.25,"49,431.00",704.00,"34,564,452.00",347,-9.0,21.0,-1.28,3.03,-0.61,683.99,596.05,850.00,315.00,11_25_2021
MNBBL,42.42,711.00,715.00,694.00,695.00,699.25,"49,431.00",704.00,"34,564,452.00",347,-9.0,21.0,-1.28,3.03,-0.61,683.99,596.05,850.00,315.00,11_26_2021
MNBBL,42.42,711.00,715.00,694.00,695.00,699.25,"49,431.00",704.00,"34,564,452.00",347,-9.0,21.0,-1.28,3.03,-0.61,683.99,596.05,850.00,315.00,11_27_2021
MNBBL,39.52,687.00,697.00,666.00,672.00,674.91,"96,723.00",695.00,"65,279,535.10",789,-23.0,31.0,-3.31,4.65,-0.43,685.59,597.46,850.00,315.00,11_28_2021
MNBBL,42.71,685.00,690.00,661.00,666.00,670.97,"77,069.00",672.00,"51,711,345.00",543,-6.0,29.0,-0.89,4.39,-0.75,687.01,598.81,850.00,315.00,11_29_2021
MNBBL,42.25,678.00,680.00,666.10,672.10,673.14,"111,407.00",666.00,"74,992,392.70","1,026",6.1,13.9,0.92,2.09,-0.15,688.21,600.22,850.00,315.00,11_30_2021
MNBBL,42.31,569.70,575.00,557.00,558.00,565.82,"111,382.00",571.64,"63,021,769.50",826,-13.64,18.0,-2.39,3.23,-1.4,688.57,601.09,850.00,315.00,12_01_2021
MNBBL,42.11,555.00,561.00,527.00,533.00,541.38,"71,321.00",558.00,"38,611,583.80",718,-25.0,34.0,-4.48,6.45,-1.57,688.76,601.79,850.00,315.00,12_02_2021
MNBBL,38.94,555.00,561.00,527.00,533.00,541.38,"71,321.00",558.00,"38,611,583.80",718,-25.0,34.0,-4.48,6.45,-1.57,688.76,601.79,850.00,315.00,12_03_2021
MNBBL,38.94,555.00,561.00,527.00,533.00,541.38,"71,321.00",558.00,"38,611,583.80",718,-25.0,34.0,-4.48,6.45,-1.57,688.76,601.79,850.00,315.00,12_04_2021
MNBBL,38.04,532.00,532.00,500.00,500.00,510.11,"93,752.00",533.00,"47,823,706.90",834,-33.0,32.0,-6.19,6.4,-2.02,688.46,602.37,850.00,315.00,12_05_2021
MNBBL,37.48,500.00,515.00,480.00,510.00,496.83,"91,114.00",500.00,"45,268,284.40",764,10.0,35.00,2.0,7.29,2.58,688.00,603.03,850.00,315.00,12_06_2021
MNBBL,38.49,520.00,534.00,505.00,507.00,521.60,"64,020.00",510.00,"33,393,028.20",742,-3.0,29.00,-0.59,5.74,-2.88,687.30,603.62,850.00,315.00,12_07_2021
MNBBL,39.55,431.00,431.00,421.00,422.50,423.10,"6,294.00",425.00,"2,662,968.40",82,-2.5,10.0,-0.59,2.38,-0.14,431.34,443.79,603.00,368.00,12_07_2022
MNBBL,43.69,505.00,512.00,492.00,493.50,499.34,"46,602.00",507.00,"23,270,245.70",468,-13.5,20.00,-2.66,4.07,-1.18,686.17,604.13,850.00,315.00,12_08_2021
MNBBL,41.42,494.00,500.80,484.00,493.00,492.62,"42,832.00",493.50,"21,100,028.80",442,-0.5,16.8,-0.1,3.47,0.08,684.50,604.67,850.00,315.00,12_09_2021
MNBBL,43.55,494.00,500.80,484.00,493.00,492.62,"42,832.00",493.50,"21,100,028.80",442,-0.5,16.8,-0.1,3.47,0.08,684.50,604.67,850.00,315.00,12_10_2021
MNBBL,43.55,494.00,500.80,484.00,493.00,492.62,"42,832.00",493.50,"21,100,028.80",442,-0.5,16.8,-0.1,3.47,0.08,684.50,604.67,850.00,315.00,12_11_2021
MNBBL,42.9,495.00,495.00,460.00,460.00,476.51,"63,414.00",493.00,"30,217,565.10",597,-33.00,35.00,-6.69,7.61,-3.59,682.77,605.03,850.00,315.00,12_12_2021
MNBBL,38.69,450.80,468.00,430.00,447.00,450.08,"82,877.00",460.00,"37,301,252.60",647,-13.00,38.00,-2.83,8.84,-0.69,680.89,605.36,850.00,315.00,12_13_2021
MNBBL,41.46,453.90,484.00,450.00,484.00,466.94,"30,276.00",447.00,"14,137,201.10",275,37.00,34.00,8.28,7.56,3.52,678.90,605.91,850.00,315.00,12_14_2021
MNBBL,42.9,493.00,523.00,476.00,495.00,500.71,"98,353.00",484.00,"49,246,668.60",892,11.0,47.0,2.27,9.87,-1.15,677.03,606.52,850.00,315.00,12_15_2021
MNBBL,47.25,503.00,503.00,480.00,484.00,484.74,"37,932.00",495.00,"18,387,013.80",321,-11.0,23.0,-2.22,4.79,-0.15,675.26,607.03,850.00,315.00,12_16_2021
MNBBL,45.63,503.00,503.00,480.00,484.00,484.74,"37,932.00",495.00,"18,387,013.80",321,-11.0,23.0,-2.22,4.79,-0.15,675.26,607.03,850.00,315.00,12_17_2021
MNBBL,45.63,503.00,503.00,480.00,484.00,484.74,"37,932.00",495.00,"18,387,013.80",321,-11.0,23.0,-2.22,4.79,-0.15,675.26,607.03,850.00,315.00,12_18_2021
MNBBL,45.63,503.00,503.00,480.00,484.00,484.74,"37,932.00",495.00,"18,387,013.80",321,-11.0,23.0,-2.22,4.79,-0.15,675.26,607.03,850.00,315.00,12_19_2021
MNBBL,42.94,493.60,493.60,463.00,470.70,474.48,"25,936.00",484.00,"12,306,223.50",285,-13.3,30.6,-2.75,6.61,-0.8,673.60,607.50,850.00,315.00,12_20_2021
MNBBL,41.94,480.00,487.30,472.00,485.00,479.76,"24,016.00",470.70,"11,522,000.40",236,14.3,15.30,3.04,3.24,1.08,671.94,607.99,850.00,315.00,12_21_2021
MNBBL,43.03,494.70,507.00,490.00,503.50,500.10,"52,433.00",485.00,"26,221,640.00",462,18.5,17.0,3.81,3.47,0.68,670.68,608.59,850.00,315.00,12_22_2021
MNBBL,47.3,513.50,513.50,490.00,499.00,501.34,"57,937.00",503.50,"29,046,424.80",466,-4.5,23.5,-0.89,4.8,-0.47,669.64,609.16,850.00,315.00,12_23_2021
MNBBL,51.35,513.50,513.50,490.00,499.00,501.34,"57,937.00",503.50,"29,046,424.80",466,-4.5,23.5,-0.89,4.8,-0.47,669.64,609.16,850.00,315.00,12_24_2021
MNBBL,51.35,513.50,513.50,490.00,499.00,501.34,"57,937.00",503.50,"29,046,424.80",466,-4.5,23.5,-0.89,4.8,-0.47,669.64,609.16,850.00,315.00,12_25_2021
MNBBL,49.72,507.90,515.00,500.00,509.00,509.19,"68,510.00",499.00,"34,884,342.50",444,10.00,15.00,2.0,3.0,-0.04,668.38,609.76,850.00,315.00,12_26_2021
MNBBL,53.3,512.00,513.00,492.10,493.00,501.07,"80,363.00",509.00,"40,267,597.00",449,-16.0,20.90,-3.14,4.25,-1.64,667.20,610.30,850.00,315.00,12_27_2021
MNBBL,51.36,502.80,502.80,484.20,497.00,492.38,"30,685.00",493.00,"15,108,567.30",316,4.0,18.6,0.81,3.84,0.93,666.14,610.86,850.00,315.00,12_28_2021
MNBBL,44.11,498.00,502.00,494.00,495.00,496.45,"17,723.00",497.00,"8,798,662.50",185,-2.0,8.00,-0.4,1.62,-0.29,665.10,611.40,850.00,315.00,12_29_2021
MNBBL,44.47,498.00,502.00,494.00,495.00,496.45,"17,723.00",497.00,"8,798,662.50",185,-2.0,8.00,-0.4,1.62,-0.29,665.10,611.40,850.00,315.00,12_30_2021
MNBBL,44.47,498.00,502.00,494.00,495.00,496.45,"17,723.00",497.00,"8,798,662.50",185,-2.0,8.00,-0.4,1.62,-0.29,665.10,611.40,850.00,315.00,12_31_2021
