NMB50,43.39,11.37,11.58,11.37,11.55,11.44,"11,221.00",11.37,"128,369.18",5,0.18,0.21,1.58,1.85,0.95,13.39,13.37,18.47,10.01,01_01_2022
NMB50,44.93,11.61,11.78,11.55,11.55,11.59,"120,700.00",11.55,"1,399,171.63",19,0.00,0.23,0.0,1.99,-0.36,13.36,13.36,18.47,10.05,01_02_2022
NMB50,55.4,11.78,12.00,11.76,11.76,11.78,"26,780.00",11.55,"315,428.60",11,0.21,0.24,1.82,2.04,-0.16,13.34,13.36,18.47,10.05,01_03_2022
NMB50,55.68,11.61,12.13,11.61,12.00,12.03,"152,400.00",11.76,"1,833,215.50",23,0.24,0.52,2.04,4.48,-0.24,13.32,13.36,18.47,10.05,01_04_2022
NMB50,62.09,12.02,12.02,11.90,11.91,11.96,"117,240.00",12.00,"1,402,412.40",28,-0.09,0.12,-0.75,1.01,-0.44,13.29,13.35,18.47,10.15,01_05_2022
NMB50,61.59,11.86,12.12,11.86,12.12,12.05,"83,659.00",11.91,"1,007,980.10",21,0.21,0.26,1.76,2.19,0.59,13.27,13.35,18.47,10.25,01_06_2022
NMB50,59.34,11.86,12.12,11.86,12.12,12.05,"83,659.00",11.91,"1,007,980.10",21,0.21,0.26,1.76,2.19,0.59,13.27,13.35,18.47,10.25,01_07_2022
NMB50,59.34,11.86,12.12,11.86,12.12,12.05,"83,659.00",11.91,"1,007,980.10",21,0.21,0.26,1.76,2.19,0.59,13.27,13.35,18.47,10.25,01_08_2022
NMB50,59.82,12.33,12.49,12.24,12.24,12.37,"199,400.00",12.12,"2,466,334.00",47,0.12,0.25,0.99,2.04,-1.05,13.25,13.35,18.47,10.26,01_09_2022
NMB50,64.7,12.47,12.97,12.40,12.97,12.78,"323,277.00",12.24,"4,130,647.63",60,0.73,0.57,5.96,4.6,1.48,13.23,13.35,18.47,10.26,01_10_2022
NMB50,65.08,12.97,13.00,12.77,12.80,12.86,"86,545.00",12.97,"1,112,630.70",23,-0.17,0.23,-1.31,1.8,-0.44,13.22,13.36,18.47,10.44,01_11_2022
NMB50,61.53,12.78,13.07,12.70,12.81,12.79,"166,450.00",12.80,"2,128,673.00",33,0.01,0.37,0.08,2.91,0.17,13.20,13.36,18.47,10.54,01_12_2022
NMB50,59.82,13.05,13.05,12.81,12.91,12.93,"35,896.00",12.81,"464,084.00",14,0.1,0.24,0.78,1.87,-0.14,13.18,13.36,18.47,10.72,01_13_2022
NMB50,56.73,13.05,13.05,12.81,12.91,12.93,"35,896.00",12.81,"464,084.00",14,0.1,0.24,0.78,1.87,-0.14,13.18,13.36,18.47,10.72,01_14_2022
NMB50,56.73,13.05,13.05,12.81,12.91,12.93,"35,896.00",12.81,"464,084.00",14,0.1,0.24,0.78,1.87,-0.14,13.18,13.36,18.47,10.72,01_15_2022
NMB50,57.93,12.97,13.32,12.96,13.08,13.16,"182,848.00",12.91,"2,407,084.68",28,0.17,0.36,1.32,2.78,-0.65,13.17,13.36,18.47,10.72,01_16_2022
NMB50,57.73,13.30,13.60,13.29,13.60,13.43,"113,199.00",13.08,"1,519,847.61",23,0.52,0.31,3.98,2.33,1.28,13.15,13.37,18.47,10.72,01_17_2022
NMB50,61.7,13.42,13.68,13.40,13.40,13.45,"92,370.00",13.60,"1,242,154.80",22,-0.2,0.28,-1.47,2.09,-0.36,13.14,13.38,18.47,10.72,01_18_2022
NMB50,59.19,13.22,13.40,13.22,13.40,13.37,"122,431.00",13.40,"1,637,201.30",21,0.0,0.18,0.0,1.36,0.21,13.13,13.38,18.47,10.72,01_19_2022
NMB50,58.1,13.30,13.40,13.28,13.40,13.31,"644,759.00",13.40,"8,583,998.90",32,0.0,0.12,0.0,0.9,0.65,13.11,13.39,18.47,10.72,01_20_2022
NMB50,62.84,13.30,13.40,13.28,13.40,13.31,"644,759.00",13.40,"8,583,998.90",32,0.0,0.12,0.0,0.9,0.65,13.11,13.39,18.47,10.72,01_21_2022
NMB50,62.84,13.30,13.40,13.28,13.40,13.31,"644,759.00",13.40,"8,583,998.90",32,0.0,0.12,0.0,0.9,0.65,13.11,13.39,18.47,10.72,01_22_2022
NMB50,64.66,13.65,13.65,13.14,13.60,13.37,"650,575.00",13.40,"8,697,623.75",42,0.2,0.51,1.49,3.88,1.7,13.10,13.39,18.47,10.72,01_23_2022
NMB50,60.61,13.33,13.33,13.10,13.10,13.13,"195,100.00",13.60,"2,561,954.00",27,-0.5,0.23,-3.68,1.76,-0.24,13.06,13.40,18.47,10.72,01_24_2022
NMB50,51.48,13.36,13.36,13.01,13.03,13.05,"55,400.00",13.10,"723,009.00",18,-0.07,0.35,-0.53,2.69,-0.16,13.03,13.40,18.47,10.72,01_25_2022
NMB50,46.65,13.10,13.10,12.78,12.81,12.92,"218,475.00",13.03,"2,823,357.50",21,-0.22,0.32,-1.69,2.5,-0.88,12.99,13.40,18.47,10.72,01_26_2022
NMB50,46.29,12.72,13.31,12.63,12.81,12.70,"95,414.00",12.81,"1,211,919.08",22,0.0,0.68,0.0,5.38,0.85,12.95,13.40,18.47,10.72,01_27_2022
NMB50,43.66,12.72,13.31,12.63,12.81,12.70,"95,414.00",12.81,"1,211,919.08",22,0.0,0.68,0.0,5.38,0.85,12.95,13.40,18.47,10.72,01_28_2022
NMB50,43.66,12.72,13.31,12.63,12.81,12.70,"95,414.00",12.81,"1,211,919.08",22,0.0,0.68,0.0,5.38,0.85,12.95,13.40,18.47,10.72,01_29_2022
NMB50,44.86,13.06,13.27,13.06,13.19,13.12,"17,535.00",12.81,"230,144.30",7,0.38,0.21,2.97,1.61,0.49,12.91,13.40,18.47,10.72,01_30_2022
NMB50,44.55,13.19,13.19,12.96,12.97,13.11,"16,379.00",13.19,"214,647.36",12,-0.22,0.23,-1.67,1.77,-1.04,12.87,13.41,18.47,10.72,01_31_2022
NMB50,44.14,12.86,13.11,12.86,13.11,13.10,"6,200.00",12.97,"81,206.00",5,0.14,0.25,1.08,1.94,0.09,12.84,13.41,18.47,10.72,02_01_2022
NMB50,45.71,12.86,13.11,12.86,13.11,13.10,"6,200.00",12.97,"81,206.00",5,0.14,0.25,1.08,1.94,0.09,12.84,13.41,18.47,10.72,02_02_2022
NMB50,45.65,13.13,13.46,13.08,13.45,13.41,"219,695.00",13.11,"2,945,209.35",35,0.34,0.38,2.59,2.91,0.33,12.80,13.41,18.47,10.72,02_03_2022
NMB50,54.17,13.13,13.46,13.08,13.45,13.41,"219,695.00",13.11,"2,945,209.35",35,0.34,0.38,2.59,2.91,0.33,12.80,13.41,18.47,10.72,02_04_2022
NMB50,54.17,13.13,13.46,13.08,13.45,13.41,"219,695.00",13.11,"2,945,209.35",35,0.34,0.38,2.59,2.91,0.33,12.80,13.41,18.47,10.72,02_05_2022
NMB50,54.02,13.20,13.43,13.19,13.43,13.20,"7,100.00",13.45,"93,733.00",4,-0.02,0.24,-0.15,1.82,1.7,12.77,13.42,18.47,10.72,02_06_2022
NMB50,42.78,13.20,13.42,13.20,13.42,13.23,"3,000.00",13.43,"39,687.00",5,-0.01,0.22,-0.07,1.67,1.42,12.74,13.43,18.47,10.72,02_07_2022
NMB50,44.16,13.43,13.43,13.10,13.30,13.20,"116,050.00",13.42,"1,531,433.75",17,-0.12,0.33,-0.89,2.52,0.78,12.70,13.43,18.47,10.72,02_08_2022
NMB50,57.71,13.04,13.10,12.90,13.09,13.05,"47,440.00",13.30,"618,919.40",17,-0.21,0.2,-1.58,1.55,0.33,12.67,13.43,18.47,10.72,02_09_2022
NMB50,41.05,13.00,13.36,13.00,13.36,13.32,"10,100.00",13.09,"134,557.00",9,0.27,0.36,2.06,2.77,0.28,12.64,13.44,18.47,10.72,02_10_2022
NMB50,37.16,13.00,13.36,13.00,13.36,13.32,"10,100.00",13.09,"134,557.00",9,0.27,0.36,2.06,2.77,0.28,12.64,13.44,18.47,10.72,02_11_2022
NMB50,37.16,13.00,13.36,13.00,13.36,13.32,"10,100.00",13.09,"134,557.00",9,0.27,0.36,2.06,2.77,0.28,12.64,13.44,18.47,10.72,02_12_2022
NMB50,34.58,13.29,13.29,12.81,13.00,12.89,"16,400.00",13.03,"211,344.36",10,-0.03,0.48,-0.23,3.75,0.87,12.57,13.44,18.47,10.72,02_14_2022
NMB50,29.22,12.90,13.00,12.90,12.95,12.96,"6,700.00",13.00,"86,855.70",8,-0.05,0.1,-0.38,0.78,-0.1,12.54,13.44,18.47,10.72,02_15_2022
NMB50,41.68,13.00,13.00,12.86,12.86,12.87,"1,800.00",12.95,"23,162.00",4,-0.09,0.14,-0.69,1.09,-0.06,12.51,13.44,18.47,10.72,02_16_2022
NMB50,28.87,13.02,13.02,12.83,12.83,13.00,"1,100.00",12.86,"14,303.00",2,-0.03,0.19,-0.23,1.48,-1.35,12.47,13.44,18.47,10.72,02_17_2022
NMB50,33.71,13.02,13.02,12.83,12.83,13.00,"1,100.00",12.86,"14,303.00",2,-0.03,0.19,-0.23,1.48,-1.35,12.47,13.44,18.47,10.72,02_18_2022
NMB50,33.71,13.02,13.02,12.83,12.83,13.00,"1,100.00",12.86,"14,303.00",2,-0.03,0.19,-0.23,1.48,-1.35,12.47,13.44,18.47,10.72,02_19_2022
NMB50,33.28,12.98,13.10,12.80,12.80,13.01,"81,150.00",12.83,"1,055,492.10",14,-0.03,0.3,-0.23,2.34,-1.61,12.44,13.44,18.47,10.72,02_20_2022
NMB50,39.95,12.80,13.00,12.75,13.00,12.81,"30,600.00",12.80,"392,085.00",15,0.2,0.25,1.56,1.96,1.44,12.41,13.44,18.47,10.72,02_21_2022
NMB50,48.44,13.00,13.00,12.90,12.90,12.98,935.00,13.00,"12,135.00",2,-0.1,0.1,-0.77,0.78,-0.61,12.38,13.44,18.47,10.72,02_22_2022
NMB50,47.3,12.75,12.80,12.75,12.77,12.79,"9,910.00",12.90,"126,718.90",7,-0.13,0.05,-1.01,0.39,-0.13,12.35,13.44,18.47,10.72,02_23_2022
NMB50,39.26,12.74,12.80,12.74,12.75,12.76,"54,496.00",12.77,"695,323.00",15,-0.02,0.06,-0.16,0.47,-0.07,12.32,13.43,18.47,10.72,02_24_2022
NMB50,37.2,12.74,12.80,12.74,12.75,12.76,"54,496.00",12.77,"695,323.00",15,-0.02,0.06,-0.16,0.47,-0.07,12.32,13.43,18.47,10.72,02_25_2022
NMB50,37.2,12.74,12.80,12.74,12.75,12.76,"54,496.00",12.77,"695,323.00",15,-0.02,0.06,-0.16,0.47,-0.07,12.32,13.43,18.47,10.72,02_26_2022
NMB50,36.85,12.76,12.77,12.76,12.76,12.76,"12,784.00",12.75,"163,133.84",7,0.01,0.01,0.08,0.08,-0.01,12.30,13.43,18.47,10.72,02_27_2022
NMB50,31.05,12.76,12.76,12.41,12.41,12.60,"57,100.00",12.76,"719,179.24",20,-0.35,0.35,-2.74,2.82,-1.49,12.27,13.42,18.47,10.72,02_28_2022
NMB50,39.08,12.76,12.76,12.41,12.41,12.60,"57,100.00",12.76,"719,179.24",20,-0.35,0.35,-2.74,2.82,-1.49,12.27,13.42,18.47,10.72,03_01_2022
NMB50,38.9,12.32,12.32,12.20,12.21,12.25,"111,729.00",12.41,"1,368,173.37",30,-0.2,0.12,-1.61,0.98,-0.29,12.23,13.41,18.47,10.72,03_02_2022
NMB50,39.13,12.32,12.32,12.20,12.21,12.25,"111,729.00",12.41,"1,368,173.37",30,-0.2,0.12,-1.61,0.98,-0.29,12.23,13.41,18.47,10.72,03_03_2022
NMB50,39.13,12.32,12.32,12.20,12.21,12.25,"111,729.00",12.41,"1,368,173.37",30,-0.2,0.12,-1.61,0.98,-0.29,12.23,13.41,18.47,10.72,03_04_2022
NMB50,39.13,12.32,12.32,12.20,12.21,12.25,"111,729.00",12.41,"1,368,173.37",30,-0.2,0.12,-1.61,0.98,-0.29,12.23,13.41,18.47,10.72,03_05_2022
NMB50,36.5,12.40,12.40,12.18,12.18,12.38,"24,300.00",12.21,"300,875.00",11,-0.03,0.22,-0.25,1.81,-1.66,12.20,13.40,18.47,10.72,03_06_2022
NMB50,34.81,12.17,12.25,12.17,12.19,12.24,"2,900.00",12.18,"35,498.00",5,0.01,0.08,0.08,0.66,-0.42,12.17,13.39,18.47,10.72,03_07_2022
NMB50,31.88,12.17,12.25,12.17,12.19,12.24,"2,900.00",12.18,"35,498.00",5,0.01,0.08,0.08,0.66,-0.42,12.17,13.39,18.47,10.72,03_08_2022
NMB50,31.43,12.22,12.30,12.12,12.13,12.16,"28,126.00",12.19,"341,944.12",9,-0.06,0.18,-0.49,1.49,-0.23,12.15,13.37,18.47,10.72,03_09_2022
NMB50,40.43,12.13,12.20,12.13,12.20,12.19,"2,600.00",12.13,"31,706.00",3,0.07,0.07,0.58,0.58,0.04,12.15,13.36,18.47,10.72,03_10_2022
NMB50,39.63,12.13,12.20,12.13,12.20,12.19,"2,600.00",12.13,"31,706.00",3,0.07,0.07,0.58,0.58,0.04,12.15,13.36,18.47,10.72,03_11_2022
NMB50,39.63,12.13,12.20,12.13,12.20,12.19,"2,600.00",12.13,"31,706.00",3,0.07,0.07,0.58,0.58,0.04,12.15,13.36,18.47,10.72,03_12_2022
NMB50,41.58,12.11,12.35,12.11,12.35,12.31,"1,300.00",12.20,"15,999.00",4,0.15,0.24,1.23,1.98,0.35,12.15,13.35,18.47,10.72,03_13_2022
NMB50,44.36,12.35,12.60,12.29,12.59,12.44,"5,800.00",12.35,"72,158.00",10,0.24,0.31,1.94,2.52,1.18,12.15,13.34,18.47,10.72,03_15_2022
NMB50,46.04,12.80,12.87,12.80,12.87,12.83,"23,209.00",12.59,"297,685.94",8,0.28,0.07,2.22,0.55,0.34,12.16,13.32,18.47,10.72,03_16_2022
NMB50,51.26,12.80,12.87,12.80,12.87,12.83,"23,209.00",12.59,"297,685.94",8,0.28,0.07,2.22,0.55,0.34,12.16,13.32,18.47,10.72,03_17_2022
NMB50,51.26,12.80,12.87,12.80,12.87,12.83,"23,209.00",12.59,"297,685.94",8,0.28,0.07,2.22,0.55,0.34,12.16,13.32,18.47,10.72,03_18_2022
NMB50,51.26,12.80,12.87,12.80,12.87,12.83,"23,209.00",12.59,"297,685.94",8,0.28,0.07,2.22,0.55,0.34,12.16,13.32,18.47,10.72,03_19_2022
NMB50,53.72,12.70,12.87,12.65,12.71,12.70,"14,500.00",12.87,"184,146.00",5,-0.16,0.22,-1.24,1.74,0.08,12.16,13.31,18.47,10.72,03_21_2022
NMB50,55.8,12.71,12.95,12.61,12.95,12.74,"3,700.00",12.71,"47,147.00",6,0.24,0.34,1.89,2.7,1.6,12.17,13.30,18.47,10.72,03_22_2022
NMB50,48.39,12.95,12.96,12.95,12.95,12.96,"12,500.00",12.95,"161,975.00",4,0.0,0.01,0.0,0.08,-0.06,12.18,13.29,18.47,10.72,03_23_2022
NMB50,43.95,13.00,13.00,12.52,12.77,12.74,"35,437.00",12.95,"451,478.24",16,-0.18,0.48,-1.39,3.83,0.23,12.18,13.27,18.47,10.72,03_24_2022
NMB50,43.95,13.00,13.00,12.52,12.77,12.74,"35,437.00",12.95,"451,478.24",16,-0.18,0.48,-1.39,3.83,0.23,12.18,13.27,18.47,10.72,03_24_2022
NMB50,43.95,13.00,13.00,12.52,12.77,12.74,"35,437.00",12.95,"451,478.24",16,-0.18,0.48,-1.39,3.83,0.23,12.18,13.27,18.47,10.72,03_24_2022
NMB50,43.95,13.00,13.00,12.52,12.77,12.74,"35,437.00",12.95,"451,478.24",16,-0.18,0.48,-1.39,3.83,0.23,12.18,13.27,18.47,10.72,03_24_2022
NMB50,37.24,13.00,13.00,12.52,12.77,12.74,"35,437.00",12.95,"451,478.24",16,-0.18,0.48,-1.39,3.83,0.23,12.18,13.27,18.47,10.72,03_25_2022
NMB50,37.24,13.00,13.00,12.52,12.77,12.74,"35,437.00",12.95,"451,478.24",16,-0.18,0.48,-1.39,3.83,0.23,12.18,13.27,18.47,10.72,03_26_2022
NMB50,36.59,12.65,13.00,12.64,12.70,12.79,"6,475.00",12.77,"82,787.50",10,-0.07,0.36,-0.55,2.85,-0.67,12.19,13.26,18.47,10.72,03_27_2022
NMB50,40.97,12.65,12.90,12.65,12.65,12.79,"5,500.00",12.70,"70,325.00",5,-0.05,0.25,-0.39,1.98,-1.08,12.20,13.25,18.47,10.72,03_28_2022
NMB50,30.67,12.50,12.50,12.41,12.42,12.43,"101,100.00",12.65,"1,256,272.00",18,-0.23,0.09,-1.82,0.73,-0.05,12.21,13.24,18.47,10.72,03_29_2022
NMB50,40.21,12.31,12.55,12.31,12.55,12.51,600.00,12.42,"7,506.00",2,0.13,0.24,1.05,1.95,0.32,12.22,13.22,18.47,10.72,03_30_2022
NMB50,34.05,12.33,12.60,12.30,12.60,12.49,"22,739.00",12.55,"283,921.74",13,0.05,0.3,0.4,2.44,0.9,12.23,13.21,18.47,10.72,03_31_2022
NMB50,37.37,12.33,12.60,12.30,12.60,12.49,"22,739.00",12.55,"283,921.74",13,0.05,0.3,0.4,2.44,0.9,12.23,13.21,18.47,10.72,04_01_2022
NMB50,37.37,12.33,12.60,12.30,12.60,12.49,"22,739.00",12.55,"283,921.74",13,0.05,0.3,0.4,2.44,0.9,12.23,13.21,18.47,10.72,04_02_2022
NMB50,35.67,12.78,12.78,12.53,12.70,12.74,"37,200.00",12.60,"473,814.00",9,0.1,0.25,0.79,2.0,-0.29,12.24,13.20,18.47,10.72,04_03_2022
NMB50,52.54,12.70,12.70,12.37,12.50,12.45,"33,100.00",12.70,"412,240.50",18,-0.2,0.33,-1.57,2.67,0.36,12.25,13.19,18.47,10.72,04_05_2022
NMB50,50.43,12.26,12.70,12.26,12.70,12.65,"25,800.00",12.50,"326,345.00",7,0.2,0.44,1.6,3.59,0.4,12.26,13.18,18.47,10.72,04_06_2022
NMB50,45.3,12.80,13.19,12.80,13.00,13.07,"163,308.00",12.70,"2,135,150.70",29,0.3,0.39,2.36,3.05,-0.57,12.27,13.17,18.47,10.72,04_07_2022
NMB50,51.9,12.80,13.19,12.80,13.00,13.07,"163,308.00",12.70,"2,135,150.70",29,0.3,0.39,2.36,3.05,-0.57,12.27,13.17,18.47,10.72,04_08_2022
NMB50,51.9,12.80,13.19,12.80,13.00,13.07,"163,308.00",12.70,"2,135,150.70",29,0.3,0.39,2.36,3.05,-0.57,12.27,13.17,18.47,10.72,04_09_2022
NMB50,51.9,12.80,13.19,12.80,13.00,13.07,"163,308.00",12.70,"2,135,150.70",29,0.3,0.39,2.36,3.05,-0.57,12.27,13.17,18.47,10.72,04_10_2022
NMB50,51.57,12.78,12.87,12.74,12.85,12.82,"27,325.00",13.00,"350,380.25",9,-0.15,0.13,-1.15,1.02,0.21,12.28,13.16,18.47,10.72,04_11_2022
NMB50,39.28,12.85,12.85,12.42,12.42,12.51,"51,782.00",12.85,"647,809.00",9,-0.43,0.43,-3.35,3.46,-0.73,12.29,13.14,18.47,10.72,04_12_2022
NMB50,32.37,12.27,12.64,12.27,12.64,12.30,"20,775.00",12.42,"255,556.50",8,0.22,0.37,1.77,3.02,2.68,12.30,13.13,18.47,10.72,04_13_2022
NMB50,31.99,12.27,12.64,12.27,12.64,12.30,"20,775.00",12.42,"255,556.50",8,0.22,0.37,1.77,3.02,2.68,12.30,13.13,18.47,10.72,04_14_2022
NMB50,31.99,12.27,12.64,12.27,12.64,12.30,"20,775.00",12.42,"255,556.50",8,0.22,0.37,1.77,3.02,2.68,12.30,13.13,18.47,10.72,04_15_2022
NMB50,31.99,12.27,12.64,12.27,12.64,12.30,"20,775.00",12.42,"255,556.50",8,0.22,0.37,1.77,3.02,2.68,12.30,13.13,18.47,10.72,04_16_2022
NMB50,34.57,12.40,12.75,12.40,12.63,12.68,"8,500.00",12.64,"107,776.70",8,-0.01,0.35,-0.08,2.82,-0.39,12.31,13.12,18.47,10.72,04_17_2022
NMB50,29.46,12.41,12.61,12.40,12.61,12.46,"12,810.00",12.63,"159,631.00",11,-0.02,0.21,-0.16,1.69,1.18,12.32,13.11,18.47,10.72,04_18_2022
NMB50,25.81,12.37,12.59,12.37,12.56,12.56,"19,665.00",12.61,"246,969.10",11,-0.05,0.22,-0.4,1.78,0.01,12.32,13.10,18.47,10.72,04_19_2022
NMB50,43.99,12.50,12.60,12.36,12.45,12.46,"25,500.00",12.56,"317,668.10",17,-0.11,0.24,-0.88,1.94,-0.06,12.33,13.08,18.47,10.72,04_20_2022
NMB50,33.72,12.34,12.58,12.34,12.58,12.37,"14,308.00",12.45,"177,046.36",17,0.13,0.24,1.04,1.94,1.64,12.34,13.07,18.47,10.72,04_21_2022
NMB50,32.46,12.34,12.58,12.34,12.58,12.37,"14,308.00",12.45,"177,046.36",17,0.13,0.24,1.04,1.94,1.64,12.34,13.07,18.47,10.72,04_22_2022
NMB50,32.46,12.34,12.58,12.34,12.58,12.37,"14,308.00",12.45,"177,046.36",17,0.13,0.24,1.04,1.94,1.64,12.34,13.07,18.47,10.72,04_23_2022
NMB50,32.98,12.80,13.08,12.80,13.05,12.86,"33,600.00",12.58,"432,008.00",13,0.47,0.28,3.74,2.19,1.48,12.35,13.06,18.47,10.72,04_24_2022
NMB50,47.25,12.80,12.80,12.79,12.79,12.79,"4,233.00",13.05,"54,141.65",3,-0.26,0.01,-1.99,0.08,0.0,12.36,13.04,18.47,10.72,04_25_2022
NMB50,39.87,12.63,13.00,12.58,13.00,12.66,"26,300.00",12.79,"332,921.00",18,0.21,0.42,1.64,3.34,2.63,12.38,13.03,18.47,10.72,04_26_2022
NMB50,46.49,12.75,12.75,12.50,12.75,12.74,"4,200.00",13.00,"53,525.00",6,-0.25,0.25,-1.92,2.0,0.05,12.39,13.02,18.47,10.72,04_27_2022
NMB50,38.81,12.50,12.90,12.30,12.70,12.46,"45,750.00",12.75,"569,927.40",17,-0.05,0.6,-0.39,4.88,1.91,12.40,13.01,18.47,10.72,04_28_2022
NMB50,29.7,12.50,12.90,12.30,12.70,12.46,"45,750.00",12.75,"569,927.40",17,-0.05,0.6,-0.39,4.88,1.91,12.40,13.01,18.47,10.72,04_29_2022
NMB50,29.7,12.50,12.90,12.30,12.70,12.46,"45,750.00",12.75,"569,927.40",17,-0.05,0.6,-0.39,4.88,1.91,12.40,13.01,18.47,10.72,04_30_2022
NMB50,29.7,12.50,12.90,12.30,12.70,12.46,"45,750.00",12.75,"569,927.40",17,-0.05,0.6,-0.39,4.88,1.91,12.40,13.01,18.47,10.72,05_01_2022
NMB50,31.1,12.80,12.80,12.50,12.70,12.64,"8,900.00",12.70,"112,530.00",8,0.0,0.3,0.0,2.4,0.44,12.41,12.99,18.47,10.72,05_02_2022
NMB50,24.65,12.80,12.80,12.50,12.70,12.64,"8,900.00",12.70,"112,530.00",8,0.0,0.3,0.0,2.4,0.44,12.41,12.99,18.47,10.72,05_03_2022
NMB50,23.74,12.46,12.80,12.45,12.80,12.46,"39,200.00",12.70,"488,360.00",10,0.1,0.35,0.79,2.81,2.67,12.42,12.97,18.47,10.72,05_04_2022
NMB50,30.49,12.55,12.64,12.55,12.64,12.59,523.00,12.80,"6,583.72",5,-0.16,0.09,-1.25,0.72,0.41,12.42,12.94,18.47,10.72,05_05_2022
NMB50,20.05,12.55,12.64,12.55,12.64,12.59,523.00,12.80,"6,583.72",5,-0.16,0.09,-1.25,0.72,0.41,12.42,12.94,18.47,10.72,05_06_2022
NMB50,20.05,12.55,12.64,12.55,12.64,12.59,523.00,12.80,"6,583.72",5,-0.16,0.09,-1.25,0.72,0.41,12.42,12.94,18.47,10.72,05_07_2022
NMB50,20.05,12.40,12.85,12.40,12.85,12.81,"1,100.00",12.64,"14,090.00",2,0.21,0.45,1.66,3.63,0.32,12.43,12.91,18.47,10.72,05_08_2022
NMB50,38.4,12.60,12.88,12.50,12.88,12.67,"13,800.00",12.85,"174,836.00",7,0.03,0.38,0.23,3.04,1.64,12.44,12.89,18.47,10.72,05_09_2022
NMB50,37.6,12.68,12.87,12.68,12.83,12.81,"26,900.00",12.88,"344,564.00",12,-0.05,0.19,-0.39,1.5,0.16,12.45,12.86,18.47,10.72,05_10_2022
NMB50,37.12,12.65,12.88,12.65,12.88,12.65,"8,100.00",12.83,"102,488.00",3,0.05,0.23,0.39,1.82,1.76,12.45,12.84,18.47,10.72,05_11_2022
NMB50,43.07,12.63,13.00,12.20,13.00,12.62,"2,300.00",12.88,"29,015.00",7,0.12,0.8,0.93,6.56,2.96,12.46,12.81,18.47,10.72,05_17_2022
NMB50,41.51,12.74,12.74,12.70,12.70,12.70,"99,710.00",13.00,"1,266,321.00",15,-0.3,0.04,-2.31,0.31,0.0,12.47,12.78,18.47,10.72,05_19_2022
NMB50,35.53,12.45,12.45,12.21,12.21,12.37,"1,530.00",12.70,"18,921.30",3,-0.49,0.24,-3.86,1.97,-1.28,12.47,12.75,18.47,10.72,05_20_2022
NMB50,27.24,12.45,12.45,12.21,12.21,12.37,"1,530.00",12.70,"18,921.30",3,-0.49,0.24,-3.86,1.97,-1.28,12.47,12.75,18.47,10.72,05_21_2022
NMB50,27.24,12.45,12.45,12.21,12.21,12.37,"1,530.00",12.70,"18,921.30",3,-0.49,0.24,-3.86,1.97,-1.28,12.47,12.75,18.47,10.72,05_22_2022
NMB50,26.99,11.97,12.80,11.97,12.70,12.55,"109,830.00",12.21,"1,378,775.60",13,0.49,0.83,4.01,6.93,1.15,12.47,12.73,18.47,10.72,05_23_2022
NMB50,35.42,12.45,12.45,12.21,12.45,12.45,"111,200.00",12.70,"1,384,416.00",6,-0.25,0.24,-1.97,1.97,0.0,12.48,12.70,18.47,10.72,05_24_2022
NMB50,35.98,12.23,12.71,12.23,12.52,12.69,"104,581.00",12.45,"1,326,722.20",11,0.07,0.48,0.56,3.92,-1.33,12.48,12.68,18.47,10.72,05_25_2022
NMB50,33.78,12.77,12.77,12.65,12.65,12.75,"2,300.00",12.52,"29,315.00",3,0.13,0.12,1.04,0.95,-0.76,12.49,12.65,18.47,10.72,05_26_2022
NMB50,43.24,12.50,12.70,12.50,12.70,12.69,"105,395.00",12.65,"1,337,601.50",15,0.05,0.2,0.4,1.6,0.07,12.50,12.63,18.47,10.72,05_27_2022
NMB50,36.85,12.50,12.70,12.50,12.70,12.69,"105,395.00",12.65,"1,337,601.50",15,0.05,0.2,0.4,1.6,0.07,12.50,12.63,18.47,10.72,05_28_2022
NMB50,36.85,12.50,12.70,12.50,12.70,12.69,"105,395.00",12.65,"1,337,601.50",15,0.05,0.2,0.4,1.6,0.07,12.50,12.63,18.47,10.72,05_29_2022
NMB50,36.32,12.50,12.50,12.20,12.20,12.26,"13,980.00",12.70,"171,359.20",9,-0.5,0.3,-3.94,2.46,-0.47,12.50,12.60,18.47,10.72,05_30_2022
NMB50,33.1,11.98,12.70,11.98,12.70,12.55,"164,810.00",12.20,"2,068,979.50",18,0.5,0.72,4.1,6.01,1.15,12.50,12.58,18.47,10.72,05_31_2022
NMB50,50.55,12.70,12.88,12.30,12.70,12.70,"18,600.00",12.70,"236,163.00",11,0.0,0.58,0.0,4.72,0.02,12.51,12.56,18.47,10.72,06_01_2022
NMB50,43.11,12.65,12.71,12.51,12.70,12.69,"126,750.00",12.70,"1,608,441.00",26,0.0,0.2,0.0,1.6,0.08,12.52,12.53,18.47,10.72,06_02_2022
NMB50,46.73,12.52,12.52,12.25,12.25,12.50,"107,600.00",12.70,"1,345,048.00",8,-0.45,0.27,-3.54,2.2,-2.04,12.52,12.51,18.47,10.72,06_03_2022
NMB50,46.96,12.52,12.52,12.25,12.25,12.50,"107,600.00",12.70,"1,345,048.00",8,-0.45,0.27,-3.54,2.2,-2.04,12.52,12.51,18.47,10.72,06_04_2022
NMB50,46.96,12.52,12.52,12.25,12.25,12.50,"107,600.00",12.70,"1,345,048.00",8,-0.45,0.27,-3.54,2.2,-2.04,12.52,12.51,18.47,10.72,06_05_2022
NMB50,46.54,12.25,12.70,12.25,12.70,12.43,"19,308.00",12.25,"239,999.00",6,0.45,0.45,3.67,3.67,2.13,12.52,12.48,18.47,10.72,06_06_2022
NMB50,34.81,12.45,12.45,11.97,12.00,12.03,"19,610.00",12.70,"236,003.50",14,-0.7,0.48,-5.51,4.01,-0.29,12.52,12.46,18.47,10.72,06_07_2022
NMB50,24.2,12.10,12.29,12.00,12.29,12.08,"10,200.00",12.00,"123,249.00",11,0.29,0.29,2.42,2.42,1.68,12.53,12.44,18.47,10.72,06_08_2022
NMB50,25.72,12.50,12.94,12.50,12.94,12.69,"240,700.00",12.29,"3,054,349.00",13,0.65,0.44,5.29,3.52,1.94,12.54,12.42,18.47,10.72,06_09_2022
NMB50,49.98,12.69,12.88,12.69,12.88,12.69,"85,181.00",12.94,"1,081,184.89",5,-0.06,0.19,-0.46,1.5,1.45,12.54,12.41,18.47,10.72,06_10_2022
NMB50,37.46,12.69,12.88,12.69,12.88,12.69,"85,181.00",12.94,"1,081,184.89",5,-0.06,0.19,-0.46,1.5,1.45,12.54,12.41,18.47,10.72,06_11_2022
NMB50,37.46,12.69,12.88,12.69,12.88,12.69,"85,181.00",12.94,"1,081,184.89",5,-0.06,0.19,-0.46,1.5,1.45,12.54,12.41,18.47,10.72,06_12_2022
NMB50,37.18,12.63,12.63,12.20,12.20,12.23,"2,000.00",12.88,"24,461.00",4,-0.68,0.43,-5.28,3.52,-0.25,12.54,12.38,18.47,10.72,06_13_2022
NMB50,39.93,11.96,12.70,11.96,12.70,12.69,"301,100.00",12.20,"3,820,817.00",11,0.5,0.74,4.1,6.19,0.08,12.55,12.36,18.47,10.72,06_14_2022
NMB50,49.88,12.63,12.63,12.63,12.63,12.63,100.00,12.70,"1,263.00",1,-0.07,0.0,-0.55,0.0,0.0,12.56,12.35,18.47,10.72,06_16_2022
NMB50,25.99,12.70,12.70,12.60,12.60,12.66,"41,187.00",12.63,"521,626.20",43,-0.03,0.1,-0.24,0.79,-0.51,12.57,12.33,18.47,10.72,06_17_2022
NMB50,24.45,12.70,12.70,12.60,12.60,12.66,"41,187.00",12.63,"521,626.20",43,-0.03,0.1,-0.24,0.79,-0.51,12.57,12.33,18.47,10.72,06_18_2022
NMB50,23.95,12.60,12.60,12.35,12.55,12.56,"1,700.00",12.60,"21,345.00",3,-0.05,0.25,-0.4,2.02,-0.05,12.57,12.31,18.47,10.72,06_19_2022
NMB50,36.67,12.30,12.30,12.25,12.25,12.25,"2,100.00",12.55,"25,730.00",2,-0.3,0.05,-2.39,0.41,-0.02,12.58,12.31,18.47,10.72,06_20_2022
NMB50,20.05,12.01,12.01,11.36,12.00,11.73,"155,150.00",12.25,"1,819,953.50",32,-0.25,0.65,-2.04,5.72,2.25,12.58,12.31,18.47,10.72,06_21_2022
NMB50,27.26,11.76,11.76,11.53,11.60,11.64,"37,300.00",12.00,"434,152.00",13,-0.4,0.23,-3.33,1.99,-0.34,12.58,12.31,18.47,10.72,06_22_2022
NMB50,21.86,11.40,11.59,11.37,11.40,11.39,"17,950.00",11.60,"204,530.00",6,-0.2,0.22,-1.72,1.93,0.05,12.58,12.30,18.47,10.72,06_23_2022
NMB50,54.11,12.71,12.88,12.71,12.80,12.85,"18,600.00",12.75,"239,052.00",11,0.05,0.17,0.39,1.34,-0.41,12.66,12.34,18.47,10.72,07_05_2022
NMB50,25.84,12.65,13.00,12.65,13.00,12.86,"104,800.00",12.80,"1,348,115.00",20,0.2,0.35,1.56,2.77,1.05,12.67,12.35,18.47,10.72,07_06_2022
NMB50,37.01,12.74,12.85,12.74,12.80,12.81,"25,200.00",13.00,"322,734.00",9,-0.2,0.11,-1.54,0.86,-0.05,12.68,12.36,18.47,10.72,07_07_2022
NMB50,32.05,13.00,13.00,12.71,12.71,12.85,"28,300.00",12.80,"363,707.00",22,-0.09,0.29,-0.7,2.28,-1.12,12.69,12.36,18.47,10.72,07_08_2022
NMB50,28.05,13.00,13.00,12.71,12.71,12.85,"28,300.00",12.80,"363,707.00",22,-0.09,0.29,-0.7,2.28,-1.12,12.69,12.36,18.47,10.72,07_09_2022
NMB50,28.05,13.00,13.00,12.71,12.71,12.85,"28,300.00",12.80,"363,707.00",22,-0.09,0.29,-0.7,2.28,-1.12,12.69,12.36,18.47,10.72,07_10_2022
NMB50,25.83,12.71,12.71,12.40,12.50,12.53,"61,854.00",12.71,"775,153.34",23,-0.21,0.31,-1.65,2.5,-0.26,12.69,12.37,18.47,10.72,07_11_2022
NMB50,30.44,12.59,12.69,12.55,12.69,12.64,"26,423.00",12.50,"334,056.07",9,0.19,0.14,1.52,1.12,0.37,12.70,12.38,18.47,10.72,07_12_2022
NMB50,25.0,12.66,13.10,12.66,13.10,12.92,"45,500.00",12.69,"587,925.00",12,0.41,0.44,3.23,3.48,1.36,12.71,12.39,18.47,10.72,07_13_2022
NMB50,-,13.09,13.10,12.72,12.98,12.84,"33,335.00",13.10,"427,880.20",14,-0.12,0.38,-0.92,2.99,1.11,12.71,12.40,18.47,10.72,07_14_2022
NMB50,39.91,12.98,12.98,12.70,12.90,12.75,"29,130.00",12.98,"371,521.08",28,-0.08,0.28,-0.62,2.2,1.13,12.71,12.40,18.47,10.72,07_15_2022
NMB50,38.84,12.98,12.98,12.70,12.90,12.75,"29,130.00",12.98,"371,521.08",28,-0.08,0.28,-0.62,2.2,1.13,12.71,12.40,18.47,10.72,07_16_2022
NMB50,36.06,12.65,12.65,12.65,12.65,12.65,"2,000.00",12.90,"25,300.00",2,-0.25,0.0,-1.94,0.0,0.0,12.71,12.41,18.47,10.72,07_17_2022
NMB50,23.6,12.41,12.99,12.41,12.97,12.93,"17,300.00",12.65,"223,615.50",7,0.32,0.58,2.53,4.67,0.34,12.71,12.41,18.47,10.72,07_18_2022
NMB50,26.35,13.03,13.03,12.73,12.97,12.80,"32,330.00",12.97,"413,712.10",14,0.0,0.3,0.0,2.36,1.34,12.71,12.42,18.47,10.72,07_19_2022
NMB50,31.57,12.96,12.96,12.80,12.80,12.81,"21,274.00",12.97,"272,611.04",8,-0.17,0.16,-1.31,1.25,-0.11,12.71,12.43,18.47,10.72,07_20_2022
NMB50,31.03,12.70,12.95,12.56,12.56,12.66,"18,170.00",12.80,"230,057.70",14,-0.24,0.39,-1.88,3.11,-0.81,12.70,12.44,18.47,10.72,07_21_2022
NMB50,30.61,12.56,12.56,12.39,12.46,12.44,"8,830.00",12.56,"109,886.80",6,-0.1,0.17,-0.8,1.37,0.12,12.69,12.44,18.47,10.72,07_22_2022
NMB50,25.18,12.56,12.56,12.39,12.46,12.44,"8,830.00",12.56,"109,886.80",6,-0.1,0.17,-0.8,1.37,0.12,12.69,12.44,18.47,10.72,07_23_2022
NMB50,22.38,12.70,12.90,12.70,12.71,12.82,"4,100.00",12.46,"52,579.00",8,0.25,0.2,2.01,1.57,-0.9,12.69,12.45,18.14,10.72,07_24_2022
NMB50,22.97,12.67,12.96,12.67,12.71,12.73,"23,600.00",12.71,"300,367.00",18,0.0,0.29,0.0,2.29,-0.14,12.68,12.46,18.14,10.72,07_25_2022
NMB50,41.89,12.70,12.80,12.70,12.80,12.72,"6,000.00",12.71,"76,340.00",9,0.09,0.1,0.71,0.79,0.6,12.68,12.47,18.14,10.72,07_26_2022
NMB50,42.12,12.60,12.85,12.60,12.85,12.68,"18,640.00",12.80,"236,296.00",8,0.05,0.25,0.39,1.98,1.35,12.67,12.47,18.14,10.72,07_27_2022
NMB50,43.44,12.85,13.00,12.77,12.80,12.94,"124,100.00",12.85,"1,605,290.00",28,-0.05,0.23,-0.39,1.8,-1.06,12.67,12.48,18.14,10.72,07_28_2022
NMB50,53.81,12.75,12.75,12.57,12.58,12.69,"3,400.00",12.80,"43,162.00",5,-0.22,0.18,-1.72,1.43,-0.91,12.67,12.48,18.14,10.72,07_29_2022
NMB50,32.07,12.75,12.75,12.57,12.58,12.69,"3,400.00",12.80,"43,162.00",5,-0.22,0.18,-1.72,1.43,-0.91,12.67,12.48,18.14,10.72,07_30_2022
NMB50,29.64,12.46,13.05,12.46,13.05,12.81,"22,830.00",12.58,"292,513.50",7,0.47,0.59,3.74,4.74,1.82,12.67,12.49,18.14,10.72,07_31_2022
NMB50,49.06,12.80,13.05,12.80,12.80,12.90,"25,646.00",13.05,"330,805.30",6,-0.25,0.25,-1.92,1.95,-0.77,12.67,12.49,18.14,10.72,08_01_2022
NMB50,47.62,12.55,12.95,12.45,12.60,12.75,"6,239.00",12.80,"79,519.55",12,-0.2,0.5,-1.56,4.02,-1.16,12.67,12.49,17.79,10.72,08_02_2022
NMB50,35.1,12.85,13.10,12.65,13.05,13.01,"37,600.00",12.60,"489,066.00",15,0.45,0.45,3.57,3.56,0.33,12.67,12.50,17.42,10.72,08_03_2022
NMB50,55.8,13.00,13.00,12.57,12.64,12.81,"10,300.00",13.05,"131,901.00",12,-0.41,0.43,-3.14,3.42,-1.31,12.66,12.50,17.42,10.72,08_04_2022
NMB50,33.86,12.89,13.00,12.47,12.70,12.79,"134,990.00",12.64,"1,726,843.24",49,0.06,0.53,0.47,4.25,-0.73,12.65,12.50,17.42,10.72,08_05_2022
NMB50,49.32,12.89,13.00,12.47,12.70,12.79,"134,990.00",12.64,"1,726,843.24",49,0.06,0.53,0.47,4.25,-0.73,12.65,12.50,17.42,10.72,08_06_2022
NMB50,46.05,12.90,12.90,12.41,12.87,12.71,"133,557.00",12.70,"1,697,285.03",44,0.17,0.49,1.34,3.95,1.26,12.65,12.51,17.42,10.72,08_07_2022
NMB50,55.98,12.88,12.88,12.63,12.70,12.77,"22,514.00",12.87,"287,600.47",14,-0.17,0.25,-1.32,1.98,-0.58,12.64,12.51,17.42,10.72,08_08_2022
NMB50,35.16,12.70,12.70,12.44,12.70,12.48,"20,330.00",12.70,"253,699.05",14,0.0,0.26,0.0,2.09,1.74,12.64,12.52,17.42,10.72,08_09_2022
NMB50,49.92,12.80,12.80,12.51,12.68,12.62,"2,800.00",12.70,"35,327.00",7,-0.02,0.29,-0.16,2.32,0.5,12.63,12.52,17.42,10.72,08_10_2022
NMB50,41.8,12.87,12.87,12.61,12.61,12.71,"8,848.00",12.68,"112,466.00",8,-0.07,0.26,-0.55,2.06,-0.8,12.63,12.53,17.42,10.72,08_11_2022
NMB50,28.38,12.87,12.87,12.61,12.61,12.71,"8,848.00",12.68,"112,466.00",8,-0.07,0.26,-0.55,2.06,-0.8,12.63,12.53,17.42,10.72,08_12_2022
NMB50,28.38,12.87,12.87,12.61,12.61,12.71,"8,848.00",12.68,"112,466.00",8,-0.07,0.26,-0.55,2.06,-0.8,12.63,12.53,17.42,10.72,08_13_2022
NMB50,24.9,12.62,12.70,12.20,12.70,12.36,"57,381.00",12.61,"709,439.27",28,0.09,0.5,0.71,4.1,2.65,12.63,12.53,17.20,10.72,08_14_2022
NMB50,41.87,12.50,12.71,12.45,12.60,12.51,"117,002.00",12.70,"1,463,440.00",37,-0.1,0.26,-0.79,2.09,0.73,12.63,12.53,17.20,10.72,08_15_2022
NMB50,36.73,10.40,10.50,10.11,10.11,10.33,"37,940.00",10.49,"392,012.40",21,-0.38,0.39,-3.62,3.86,-2.2,12.60,12.52,16.95,10.11,08_16_2022
NMB50,29.26,10.11,10.12,9.92,10.11,10.09,"30,140.00",10.11,"303,964.40",21,0.0,0.2,0.0,2.02,0.25,12.58,12.51,16.90,9.92,08_17_2022
NMB50,27.24,10.00,10.15,9.97,10.00,10.07,"20,300.00",10.11,"204,455.00",14,-0.11,0.18,-1.09,1.81,-0.72,12.56,12.50,16.64,9.92,08_18_2022
NMB50,28.11,10.00,10.15,9.97,10.00,10.07,"20,300.00",10.11,"204,455.00",14,-0.11,0.18,-1.09,1.81,-0.72,12.56,12.50,16.64,9.92,08_19_2022
NMB50,28.11,10.00,10.15,9.97,10.00,10.07,"20,300.00",10.11,"204,455.00",14,-0.11,0.18,-1.09,1.81,-0.72,12.56,12.50,16.64,9.92,08_20_2022
NMB50,28.11,10.10,10.50,10.10,10.40,10.33,"25,415.00",10.00,"262,454.50",12,0.4,0.4,4.0,3.96,0.7,12.53,12.49,16.27,9.92,08_21_2022
NMB50,-,10.40,10.60,10.40,10.40,10.54,"11,525.00",10.40,"121,465.00",14,0.0,0.2,0.0,1.92,-1.34,12.51,12.48,16.27,9.92,08_22_2022
NMB50,40.95,10.50,10.65,10.44,10.44,10.52,"6,450.00",10.40,"67,847.80",8,0.04,0.21,0.38,2.01,-0.76,12.49,12.48,16.27,9.92,08_23_2022
NMB50,37.77,10.44,10.44,10.25,10.35,10.32,"8,600.00",10.44,"88,764.00",3,-0.09,0.19,-0.86,1.85,0.28,12.47,12.47,16.27,9.92,08_24_2022
NMB50,40.04,10.30,10.30,10.30,10.30,10.30,"1,790.00",10.35,"18,437.00",2,-0.05,0.0,-0.48,0.0,0.0,12.45,12.46,16.27,9.92,08_25_2022
NMB50,33.57,10.30,10.50,10.10,10.10,10.22,"10,622.00",10.30,"108,507.20",12,-0.2,0.4,-1.94,3.96,-1.14,12.43,12.45,16.27,9.92,08_26_2022
NMB50,37.33,10.30,10.50,10.10,10.10,10.22,"10,622.00",10.30,"108,507.20",12,-0.2,0.4,-1.94,3.96,-1.14,12.43,12.45,16.27,9.92,08_27_2022
NMB50,37.33,10.00,10.49,10.00,10.09,10.27,"69,364.00",10.10,"712,386.92",16,-0.01,0.49,-0.1,4.9,-1.79,12.42,12.44,16.27,9.92,08_28_2022
NMB50,38.18,10.29,10.29,10.10,10.10,10.14,"6,730.00",10.09,"68,258.70",8,0.01,0.19,0.1,1.88,-0.42,12.40,12.43,16.27,9.92,08_29_2022
NMB50,32.00,10.05,10.12,10.00,10.01,10.04,"15,100.00",10.10,"151,642.00",7,-0.09,0.12,-0.89,1.2,-0.32,12.38,12.42,16.06,9.92,08_30_2022
NMB50,33.85,10.07,10.21,9.97,9.97,10.05,"10,492.00",10.01,"105,482.44",12,-0.04,0.24,-0.4,2.41,-0.84,12.36,12.41,16.06,9.92,08_31_2022
NMB50,52.47,15.74,15.89,15.55,15.75,15.68,"187,430.00",15.74,"2,939,287.70",65,0.01,0.34,0.06,2.19,0.43,14.20,13.17,18.47,9.00,09_01_2021
NMB50,34.05,10.08,10.10,9.91,9.98,10.04,"20,230.00",9.97,"203,144.30",11,0.01,0.19,0.1,1.92,-0.62,12.34,12.40,16.06,9.91,09_01_2022
NMB50,36.66,10.00,10.00,9.81,9.85,9.91,"17,500.00",9.98,"173,356.00",7,-0.13,0.19,-1.3,1.94,-0.57,12.32,12.39,16.06,9.81,09_02_2022
NMB50,35.45,10.00,10.00,9.81,9.85,9.91,"17,500.00",9.98,"173,356.00",7,-0.13,0.19,-1.3,1.94,-0.57,12.32,12.39,16.06,9.81,09_03_2022
NMB50,34.95,9.90,9.90,9.86,9.89,9.88,"9,000.00",9.85,"88,900.00",4,0.04,0.04,0.41,0.41,0.12,12.30,12.38,13.68,9.81,09_04_2022
NMB50,33.57,10.08,10.08,9.88,9.90,9.92,"11,515.00",9.89,"114,191.20",9,0.01,0.2,0.1,2.02,-0.17,12.28,12.37,13.68,9.81,09_05_2022
NMB50,35.19,9.90,9.90,9.90,9.90,9.90,"2,900.00",9.90,"28,710.00",3,0.0,0.0,0.0,0.0,0.0,12.25,12.37,13.68,9.81,09_06_2022
NMB50,30.72,10.00,10.02,10.00,10.02,10.00,"2,200.00",9.90,"22,004.00",3,0.12,0.02,1.21,0.2,0.18,12.23,12.36,13.68,9.81,09_07_2022
NMB50,31.55,9.91,9.91,9.91,9.91,9.91,500.00,10.02,"4,955.00",1,-0.11,0.0,-1.1,0.0,0.0,12.20,12.35,13.68,9.81,09_08_2022
NMB50,30.21,9.91,9.91,9.91,9.91,9.91,500.00,10.02,"4,955.00",1,-0.11,0.0,-1.1,0.0,0.0,12.20,12.35,13.68,9.81,09_09_2022
NMB50,30.21,9.91,9.91,9.91,9.91,9.91,500.00,10.02,"4,955.00",1,-0.11,0.0,-1.1,0.0,0.0,12.20,12.35,13.68,9.81,09_10_2022
NMB50,29.58,9.92,9.92,9.72,9.72,9.82,"4,978.00",9.91,"48,875.76",10,-0.19,0.2,-1.92,2.06,-1.01,12.18,12.34,13.68,9.72,09_11_2022
NMB50,26.86,9.85,9.85,9.70,9.70,9.82,"2,300.00",9.72,"22,595.00",4,-0.02,0.15,-0.21,1.55,-1.28,12.15,12.33,13.68,9.70,09_13_2022
NMB50,25.38,9.89,9.90,9.85,9.85,9.85,"10,000.00",9.70,"98,529.00",8,0.15,0.05,1.55,0.51,-0.03,12.13,12.32,13.68,9.70,09_14_2022
NMB50,26.43,9.85,9.85,9.19,9.30,9.40,"53,320.00",9.85,"501,150.35",28,-0.55,0.66,-5.58,7.18,-1.06,12.10,12.31,13.68,9.19,09_15_2022
NMB50,33.12,9.30,9.30,8.94,8.94,9.08,"33,880.00",9.30,"307,778.00",14,-0.36,0.36,-3.87,4.03,-1.61,12.07,12.29,13.68,8.94,09_16_2022
NMB50,35.69,9.30,9.30,8.94,8.94,9.08,"33,880.00",9.30,"307,778.00",14,-0.36,0.36,-3.87,4.03,-1.61,12.07,12.29,13.68,8.94,09_17_2022
NMB50,33.76,9.11,9.11,8.77,8.79,8.82,"19,500.00",8.94,"172,036.50",16,-0.15,0.34,-1.68,3.88,-0.37,12.04,12.28,13.68,8.77,09_18_2022
NMB50,28.62,9.11,9.11,8.77,8.79,8.82,"19,500.00",8.94,"172,036.50",16,-0.15,0.34,-1.68,3.88,-0.37,12.04,12.28,13.68,8.77,09_19_2022
NMB50,29.0,8.96,9.13,8.96,9.13,8.99,"8,400.00",8.79,"75,480.00",7,0.34,0.17,3.87,1.9,1.58,12.01,12.26,13.68,8.77,09_20_2022
NMB50,26.93,8.97,9.31,8.97,9.30,9.27,"12,082.00",9.13,"112,022.52",10,0.17,0.34,1.86,3.79,0.3,11.99,12.25,13.68,8.77,09_21_2022
NMB50,40.06,9.12,9.30,9.12,9.15,9.14,"10,625.00",9.30,"97,087.50",3,-0.15,0.18,-1.61,1.97,0.14,11.96,12.24,13.68,8.77,09_22_2022
NMB50,60.3,12.04,12.10,11.98,12.04,12.02,"176,100.00",12.00,"2,116,266.00",24,0.04,0.12,0.33,1.0,0.19,14.03,13.44,18.47,9.45,11_03_2021
NMB50,62.3,12.04,12.10,11.98,12.04,12.02,"176,100.00",12.00,"2,116,266.00",24,0.04,0.12,0.33,1.0,0.19,14.03,13.44,18.47,9.45,11_05_2021
NMB50,62.3,12.04,12.10,11.98,12.04,12.02,"176,100.00",12.00,"2,116,266.00",24,0.04,0.12,0.33,1.0,0.19,14.03,13.44,18.47,9.45,11_06_2021
NMB50,62.3,12.04,12.10,11.98,12.04,12.02,"176,100.00",12.00,"2,116,266.00",24,0.04,0.12,0.33,1.0,0.19,14.03,13.44,18.47,9.45,11_07_2021
NMB50,63.08,12.27,12.27,12.10,12.10,12.15,"48,400.00",12.04,"588,267.00",15,0.06,0.17,0.5,1.4,-0.45,14.02,13.45,18.47,9.45,11_08_2021
NMB50,54.83,12.11,12.19,11.94,11.97,12.07,"142,800.00",12.10,"1,724,301.00",23,-0.13,0.25,-1.07,2.09,-0.88,14.02,13.45,18.47,9.51,11_09_2021
NMB50,54.26,12.11,12.19,11.94,11.97,12.07,"142,800.00",12.10,"1,724,301.00",23,-0.13,0.25,-1.07,2.09,-0.88,14.02,13.45,18.47,9.51,11_10_2021
NMB50,52.21,12.20,12.20,11.90,11.90,12.04,"20,800.00",11.97,"250,498.00",14,-0.07,0.3,-0.58,2.52,-1.2,14.02,13.45,18.47,9.62,11_11_2021
NMB50,43.41,12.20,12.20,11.90,11.90,12.04,"20,800.00",11.97,"250,498.00",14,-0.07,0.3,-0.58,2.52,-1.2,14.02,13.45,18.47,9.62,11_12_2021
NMB50,43.41,12.20,12.20,11.90,11.90,12.04,"20,800.00",11.97,"250,498.00",14,-0.07,0.3,-0.58,2.52,-1.2,14.02,13.45,18.47,9.62,11_13_2021
NMB50,41.36,12.10,12.10,11.73,11.98,11.78,"26,400.00",11.90,"310,982.13",14,0.08,0.37,0.67,3.15,1.67,14.01,13.46,18.47,9.75,11_14_2021
NMB50,41.01,11.98,12.10,11.76,11.76,11.94,"77,100.00",11.98,"920,686.00",23,-0.22,0.34,-1.84,2.89,-1.54,14.01,13.46,18.47,9.75,11_15_2021
NMB50,45.09,11.79,12.13,11.79,12.13,11.91,"2,200.00",11.76,"26,212.00",6,0.37,0.34,3.15,2.88,1.78,14.00,13.47,18.47,9.75,11_16_2021
NMB50,48.16,12.00,12.19,12.00,12.00,12.04,"40,100.00",12.13,"482,846.00",8,-0.13,0.19,-1.07,1.58,-0.34,14.00,13.47,18.47,9.75,11_17_2021
NMB50,49.83,11.94,11.95,11.80,11.95,11.84,"45,300.00",12.00,"536,475.00",14,-0.05,0.15,-0.42,1.27,0.9,13.99,13.47,18.47,9.75,11_18_2021
NMB50,46.68,11.94,11.95,11.80,11.95,11.84,"45,300.00",12.00,"536,475.00",14,-0.05,0.15,-0.42,1.27,0.9,13.99,13.47,18.47,9.75,11_19_2021
NMB50,46.68,11.94,11.95,11.80,11.95,11.84,"45,300.00",12.00,"536,475.00",14,-0.05,0.15,-0.42,1.27,0.9,13.99,13.47,18.47,9.75,11_20_2021
NMB50,41.98,12.00,12.05,11.85,11.99,11.93,"15,450.00",11.95,"184,317.50",9,0.04,0.2,0.33,1.69,0.5,13.98,13.47,18.47,9.82,11_21_2021
NMB50,45.29,11.79,11.99,11.79,11.99,11.84,"1,300.00",11.99,"15,397.00",4,0.0,0.2,0.0,1.7,1.22,13.97,13.47,18.47,9.82,11_22_2021
NMB50,34.13,11.80,11.85,11.80,11.83,11.80,"22,400.00",11.99,"264,428.00",6,-0.16,0.05,-1.33,0.42,0.21,13.96,13.47,18.47,9.82,11_23_2021
NMB50,38.83,11.70,12.04,11.64,12.04,11.81,"46,740.00",11.83,"551,836.13",18,0.21,0.4,1.78,3.44,1.94,13.96,13.47,18.47,9.82,11_24_2021
NMB50,50.54,11.81,12.10,11.81,12.09,12.04,"26,550.00",12.04,"319,640.50",9,0.05,0.29,0.42,2.46,0.42,13.95,13.46,18.47,9.82,11_25_2021
NMB50,54.17,11.81,12.10,11.81,12.09,12.04,"26,550.00",12.04,"319,640.50",9,0.05,0.29,0.42,2.46,0.42,13.95,13.46,18.47,9.82,11_26_2021
NMB50,54.17,11.81,12.10,11.81,12.09,12.04,"26,550.00",12.04,"319,640.50",9,0.05,0.29,0.42,2.46,0.42,13.95,13.46,18.47,9.82,11_27_2021
NMB50,51.27,12.00,12.00,11.85,11.85,11.88,"38,000.00",12.09,"451,580.00",12,-0.24,0.15,-1.99,1.27,-0.28,13.94,13.45,18.47,9.82,11_28_2021
NMB50,40.85,12.00,12.34,11.92,12.04,12.01,"577,490.00",11.85,"6,936,619.00",47,0.19,0.42,1.6,3.52,0.24,13.92,13.45,18.47,9.82,11_29_2021
NMB50,62.66,12.00,12.06,11.91,12.01,11.99,"188,491.00",12.04,"2,260,521.64",35,-0.03,0.15,-0.25,1.26,0.14,13.91,13.44,18.47,9.82,11_30_2021
NMB50,42.86,11.93,12.00,11.93,12.00,11.98,"23,050.00",12.01,"276,050.00",5,-0.01,0.07,-0.08,0.59,0.2,13.89,13.44,18.47,9.82,12_01_2021
NMB50,37.85,12.00,12.10,11.98,11.99,12.00,"548,000.00",12.00,"6,577,300.49",30,-0.01,0.12,-0.08,1.0,-0.1,13.87,13.43,18.47,9.82,12_02_2021
NMB50,60.96,12.00,12.10,11.98,11.99,12.00,"548,000.00",12.00,"6,577,300.49",30,-0.01,0.12,-0.08,1.0,-0.1,13.87,13.43,18.47,9.82,12_03_2021
NMB50,60.96,12.00,12.10,11.98,11.99,12.00,"548,000.00",12.00,"6,577,300.49",30,-0.01,0.12,-0.08,1.0,-0.1,13.87,13.43,18.47,9.82,12_04_2021
NMB50,60.06,11.85,11.85,11.55,11.75,11.65,"10,171.00",11.99,"118,511.58",9,-0.24,0.3,-2.0,2.6,0.83,13.85,13.43,18.47,9.82,12_05_2021
NMB50,33.21,11.52,11.75,11.20,11.52,11.43,"38,950.00",11.75,"445,267.00",15,-0.23,0.55,-1.96,4.91,0.77,13.83,13.42,18.47,9.82,12_06_2021
NMB50,35.49,11.52,11.82,11.32,11.80,11.66,"67,500.00",11.52,"787,186.00",14,0.28,0.50,2.43,4.42,1.17,13.81,13.42,18.47,9.86,12_07_2021
NMB50,38.85,8.76,8.76,8.55,8.55,8.64,"100,214.00",8.75,"866,040.70",18,-0.2,0.21,-2.29,2.46,-1.08,11.08,11.61,13.68,8.55,12_07_2022
NMB50,37.37,11.57,12.03,11.57,11.61,11.87,"21,220.00",11.80,"251,865.40",16,-0.19,0.46,-1.61,3.98,-2.23,13.79,13.41,18.47,9.86,12_08_2021
NMB50,32.8,11.41,11.50,11.41,11.50,11.46,200.00,11.61,"2,291.00",2,-0.11,0.09,-0.95,0.79,0.39,13.76,13.41,18.47,9.86,12_09_2021
NMB50,26.72,11.41,11.50,11.41,11.50,11.46,200.00,11.61,"2,291.00",2,-0.11,0.09,-0.95,0.79,0.39,13.76,13.41,18.47,9.86,12_10_2021
NMB50,26.72,11.41,11.50,11.41,11.50,11.46,200.00,11.61,"2,291.00",2,-0.11,0.09,-0.95,0.79,0.39,13.76,13.41,18.47,9.86,12_11_2021
NMB50,26.07,11.50,11.50,11.43,11.45,11.49,"26,900.00",11.50,"308,957.00",5,-0.05,0.07,-0.43,0.61,-0.31,13.73,13.41,18.47,9.86,12_12_2021
NMB50,37.2,11.45,11.45,11.10,11.38,11.26,"89,290.00",11.45,"1,005,281.80",28,-0.07,0.35,-0.61,3.15,1.07,13.70,13.40,18.47,9.86,12_13_2021
NMB50,32.52,11.38,11.40,11.16,11.40,11.28,"51,000.00",11.38,"575,134.00",7,0.02,0.24,0.18,2.15,1.08,13.67,13.40,18.47,9.86,12_14_2021
NMB50,41.21,11.62,12.08,11.50,11.50,11.75,"7,430.00",11.40,"87,298.00",13,0.1,0.58,0.88,5.04,-2.17,13.64,13.40,18.47,9.86,12_15_2021
NMB50,37.04,11.30,11.50,11.30,11.50,11.49,"2,000.00",11.50,"22,980.00",4,0.0,0.2,0.0,1.77,0.09,13.61,13.39,18.47,9.86,12_16_2021
NMB50,38.93,11.30,11.50,11.30,11.50,11.49,"2,000.00",11.50,"22,980.00",4,0.0,0.2,0.0,1.77,0.09,13.61,13.39,18.47,9.86,12_17_2021
NMB50,38.93,11.30,11.50,11.30,11.50,11.49,"2,000.00",11.50,"22,980.00",4,0.0,0.2,0.0,1.77,0.09,13.61,13.39,18.47,9.86,12_18_2021
NMB50,38.93,11.30,11.50,11.30,11.50,11.49,"2,000.00",11.50,"22,980.00",4,0.0,0.2,0.0,1.77,0.09,13.61,13.39,18.47,9.86,12_19_2021
NMB50,36.24,11.40,11.50,11.40,11.40,11.41,"9,650.00",11.50,"110,110.00",9,-0.1,0.1,-0.87,0.88,-0.09,13.58,13.39,18.47,9.86,12_20_2021
NMB50,36.43,11.30,11.50,11.30,11.50,11.49,"7,600.00",11.40,"87,329.00",5,0.1,0.20,0.88,1.77,0.08,13.55,13.39,18.47,9.86,12_21_2021
NMB50,43.49,11.51,11.79,11.51,11.79,11.62,"1,600.00",11.50,"18,596.00",6,0.29,0.28,2.52,2.43,1.42,13.53,13.39,18.47,9.86,12_22_2021
NMB50,42.25,12.02,12.02,11.58,11.58,11.78,"4,700.00",11.79,"55,373.00",10,-0.21,0.44,-1.78,3.8,-1.74,13.50,13.39,18.47,10.01,12_23_2021
NMB50,46.59,12.02,12.02,11.58,11.58,11.78,"4,700.00",11.79,"55,373.00",10,-0.21,0.44,-1.78,3.8,-1.74,13.50,13.39,18.47,10.01,12_24_2021
NMB50,46.59,12.02,12.02,11.58,11.58,11.78,"4,700.00",11.79,"55,373.00",10,-0.21,0.44,-1.78,3.8,-1.74,13.50,13.39,18.47,10.01,12_25_2021
NMB50,44.97,11.52,11.75,11.50,11.58,11.61,"34,220.00",11.58,"397,415.00",11,0.00,0.25,0.0,2.17,-0.29,13.47,13.38,18.47,10.01,12_26_2021
NMB50,50.25,11.60,11.60,11.34,11.43,11.44,"157,600.00",11.58,"1,802,530.00",35,-0.15,0.26,-1.3,2.29,-0.06,13.45,13.37,18.47,10.01,12_27_2021
NMB50,45.81,11.40,11.59,11.18,11.37,11.31,"89,399.00",11.43,"1,010,913.10",18,-0.06,0.41,-0.52,3.67,0.55,13.42,13.37,18.47,10.01,12_28_2021
NMB50,38.15,11.37,11.58,11.37,11.55,11.44,"11,221.00",11.37,"128,369.18",5,0.18,0.21,1.58,1.85,0.95,13.39,13.37,18.47,10.01,12_29_2021
NMB50,43.39,11.37,11.58,11.37,11.55,11.44,"11,221.00",11.37,"128,369.18",5,0.18,0.21,1.58,1.85,0.95,13.39,13.37,18.47,10.01,12_30_2021
NMB50,43.39,11.37,11.58,11.37,11.55,11.44,"11,221.00",11.37,"128,369.18",5,0.18,0.21,1.58,1.85,0.95,13.39,13.37,18.47,10.01,12_31_2021
