SBI,36.76,345.20,347.50,340.10,345.00,342.86,"20,738.00",345.10,"7,110,198.50",61,-0.1,7.40,-0.03,2.18,0.62,378.78,389.52,491.00,272.00,01_01_2022
SBI,38.3,348.00,351.00,345.00,350.00,347.21,"10,664.00",345.00,"3,702,635.00",52,5.00,6.00,1.45,1.74,0.8,378.26,389.18,491.00,272.00,01_02_2022
SBI,53.22,352.90,352.90,345.20,350.90,350.21,"5,247.00",350.00,"1,837,530.70",40,0.9,7.70,0.26,2.23,0.2,377.77,388.80,491.00,272.00,01_03_2022
SBI,53.25,347.10,385.90,347.00,385.00,372.08,"73,964.00",350.90,"27,520,401.30",377,34.1,38.90,9.72,11.21,3.36,377.54,388.59,491.00,272.00,01_04_2022
SBI,61.24,392.00,392.70,367.30,373.90,376.12,"34,112.00",385.00,"12,830,372.90",211,-11.1,25.4,-2.88,6.92,-0.6,377.22,388.37,491.00,272.00,01_05_2022
SBI,58.84,372.00,392.00,366.00,391.00,384.90,"58,906.00",373.90,"22,672,717.90",214,17.10,26.00,4.57,7.1,1.56,377.06,388.25,491.00,272.00,01_06_2022
SBI,62.68,372.00,392.00,366.00,391.00,384.90,"58,906.00",373.90,"22,672,717.90",214,17.10,26.00,4.57,7.1,1.56,377.06,388.25,491.00,272.00,01_07_2022
SBI,62.68,372.00,392.00,366.00,391.00,384.90,"58,906.00",373.90,"22,672,717.90",214,17.10,26.00,4.57,7.1,1.56,377.06,388.25,491.00,272.00,01_08_2022
SBI,63.15,395.00,398.00,385.00,392.00,390.42,"33,363.00",391.00,"13,025,581.90",193,1.0,13.00,0.26,3.38,0.4,376.92,388.14,491.00,272.00,01_09_2022
SBI,60.87,392.00,400.80,385.00,393.90,392.52,"91,973.00",392.00,"36,101,400.90",245,1.9,15.80,0.48,4.1,0.35,376.82,388.04,491.00,272.00,01_10_2022
SBI,58.75,387.00,392.50,386.00,386.00,388.78,"21,110.00",393.90,"8,207,158.80",122,-7.9,6.50,-2.01,1.68,-0.72,376.66,387.88,491.00,272.00,01_11_2022
SBI,56.22,386.00,393.00,380.00,383.00,385.90,"41,127.00",386.00,"15,870,876.00",132,-3.0,13.00,-0.78,3.42,-0.76,376.46,387.67,491.00,272.00,01_12_2022
SBI,47.76,385.00,385.50,377.00,383.90,380.80,"20,126.00",383.00,"7,663,987.50",104,0.9,8.5,0.23,2.25,0.81,376.22,387.40,491.00,272.00,01_13_2022
SBI,46.51,385.00,385.50,377.00,383.90,380.80,"20,126.00",383.00,"7,663,987.50",104,0.9,8.5,0.23,2.25,0.81,376.22,387.40,491.00,272.00,01_14_2022
SBI,46.51,385.00,385.50,377.00,383.90,380.80,"20,126.00",383.00,"7,663,987.50",104,0.9,8.5,0.23,2.25,0.81,376.22,387.40,491.00,272.00,01_15_2022
SBI,47.71,390.00,390.50,379.00,382.00,385.12,"23,332.00",383.90,"8,985,665.50",171,-1.9,11.5,-0.49,3.03,-0.82,376.00,387.18,470.00,272.00,01_16_2022
SBI,48.21,389.60,408.00,387.10,405.00,396.89,"164,720.00",382.00,"65,375,996.30",513,23.0,20.9,6.02,5.4,2.0,375.94,387.10,470.00,272.00,01_17_2022
SBI,65.14,411.90,418.00,405.00,418.00,411.11,"114,884.00",405.00,"47,230,156.90",396,13.0,13.0,3.21,3.21,1.65,376.01,387.11,468.00,272.00,01_18_2022
SBI,68.28,422.00,422.00,402.50,405.90,408.64,"40,717.00",418.00,"16,638,614.00",181,-12.1,19.5,-2.89,4.84,-0.68,375.99,387.08,468.00,272.00,01_19_2022
SBI,60.46,401.00,406.00,398.00,404.00,403.21,"41,592.00",405.90,"16,770,363.60",134,-1.9,8.0,-0.47,2.01,0.2,375.80,387.04,468.00,272.00,01_20_2022
SBI,60.94,401.00,406.00,398.00,404.00,403.21,"41,592.00",405.90,"16,770,363.60",134,-1.9,8.0,-0.47,2.01,0.2,375.80,387.04,468.00,272.00,01_21_2022
SBI,60.94,401.00,406.00,398.00,404.00,403.21,"41,592.00",405.90,"16,770,363.60",134,-1.9,8.0,-0.47,2.01,0.2,375.80,387.04,468.00,272.00,01_22_2022
SBI,62.77,400.00,411.80,400.00,408.00,407.95,"72,858.00",404.00,"29,722,632.70",226,4.0,11.80,0.99,2.95,0.01,375.64,387.06,468.00,272.00,01_23_2022
SBI,57.68,401.00,405.00,389.00,395.90,394.35,"102,382.00",408.00,"40,374,475.80",223,-12.1,16.0,-2.97,4.11,0.39,375.45,387.05,468.00,272.00,01_24_2022
SBI,54.49,390.00,395.90,385.00,395.90,393.30,"13,132.00",395.90,"5,164,817.50",73,0.0,10.90,0.0,2.83,0.66,375.21,387.01,468.00,272.00,01_25_2022
SBI,45.22,395.00,399.00,386.00,388.00,390.07,"24,181.00",395.90,"9,432,395.20",77,-7.9,13.0,-2.0,3.37,-0.53,374.77,386.97,468.00,272.00,01_26_2022
SBI,42.72,385.00,390.00,385.00,388.00,385.92,"16,629.00",388.00,"6,417,401.00",81,0.0,5.0,0.0,1.3,0.54,374.35,386.92,468.00,272.00,01_27_2022
SBI,41.03,385.00,390.00,385.00,388.00,385.92,"16,629.00",388.00,"6,417,401.00",81,0.0,5.0,0.0,1.3,0.54,374.35,386.92,468.00,272.00,01_28_2022
SBI,41.03,385.00,390.00,385.00,388.00,385.92,"16,629.00",388.00,"6,417,401.00",81,0.0,5.0,0.0,1.3,0.54,374.35,386.92,468.00,272.00,01_29_2022
SBI,42.23,395.00,402.00,388.10,398.90,394.07,"25,771.00",388.00,"10,155,546.40",104,10.9,13.9,2.81,3.58,1.21,374.00,386.92,465.00,272.00,01_30_2022
SBI,48.19,398.00,398.00,385.20,395.00,392.27,"16,218.00",398.90,"6,361,767.30",79,-3.9,12.8,-0.98,3.32,0.69,373.65,386.90,465.00,272.00,01_31_2022
SBI,47.7,389.00,400.80,385.00,397.50,393.82,"16,084.00",395.00,"6,334,221.00",96,2.5,15.8,0.63,4.1,0.93,373.38,386.90,465.00,272.00,02_01_2022
SBI,57.92,389.00,400.80,385.00,397.50,393.82,"16,084.00",395.00,"6,334,221.00",96,2.5,15.8,0.63,4.1,0.93,373.38,386.90,465.00,272.00,02_02_2022
SBI,57.85,400.00,401.00,391.00,398.00,396.68,"41,619.00",397.50,"16,509,480.90",133,0.5,10.0,0.13,2.56,0.33,373.13,386.92,465.00,272.00,02_03_2022
SBI,54.79,400.00,401.00,391.00,398.00,396.68,"41,619.00",397.50,"16,509,480.90",133,0.5,10.0,0.13,2.56,0.33,373.13,386.92,465.00,272.00,02_04_2022
SBI,54.79,400.00,401.00,391.00,398.00,396.68,"41,619.00",397.50,"16,509,480.90",133,0.5,10.0,0.13,2.56,0.33,373.13,386.92,465.00,272.00,02_05_2022
SBI,54.64,392.00,394.00,383.20,394.00,389.47,"10,655.00",398.00,"4,149,803.30",48,-4.00,10.8,-1.01,2.82,1.15,372.86,386.93,465.00,272.00,02_06_2022
SBI,38.58,390.10,393.00,386.50,388.00,389.49,"5,421.00",394.00,"2,111,435.30",46,-6.0,6.5,-1.52,1.68,-0.38,372.56,386.88,465.00,272.00,02_07_2022
SBI,35.87,395.70,403.00,385.00,386.90,387.80,"20,372.00",388.00,"7,900,275.20",119,-1.1,18.0,-0.28,4.68,-0.23,372.24,386.83,465.00,272.00,02_08_2022
SBI,41.66,386.00,388.00,382.20,383.60,384.18,"14,206.00",386.90,"5,457,697.80",94,-3.3,5.8,-0.85,1.52,-0.15,371.92,386.77,465.00,272.00,02_09_2022
SBI,41.55,383.00,387.00,377.00,384.00,380.04,"11,463.00",383.60,"4,356,367.00",75,0.4,10.0,0.1,2.65,1.03,371.58,386.70,465.00,272.00,02_10_2022
SBI,38.92,383.00,387.00,377.00,384.00,380.04,"11,463.00",383.60,"4,356,367.00",75,0.4,10.0,0.1,2.65,1.03,371.58,386.70,465.00,272.00,02_11_2022
SBI,38.92,383.00,387.00,377.00,384.00,380.04,"11,463.00",383.60,"4,356,367.00",75,0.4,10.0,0.1,2.65,1.03,371.58,386.70,465.00,272.00,02_12_2022
SBI,38.98,380.00,380.00,368.00,374.00,372.13,"5,889.00",373.00,"2,191,481.50",47,1.0,12.0,0.27,3.26,0.5,370.71,386.42,465.00,272.00,02_14_2022
SBI,29.72,371.10,380.40,367.00,372.00,373.15,"46,769.00",374.00,"17,451,657.00",67,-2.0,13.4,-0.53,3.65,-0.31,370.27,386.27,465.00,272.00,02_15_2022
SBI,47.61,379.00,386.90,373.00,380.00,378.81,"5,838.00",372.00,"2,211,498.00",55,8.0,13.9,2.15,3.73,0.31,369.88,386.16,465.00,272.00,02_16_2022
SBI,43.02,379.00,379.00,372.00,374.00,373.28,"4,677.00",380.00,"1,745,849.00",31,-6.0,7.0,-1.58,1.88,0.19,369.45,385.96,465.00,272.00,02_17_2022
SBI,44.24,379.00,379.00,372.00,374.00,373.28,"4,677.00",380.00,"1,745,849.00",31,-6.0,7.0,-1.58,1.88,0.19,369.45,385.96,465.00,272.00,02_18_2022
SBI,44.24,379.00,379.00,372.00,374.00,373.28,"4,677.00",380.00,"1,745,849.00",31,-6.0,7.0,-1.58,1.88,0.19,369.45,385.96,465.00,272.00,02_19_2022
SBI,43.81,369.90,370.00,360.00,366.90,363.92,"14,190.00",374.00,"5,163,967.20",88,-7.1,10.0,-1.9,2.78,0.81,369.09,385.70,463.00,272.00,02_20_2022
SBI,41.38,363.00,373.30,362.00,373.30,365.63,"10,271.00",366.90,"3,755,411.00",68,6.4,11.3,1.74,3.12,2.05,368.86,385.46,463.00,272.00,02_21_2022
SBI,46.43,377.90,378.00,364.00,368.00,366.66,"6,816.00",373.30,"2,499,146.50",60,-5.3,14.0,-1.42,3.85,0.36,368.57,385.16,463.00,272.00,02_22_2022
SBI,40.7,370.00,370.00,361.00,370.00,364.28,"4,929.00",368.00,"1,795,514.50",52,2.0,9.0,0.54,2.49,1.55,368.32,384.92,455.00,272.00,02_23_2022
SBI,41.5,362.60,362.60,356.00,360.00,358.01,"9,716.00",370.00,"3,478,430.00",63,-10.0,6.6,-2.7,1.85,0.55,368.00,384.64,455.00,272.00,02_24_2022
SBI,41.94,362.60,362.60,356.00,360.00,358.01,"9,716.00",370.00,"3,478,430.00",63,-10.0,6.6,-2.7,1.85,0.55,368.00,384.64,455.00,272.00,02_25_2022
SBI,41.94,362.60,362.60,356.00,360.00,358.01,"9,716.00",370.00,"3,478,430.00",63,-10.0,6.6,-2.7,1.85,0.55,368.00,384.64,455.00,272.00,02_26_2022
SBI,41.59,360.00,367.20,352.80,359.00,354.29,"10,963.00",360.00,"3,884,031.20",63,-1.0,14.40,-0.28,4.08,1.31,367.73,384.36,453.90,272.00,02_27_2022
SBI,38.76,357.00,358.00,350.10,354.00,353.17,"5,130.00",359.00,"1,811,759.00",60,-5.0,7.90,-1.39,2.26,0.23,367.40,384.06,453.90,272.00,02_28_2022
SBI,38.22,357.00,358.00,350.10,354.00,353.17,"5,130.00",359.00,"1,811,759.00",60,-5.0,7.90,-1.39,2.26,0.23,367.40,384.06,453.90,272.00,03_01_2022
SBI,38.05,352.00,354.00,348.00,353.00,350.10,"7,801.00",354.00,"2,731,163.40",56,-1.0,6.00,-0.28,1.72,0.82,367.09,383.76,453.90,272.00,03_02_2022
SBI,37.94,352.00,354.00,348.00,353.00,350.10,"7,801.00",354.00,"2,731,163.40",56,-1.0,6.00,-0.28,1.72,0.82,367.09,383.76,453.90,272.00,03_03_2022
SBI,37.94,352.00,354.00,348.00,353.00,350.10,"7,801.00",354.00,"2,731,163.40",56,-1.0,6.00,-0.28,1.72,0.82,367.09,383.76,453.90,272.00,03_04_2022
SBI,37.94,352.00,354.00,348.00,353.00,350.10,"7,801.00",354.00,"2,731,163.40",56,-1.0,6.00,-0.28,1.72,0.82,367.09,383.76,453.90,272.00,03_05_2022
SBI,35.31,350.00,353.00,346.10,352.00,349.47,"4,132.00",353.00,"1,443,994.10",52,-1.0,6.9,-0.28,1.99,0.72,366.81,383.45,453.90,272.00,03_06_2022
SBI,38.52,355.10,355.10,348.00,348.90,348.78,"6,704.00",352.00,"2,338,228.00",58,-3.1,7.1,-0.88,2.04,0.03,366.52,383.07,453.90,272.00,03_07_2022
SBI,38.25,355.10,355.10,348.00,348.90,348.78,"6,704.00",352.00,"2,338,228.00",58,-3.1,7.1,-0.88,2.04,0.03,366.52,383.07,453.90,272.00,03_08_2022
SBI,37.8,345.00,348.00,340.00,342.00,342.98,"4,569.00",348.90,"1,567,053.00",55,-6.9,8.0,-1.98,2.35,-0.29,366.16,382.59,453.90,272.00,03_09_2022
SBI,35.84,340.00,350.00,340.00,350.00,345.32,"11,456.00",342.00,"3,955,930.20",51,8.0,10.0,2.34,2.94,1.34,365.87,382.19,453.90,272.00,03_10_2022
SBI,43.61,340.00,350.00,340.00,350.00,345.32,"11,456.00",342.00,"3,955,930.20",51,8.0,10.0,2.34,2.94,1.34,365.87,382.19,453.90,272.00,03_11_2022
SBI,43.61,340.00,350.00,340.00,350.00,345.32,"11,456.00",342.00,"3,955,930.20",51,8.0,10.0,2.34,2.94,1.34,365.87,382.19,453.90,272.00,03_12_2022
SBI,45.56,346.00,358.50,345.00,358.00,353.25,"4,992.00",350.00,"1,763,404.00",50,8.00,13.50,2.29,3.91,1.33,365.61,381.82,453.90,272.00,03_13_2022
SBI,47.61,354.00,358.10,351.20,358.10,354.85,"5,001.00",358.00,"1,774,599.90",15,0.1,6.9,0.03,1.96,0.91,365.39,381.47,453.90,272.00,03_14_2022
SBI,50.32,365.00,365.00,355.00,357.50,356.28,"15,839.00",358.10,"5,643,058.50",51,-0.6,10.0,-0.17,2.82,0.34,365.19,381.15,453.90,272.00,03_15_2022
SBI,53.16,353.50,360.00,353.00,360.00,354.22,"8,434.00",357.50,"2,987,458.30",39,2.5,7.0,0.7,1.98,1.61,364.99,380.84,453.90,272.00,03_16_2022
SBI,50.26,353.50,360.00,353.00,360.00,354.22,"8,434.00",357.50,"2,987,458.30",39,2.5,7.0,0.7,1.98,1.61,364.99,380.84,453.90,272.00,03_17_2022
SBI,50.26,353.50,360.00,353.00,360.00,354.22,"8,434.00",357.50,"2,987,458.30",39,2.5,7.0,0.7,1.98,1.61,364.99,380.84,453.90,272.00,03_18_2022
SBI,50.26,353.50,360.00,353.00,360.00,354.22,"8,434.00",357.50,"2,987,458.30",39,2.5,7.0,0.7,1.98,1.61,364.99,380.84,453.90,272.00,03_19_2022
SBI,52.53,359.00,359.00,352.00,356.00,354.35,"3,486.00",360.00,"1,235,277.30",39,-4.0,7.0,-1.11,1.99,0.46,364.78,380.42,453.90,272.00,03_20_2022
SBI,43.5,355.00,364.10,350.10,364.10,356.53,"14,567.00",356.00,"5,193,622.50",61,8.10,14.0,2.28,4.0,2.08,364.64,380.07,453.90,272.00,03_21_2022
SBI,59.0,365.00,365.00,356.10,364.00,359.68,"5,222.00",364.10,"1,878,231.10",51,-0.1,8.9,-0.03,2.5,1.19,364.48,379.69,453.90,272.00,03_22_2022
SBI,53.76,362.00,362.00,352.00,355.00,354.60,"23,031.00",364.00,"8,166,832.80",90,-9.0,10.0,-2.47,2.84,0.11,364.27,379.32,453.90,272.00,03_23_2022
SBI,50.24,355.00,355.00,351.10,351.20,353.12,"6,093.00",355.00,"2,151,550.40",44,-3.8,3.9,-1.07,1.11,-0.55,364.09,378.97,453.90,272.00,03_24_2022
SBI,50.24,355.00,355.00,351.10,351.20,353.12,"6,093.00",355.00,"2,151,550.40",44,-3.8,3.9,-1.07,1.11,-0.55,364.09,378.97,453.90,272.00,03_24_2022
SBI,50.24,355.00,355.00,351.10,351.20,353.12,"6,093.00",355.00,"2,151,550.40",44,-3.8,3.9,-1.07,1.11,-0.55,364.09,378.97,453.90,272.00,03_24_2022
SBI,50.24,355.00,355.00,351.10,351.20,353.12,"6,093.00",355.00,"2,151,550.40",44,-3.8,3.9,-1.07,1.11,-0.55,364.09,378.97,453.90,272.00,03_24_2022
SBI,42.01,355.00,355.00,351.10,351.20,353.12,"6,093.00",355.00,"2,151,550.40",44,-3.8,3.9,-1.07,1.11,-0.55,364.09,378.97,453.90,272.00,03_25_2022
SBI,42.01,355.00,355.00,351.10,351.20,353.12,"6,093.00",355.00,"2,151,550.40",44,-3.8,3.9,-1.07,1.11,-0.55,364.09,378.97,453.90,272.00,03_26_2022
SBI,41.36,347.10,354.50,347.10,348.00,349.44,"20,604.00",351.20,"7,199,819.50",91,-3.2,7.40,-0.91,2.13,-0.41,363.99,378.64,453.90,272.00,03_27_2022
SBI,42.22,350.00,350.00,342.00,347.00,345.19,"4,282.00",348.00,"1,478,100.20",61,-1.0,8.0,-0.29,2.34,0.52,363.88,378.25,453.90,272.00,03_28_2022
SBI,34.97,347.00,347.40,343.00,345.90,344.31,"3,806.00",347.00,"1,310,430.60",47,-1.1,4.4,-0.32,1.28,0.46,363.68,377.89,453.90,272.00,03_29_2022
SBI,40.21,342.00,347.00,340.50,346.00,343.38,"7,493.00",345.90,"2,572,935.70",78,0.1,6.5,0.03,1.91,0.76,363.43,377.53,453.90,272.00,03_30_2022
SBI,41.73,348.00,348.00,340.10,341.00,341.99,"16,233.00",346.00,"5,551,561.10",78,-5.0,7.9,-1.45,2.32,-0.29,363.18,377.12,453.90,272.00,03_31_2022
SBI,44.76,348.00,348.00,340.10,341.00,341.99,"16,233.00",346.00,"5,551,561.10",78,-5.0,7.9,-1.45,2.32,-0.29,363.18,377.12,453.90,272.00,04_01_2022
SBI,44.76,348.00,348.00,340.10,341.00,341.99,"16,233.00",346.00,"5,551,561.10",78,-5.0,7.9,-1.45,2.32,-0.29,363.18,377.12,453.90,272.00,04_02_2022
SBI,43.06,341.00,343.00,337.10,342.90,339.22,"3,883.00",341.00,"1,317,206.80",61,1.9,5.9,0.56,1.75,1.07,363.00,376.73,453.90,272.00,04_03_2022
SBI,36.02,338.00,343.00,337.30,343.00,339.41,"4,491.00",342.90,"1,524,290.90",41,0.1,5.7,0.03,1.69,1.05,362.87,376.36,453.90,272.00,04_04_2022
SBI,38.42,337.00,343.70,335.00,340.00,336.94,"13,135.00",343.00,"4,425,759.10",91,-3.0,8.70,-0.87,2.6,0.9,362.73,375.96,453.90,272.00,04_05_2022
SBI,38.42,340.00,343.00,335.00,340.00,338.56,"26,992.00",340.00,"9,138,338.80",97,0.0,8.0,0.0,2.39,0.42,362.59,375.56,453.90,272.00,04_06_2022
SBI,47.69,341.00,343.00,337.00,341.50,339.81,"15,596.00",340.00,"5,299,684.00",89,1.5,6.0,0.44,1.78,0.49,362.50,375.18,453.90,272.00,04_07_2022
SBI,36.47,341.00,343.00,337.00,341.50,339.81,"15,596.00",340.00,"5,299,684.00",89,1.5,6.0,0.44,1.78,0.49,362.50,375.18,453.90,272.00,04_08_2022
SBI,36.47,341.00,343.00,337.00,341.50,339.81,"15,596.00",340.00,"5,299,684.00",89,1.5,6.0,0.44,1.78,0.49,362.50,375.18,453.90,272.00,04_09_2022
SBI,36.47,341.00,343.00,337.00,341.50,339.81,"15,596.00",340.00,"5,299,684.00",89,1.5,6.0,0.44,1.78,0.49,362.50,375.18,453.90,272.00,04_10_2022
SBI,36.14,342.00,348.00,332.00,339.90,336.50,"13,494.00",341.50,"4,540,745.30",89,-1.6,16.0,-0.47,4.82,1.0,362.42,374.80,453.90,272.00,04_11_2022
SBI,40.46,335.00,336.00,329.00,330.10,331.09,"14,978.00",339.90,"4,959,083.20",102,-9.8,7.0,-2.88,2.13,-0.3,362.24,374.38,453.90,272.00,04_12_2022
SBI,38.81,335.00,348.00,326.50,348.00,334.76,"13,794.00",330.10,"4,617,678.10",82,17.90,21.5,5.42,6.58,3.8,362.18,374.06,453.90,272.00,04_13_2022
SBI,48.78,335.00,348.00,326.50,348.00,334.76,"13,794.00",330.10,"4,617,678.10",82,17.90,21.5,5.42,6.58,3.8,362.18,374.06,453.90,272.00,04_14_2022
SBI,48.78,335.00,348.00,326.50,348.00,334.76,"13,794.00",330.10,"4,617,678.10",82,17.90,21.5,5.42,6.58,3.8,362.18,374.06,453.90,272.00,04_15_2022
SBI,48.78,335.00,348.00,326.50,348.00,334.76,"13,794.00",330.10,"4,617,678.10",82,17.90,21.5,5.42,6.58,3.8,362.18,374.06,453.90,272.00,04_16_2022
SBI,51.36,354.90,354.90,332.00,337.00,335.37,"2,305.00",348.00,"773,019.00",45,-11.00,22.9,-3.16,6.9,0.48,362.05,373.67,453.90,272.00,04_17_2022
SBI,35.89,331.00,336.00,324.00,330.00,326.63,"8,304.00",337.00,"2,712,323.40",48,-7.0,12.00,-2.08,3.7,1.02,361.83,373.21,453.90,272.00,04_18_2022
SBI,34.66,330.00,336.00,324.10,330.00,325.44,"17,107.00",330.00,"5,567,274.60",60,0.0,11.9,0.0,3.67,1.38,361.60,372.77,453.90,272.00,04_19_2022
SBI,44.6,323.80,335.00,323.60,324.00,325.55,"11,890.00",330.00,"3,870,845.50",63,-6.0,11.4,-1.82,3.52,-0.48,361.39,372.28,453.90,272.00,04_20_2022
SBI,30.94,330.40,330.40,320.00,330.00,326.00,"24,466.00",324.00,"7,975,976.20",95,6.0,10.40,1.85,3.25,1.21,361.30,371.84,453.90,272.00,04_21_2022
SBI,41.49,330.40,330.40,320.00,330.00,326.00,"24,466.00",324.00,"7,975,976.20",95,6.0,10.40,1.85,3.25,1.21,361.30,371.84,453.90,272.00,04_22_2022
SBI,41.49,330.40,330.40,320.00,330.00,326.00,"24,466.00",324.00,"7,975,976.20",95,6.0,10.40,1.85,3.25,1.21,361.30,371.84,453.90,272.00,04_23_2022
SBI,42.02,336.00,345.00,330.00,344.00,339.23,"15,928.00",330.00,"5,403,322.30",69,14.00,15.00,4.24,4.55,1.39,361.28,371.48,453.90,272.00,04_24_2022
SBI,47.64,341.00,342.10,331.40,338.50,337.31,"6,888.00",344.00,"2,323,423.60",58,-5.5,10.7,-1.6,3.23,0.35,361.21,370.99,453.90,272.00,04_25_2022
SBI,44.81,332.30,342.00,332.30,339.00,339.76,"10,208.00",338.50,"3,468,269.80",51,0.5,9.7,0.15,2.92,-0.22,361.16,370.50,453.90,272.00,04_26_2022
SBI,46.28,335.00,335.00,325.00,335.00,329.46,"3,464.00",339.00,"1,141,262.60",41,-4.0,10.0,-1.18,3.08,1.65,361.03,370.03,453.90,272.00,04_27_2022
SBI,41.94,339.00,339.00,330.00,335.00,332.45,"5,468.00",335.00,"1,817,825.70",48,0.0,9.0,0.0,2.73,0.76,360.91,369.54,453.90,272.00,04_28_2022
SBI,25.18,339.00,339.00,330.00,335.00,332.45,"5,468.00",335.00,"1,817,825.70",48,0.0,9.0,0.0,2.73,0.76,360.91,369.54,453.90,272.00,04_29_2022
SBI,25.18,339.00,339.00,330.00,335.00,332.45,"5,468.00",335.00,"1,817,825.70",48,0.0,9.0,0.0,2.73,0.76,360.91,369.54,453.90,272.00,04_30_2022
SBI,25.18,339.00,339.00,330.00,335.00,332.45,"5,468.00",335.00,"1,817,825.70",48,0.0,9.0,0.0,2.73,0.76,360.91,369.54,453.90,272.00,05_01_2022
SBI,26.58,331.00,331.00,327.00,330.00,328.92,"4,761.00",335.00,"1,565,995.50",43,-5.0,4.0,-1.49,1.22,0.33,360.74,368.92,453.90,272.00,05_02_2022
SBI,29.58,331.00,331.00,327.00,330.00,328.92,"4,761.00",335.00,"1,565,995.50",43,-5.0,4.0,-1.49,1.22,0.33,360.74,368.92,453.90,272.00,05_03_2022
SBI,28.67,323.60,327.00,323.50,324.00,324.36,"5,475.00",330.00,"1,775,849.50",39,-6.0,3.5,-1.82,1.08,-0.11,360.55,368.29,453.90,272.00,05_04_2022
SBI,25.56,325.00,325.00,319.20,324.00,321.17,"7,541.00",324.00,"2,421,928.00",63,0.0,5.8,0.0,1.82,0.87,360.33,367.64,453.90,272.00,05_05_2022
SBI,29.35,325.00,325.00,319.20,324.00,321.17,"7,541.00",324.00,"2,421,928.00",63,0.0,5.8,0.0,1.82,0.87,360.33,367.64,453.90,272.00,05_06_2022
SBI,29.35,325.00,325.00,319.20,324.00,321.17,"7,541.00",324.00,"2,421,928.00",63,0.0,5.8,0.0,1.82,0.87,360.33,367.64,453.90,272.00,05_07_2022
SBI,29.35,317.60,322.70,317.00,322.00,318.67,"8,267.00",324.00,"2,634,463.70",52,-2.0,5.70,-0.62,1.8,1.03,360.06,367.00,453.90,317.00,05_08_2022
SBI,30.09,328.40,328.40,321.00,322.00,323.33,"5,040.00",322.00,"1,629,573.60",40,0.0,7.4,0.0,2.31,-0.41,359.80,366.40,453.90,317.00,05_09_2022
SBI,29.54,322.00,326.00,319.40,325.00,322.85,"3,694.00",322.00,"1,192,614.40",53,3.0,6.6,0.93,2.07,0.66,359.54,365.83,453.90,317.00,05_10_2022
SBI,37.68,329.00,329.00,323.50,327.90,326.31,"3,206.00",325.00,"1,046,146.10",35,2.9,5.5,0.89,1.7,0.49,359.28,365.28,453.90,317.00,05_11_2022
SBI,42.27,322.50,332.00,322.00,329.00,328.23,"7,724.00",327.90,"2,535,248.50",45,1.1,10.0,0.34,3.11,0.23,359.03,364.75,453.90,317.00,05_12_2022
SBI,46.19,322.50,332.00,322.00,329.00,328.23,"7,724.00",327.90,"2,535,248.50",45,1.1,10.0,0.34,3.11,0.23,359.03,364.75,453.90,317.00,05_13_2022
SBI,46.19,322.50,332.00,322.00,329.00,328.23,"7,724.00",327.90,"2,535,248.50",45,1.1,10.0,0.34,3.11,0.23,359.03,364.75,453.90,317.00,05_14_2022
SBI,46.19,322.50,332.00,322.00,329.00,328.23,"7,724.00",327.90,"2,535,248.50",45,1.1,10.0,0.34,3.11,0.23,359.03,364.75,453.90,317.00,05_15_2022
SBI,46.19,322.50,332.00,322.00,329.00,328.23,"7,724.00",327.90,"2,535,248.50",45,1.1,10.0,0.34,3.11,0.23,359.03,364.75,453.90,317.00,05_16_2022
SBI,47.54,329.00,329.00,317.00,325.00,318.97,"5,969.00",329.00,"1,903,939.00",36,-4.00,12.0,-1.22,3.79,1.86,358.84,364.19,453.90,317.00,05_17_2022
SBI,46.6,319.30,326.00,318.00,325.90,319.09,"10,946.00",325.00,"3,492,732.30",52,0.9,8.0,0.28,2.52,2.09,358.62,363.66,453.90,317.00,05_18_2022
SBI,46.14,319.50,324.00,318.00,321.00,319.45,"8,695.00",325.90,"2,777,642.10",45,-4.9,6.0,-1.5,1.89,0.48,358.35,363.08,453.90,317.00,05_19_2022
SBI,36.21,321.00,321.00,314.80,320.00,317.81,865.00,321.00,"274,904.50",22,-1.0,6.2,-0.31,1.97,0.68,358.01,362.52,453.90,314.80,05_20_2022
SBI,24.43,321.00,321.00,314.80,320.00,317.81,865.00,321.00,"274,904.50",22,-1.0,6.2,-0.31,1.97,0.68,358.01,362.52,453.90,314.80,05_21_2022
SBI,24.43,321.00,321.00,314.80,320.00,317.81,865.00,321.00,"274,904.50",22,-1.0,6.2,-0.31,1.97,0.68,358.01,362.52,453.90,314.80,05_22_2022
SBI,24.18,314.10,320.20,310.00,312.00,313.93,"7,201.00",320.00,"2,260,597.20",44,-8.0,10.2,-2.5,3.29,-0.62,357.65,361.87,453.90,310.00,05_23_2022
SBI,29.47,312.00,315.00,308.00,315.00,309.87,"10,067.00",312.00,"3,119,503.40",41,3.0,7.00,0.96,2.27,1.63,357.32,361.26,453.90,308.00,05_24_2022
SBI,31.97,315.00,316.80,311.00,316.80,314.58,"8,050.00",315.00,"2,532,399.80",19,1.8,5.8,0.57,1.86,0.7,357.03,360.64,453.90,308.00,05_25_2022
SBI,37.07,319.00,320.00,313.00,320.00,316.07,"3,527.00",316.80,"1,114,766.40",38,3.2,7.0,1.01,2.24,1.23,356.73,360.06,453.90,308.00,05_26_2022
SBI,38.69,322.00,322.00,314.00,319.80,316.07,"6,752.00",320.00,"2,134,103.40",45,-0.2,8.0,-0.06,2.55,1.17,356.45,359.56,453.90,308.00,05_27_2022
SBI,45.73,322.00,322.00,314.00,319.80,316.07,"6,752.00",320.00,"2,134,103.40",45,-0.2,8.0,-0.06,2.55,1.17,356.45,359.56,453.90,308.00,05_28_2022
SBI,45.73,322.00,322.00,314.00,319.80,316.07,"6,752.00",320.00,"2,134,103.40",45,-0.2,8.0,-0.06,2.55,1.17,356.45,359.56,453.90,308.00,05_29_2022
SBI,45.21,315.00,315.00,300.00,310.00,304.92,"28,192.00",319.80,"8,596,324.30",133,-9.8,15.0,-3.06,5.0,1.64,356.15,359.05,453.90,300.00,05_30_2022
SBI,42.33,304.00,308.00,300.00,307.00,302.49,"5,108.00",310.00,"1,545,137.30",54,-3.0,8.0,-0.97,2.67,1.47,355.80,358.52,453.90,300.00,05_31_2022
SBI,34.33,305.00,305.00,299.00,303.00,301.14,"8,163.00",307.00,"2,458,171.80",54,-4.0,6.0,-1.3,2.01,0.62,355.32,357.98,453.90,299.00,06_01_2022
SBI,33.65,302.00,302.00,299.00,299.80,300.15,"5,191.00",303.00,"1,558,078.30",46,-3.2,3.0,-1.06,1.0,-0.12,354.87,357.43,453.90,299.00,06_02_2022
SBI,29.58,305.70,305.70,294.00,296.90,298.92,"33,389.00",299.80,"9,980,512.00",67,-2.9,11.7,-0.97,3.98,-0.68,354.41,356.90,453.90,294.00,06_03_2022
SBI,38.03,305.70,305.70,294.00,296.90,298.92,"33,389.00",299.80,"9,980,512.00",67,-2.9,11.7,-0.97,3.98,-0.68,354.41,356.90,453.90,294.00,06_04_2022
SBI,38.03,305.70,305.70,294.00,296.90,298.92,"33,389.00",299.80,"9,980,512.00",67,-2.9,11.7,-0.97,3.98,-0.68,354.41,356.90,453.90,294.00,06_05_2022
SBI,37.6,299.00,299.00,292.00,295.90,295.16,"5,214.00",296.90,"1,538,938.40",52,-1.0,7.0,-0.34,2.4,0.25,353.92,356.36,453.90,292.00,06_06_2022
SBI,32.29,295.00,295.00,288.30,293.70,291.40,"8,774.00",295.90,"2,556,713.40",66,-2.2,6.7,-0.74,2.32,0.78,353.36,355.83,453.90,288.30,06_07_2022
SBI,34.52,299.00,299.00,287.20,297.00,291.60,"11,363.00",293.70,"3,313,396.10",121,3.3,11.80,1.12,4.11,1.82,352.90,355.34,453.90,287.20,06_08_2022
SBI,41.93,302.90,307.00,292.00,296.00,295.34,"7,470.00",297.00,"2,206,196.70",68,-1.0,15.0,-0.34,5.14,0.22,352.48,354.85,453.90,287.20,06_09_2022
SBI,41.11,301.90,301.90,288.20,296.00,292.48,"3,341.00",296.00,"977,189.10",60,0.0,13.7,0.0,4.75,1.19,352.04,354.35,453.90,287.20,06_10_2022
SBI,36.11,301.90,301.90,288.20,296.00,292.48,"3,341.00",296.00,"977,189.10",60,0.0,13.7,0.0,4.75,1.19,352.04,354.35,453.90,287.20,06_11_2022
SBI,36.11,301.90,301.90,288.20,296.00,292.48,"3,341.00",296.00,"977,189.10",60,0.0,13.7,0.0,4.75,1.19,352.04,354.35,453.90,287.20,06_12_2022
SBI,35.84,301.90,301.90,290.20,296.00,292.62,"2,061.00",296.00,"603,080.00",38,0.0,11.7,0.0,4.03,1.14,351.56,353.86,453.90,287.20,06_13_2022
SBI,36.7,301.80,301.80,290.60,294.00,293.25,"1,557.00",296.00,"456,596.90",35,-2.0,11.2,-0.68,3.85,0.25,351.00,353.33,453.90,287.20,06_14_2022
SBI,30.1,299.80,299.80,284.20,285.00,287.67,"9,156.00",294.00,"2,633,866.30",104,-9.0,15.60,-3.06,5.49,-0.94,350.43,352.78,453.90,284.20,06_15_2022
SBI,35.41,282.00,290.90,282.00,289.00,287.28,"7,833.00",285.00,"2,250,248.30",49,4.0,8.9,1.4,3.16,0.6,349.91,352.26,453.90,282.00,06_16_2022
SBI,37.6,294.70,294.70,287.00,293.00,287.10,"35,607.00",289.00,"10,222,931.30",35,4.0,7.7,1.38,2.68,2.01,349.40,351.76,453.90,282.00,06_17_2022
SBI,40.95,294.70,294.70,287.00,293.00,287.10,"35,607.00",289.00,"10,222,931.30",35,4.0,7.7,1.38,2.68,2.01,349.40,351.76,453.90,282.00,06_18_2022
SBI,40.45,288.00,288.00,282.10,284.00,284.60,"11,046.00",293.00,"3,143,720.20",83,-9.0,5.90,-3.07,2.09,-0.21,348.81,351.22,453.90,282.00,06_19_2022
SBI,32.61,287.00,287.00,274.60,274.60,279.41,"10,214.00",284.00,"2,853,936.40",98,-9.4,12.40,-3.31,4.52,-1.75,348.16,350.63,453.90,274.60,06_20_2022
SBI,34.15,272.20,284.50,272.10,277.00,276.31,"4,569.00",274.60,"1,262,461.60",60,2.4,12.40,0.87,4.56,0.25,347.55,350.04,453.90,272.10,06_21_2022
SBI,32.35,282.50,288.00,273.00,273.00,275.13,"2,757.00",277.00,"758,527.00",49,-4.0,15.0,-1.44,5.49,-0.78,346.85,349.45,453.90,272.10,06_22_2022
SBI,26.98,278.40,283.90,269.00,273.00,271.88,"4,417.00",273.00,"1,200,916.00",70,0.0,14.9,0.0,5.54,0.41,346.19,348.89,453.90,269.00,06_23_2022
SBI,55.66,303.70,303.70,289.00,289.00,291.91,"24,701.00",297.80,"7,210,511.20",73,-8.8,14.7,-2.96,5.09,-1.01,340.61,344.94,453.90,263.00,07_05_2022
SBI,32.65,292.00,292.00,284.20,285.00,286.97,"6,433.00",289.00,"1,846,093.30",73,-4.0,7.8,-1.38,2.74,-0.69,339.72,344.58,453.90,263.00,07_06_2022
SBI,30.29,290.70,290.70,279.30,280.00,281.92,"9,754.00",285.00,"2,749,891.30",76,-5.0,11.4,-1.75,4.08,-0.69,338.77,344.17,453.90,263.00,07_07_2022
SBI,32.4,280.00,285.00,265.70,279.00,269.01,"44,848.00",280.00,"12,064,468.20",79,-1.0,19.3,-0.36,7.26,3.58,337.88,343.75,453.90,263.00,07_08_2022
SBI,37.67,280.00,285.00,265.70,279.00,269.01,"44,848.00",280.00,"12,064,468.20",79,-1.0,19.3,-0.36,7.26,3.58,337.88,343.75,453.90,263.00,07_09_2022
SBI,37.67,280.00,285.00,265.70,279.00,269.01,"44,848.00",280.00,"12,064,468.20",79,-1.0,19.3,-0.36,7.26,3.58,337.88,343.75,453.90,263.00,07_10_2022
SBI,35.46,284.00,289.60,251.10,269.80,267.75,"18,772.00",279.00,"5,026,166.80",129,-9.2,38.5,-3.3,15.33,0.76,336.93,343.30,453.90,251.10,07_11_2022
SBI,32.53,272.90,272.90,260.00,272.00,263.09,"30,872.00",269.80,"8,122,185.50",128,2.2,12.9,0.82,4.96,3.27,336.00,342.82,453.90,251.10,07_12_2022
SBI,35.77,270.00,296.50,260.00,292.30,266.87,"84,776.00",272.00,"22,623,941.10",171,20.3,36.5,7.46,14.04,8.7,335.25,342.47,453.90,251.10,07_13_2022
SBI,-,286.50,295.00,280.00,284.00,282.93,"217,186.00",292.30,"61,448,606.40",90,-8.3,15.00,-2.84,5.36,0.38,334.24,342.10,453.90,251.10,07_14_2022
SBI,51.61,284.00,289.00,267.70,282.30,280.44,"151,389.00",284.00,"42,455,369.70",149,-1.7,21.3,-0.6,7.96,0.66,333.11,341.78,453.90,251.10,07_15_2022
SBI,53.8,284.00,289.00,267.70,282.30,280.44,"151,389.00",284.00,"42,455,369.70",149,-1.7,21.3,-0.6,7.96,0.66,333.11,341.78,453.90,251.10,07_16_2022
SBI,51.03,277.00,282.00,270.00,282.00,278.04,"15,165.00",282.30,"4,216,501.30",67,-0.3,12.0,-0.11,4.44,1.4,332.08,341.42,453.90,251.10,07_17_2022
SBI,43.16,285.00,285.00,275.00,282.00,280.89,"4,906.00",282.00,"1,378,041.30",38,0.00,10.0,0.0,3.64,0.39,331.06,341.06,453.90,251.10,07_18_2022
SBI,26.06,276.40,286.90,276.40,285.00,283.80,"58,127.00",282.00,"16,496,578.70",125,3.0,10.5,1.06,3.8,0.42,330.04,340.72,453.90,251.10,07_19_2022
SBI,36.16,290.00,290.00,279.30,281.00,281.69,"46,383.00",285.00,"13,065,540.30",104,-4.0,10.7,-1.4,3.83,-0.24,329.08,340.34,453.90,251.10,07_20_2022
SBI,43.08,286.60,292.00,277.00,280.00,285.03,"144,565.00",281.00,"41,205,214.70",154,-1.0,15.0,-0.36,5.42,-1.8,328.12,339.95,453.90,251.10,07_21_2022
SBI,44.98,285.00,285.00,275.00,276.00,276.51,"11,193.00",280.00,"3,094,925.40",40,-4.0,10.0,-1.43,3.64,-0.18,327.18,339.54,453.90,251.10,07_22_2022
SBI,33.76,285.00,285.00,275.00,276.00,276.51,"11,193.00",280.00,"3,094,925.40",40,-4.0,10.0,-1.43,3.64,-0.18,327.18,339.54,453.90,251.10,07_23_2022
SBI,30.96,276.00,287.80,275.50,282.00,285.71,"134,761.00",276.00,"38,501,904.20",93,6.0,12.3,2.17,4.46,-1.31,326.30,339.18,453.90,251.10,07_24_2022
SBI,42.58,285.90,290.00,279.30,283.00,288.39,"136,066.00",282.00,"39,239,444.80",179,1.0,10.7,0.35,3.83,-1.9,325.33,338.80,453.90,251.10,07_25_2022
SBI,55.72,282.00,282.00,272.60,279.00,275.95,"17,215.00",283.00,"4,750,530.70",91,-4.0,9.4,-1.41,3.45,1.09,324.37,338.38,449.80,251.10,07_26_2022
SBI,41.84,283.00,283.00,275.20,278.90,277.77,"10,790.00",279.00,"2,997,093.70",86,-0.1,7.8,-0.04,2.83,0.41,323.38,337.97,448.00,251.10,07_27_2022
SBI,46.78,280.00,285.00,275.00,278.00,279.41,"35,164.00",278.90,"9,825,283.50",153,-0.9,10.00,-0.32,3.64,-0.51,322.38,337.54,448.00,251.10,07_28_2022
SBI,41.84,279.00,282.90,275.30,282.90,280.03,"7,456.00",278.00,"2,087,889.20",48,4.9,7.60,1.76,2.76,1.02,321.45,337.12,442.00,251.10,07_29_2022
SBI,39.87,279.00,282.90,275.30,282.90,280.03,"7,456.00",278.00,"2,087,889.20",48,4.9,7.60,1.76,2.76,1.02,321.45,337.12,442.00,251.10,07_30_2022
SBI,37.45,277.30,307.00,277.30,307.00,295.82,"111,860.00",282.90,"33,090,144.50",360,24.1,29.7,8.52,10.71,3.64,320.78,336.83,442.00,251.10,07_31_2022
SBI,50.84,308.00,324.00,300.00,318.00,316.00,"134,267.00",307.00,"42,428,874.70",440,11.0,24.0,3.58,8.0,0.63,320.20,336.66,442.00,251.10,08_01_2022
SBI,57.67,323.00,323.00,308.00,314.00,312.13,"35,570.00",318.00,"11,102,546.30",133,-4.0,15.0,-1.26,4.87,0.59,319.62,336.45,442.00,251.10,08_02_2022
SBI,51.47,320.20,320.20,303.00,305.00,307.66,"63,539.00",314.00,"19,548,571.30",278,-9.0,17.2,-2.87,5.68,-0.87,318.96,336.18,442.00,251.10,08_03_2022
SBI,51.62,303.00,303.00,293.10,294.00,296.21,"56,457.00",305.00,"16,723,394.00",225,-11.0,9.9,-3.61,3.38,-0.75,318.31,335.81,442.00,251.10,08_04_2022
SBI,36.56,299.00,299.00,290.20,291.00,292.79,"13,418.00",294.00,"3,928,645.00",67,-3.0,8.8,-1.02,3.03,-0.61,317.61,335.45,442.00,251.10,08_05_2022
SBI,30.72,299.00,299.00,290.20,291.00,292.79,"13,418.00",294.00,"3,928,645.00",67,-3.0,8.8,-1.02,3.03,-0.61,317.61,335.45,442.00,251.10,08_06_2022
SBI,27.44,290.00,310.00,290.00,294.00,296.73,"21,200.00",291.00,"6,290,681.10",122,3.0,20.0,1.03,6.9,-0.93,316.96,335.12,442.00,251.10,08_07_2022
SBI,28.85,298.00,305.00,298.00,302.00,301.32,"42,044.00",294.00,"12,668,843.70",184,8.00,7.00,2.72,2.35,0.22,316.31,334.84,442.00,251.10,08_08_2022
SBI,36.4,302.00,307.90,292.00,293.00,294.43,"15,582.00",302.00,"4,587,853.90",86,-9.0,15.9,-2.98,5.45,-0.49,315.64,334.49,442.00,251.10,08_09_2022
SBI,31.9,297.00,298.00,284.80,290.00,288.91,"8,269.00",293.00,"2,389,016.80",68,-3.0,13.20,-1.02,4.63,0.38,315.00,334.14,442.00,251.10,08_10_2022
SBI,28.44,294.00,294.00,284.30,287.00,286.82,"9,878.00",290.00,"2,833,191.50",64,-3.00,9.70,-1.03,3.41,0.06,314.28,333.81,438.00,251.10,08_11_2022
SBI,25.17,294.00,294.00,284.30,287.00,286.82,"9,878.00",290.00,"2,833,191.50",64,-3.00,9.70,-1.03,3.41,0.06,314.28,333.81,438.00,251.10,08_12_2022
SBI,25.17,294.00,294.00,284.30,287.00,286.82,"9,878.00",290.00,"2,833,191.50",64,-3.00,9.70,-1.03,3.41,0.06,314.28,333.81,438.00,251.10,08_13_2022
SBI,21.69,287.00,290.00,279.00,284.80,283.89,"7,739.00",287.00,"2,197,024.30",64,-2.2,11.0,-0.77,3.94,0.32,313.59,333.45,430.00,251.10,08_14_2022
SBI,21.77,284.00,289.60,280.00,289.60,286.82,"8,265.00",284.80,"2,370,573.50",62,4.8,9.6,1.69,3.43,0.96,312.92,333.06,430.00,251.10,08_15_2022
SBI,28.18,295.30,301.00,285.70,289.00,289.61,"8,445.00",289.60,"2,445,721.60",60,-0.60,15.30,-0.21,5.36,-0.21,312.32,332.70,422.00,251.10,08_16_2022
SBI,27.8,290.00,290.00,284.30,289.00,288.26,"5,672.00",289.00,"1,635,009.90",42,0.0,5.7,0.0,2.0,0.26,311.74,332.35,422.00,251.10,08_17_2022
SBI,30.83,293.70,293.70,286.00,289.90,287.86,"16,092.00",289.00,"4,632,274.10",66,0.9,7.7,0.31,2.69,0.7,311.21,331.98,422.00,251.10,08_18_2022
SBI,45.02,293.70,293.70,286.00,289.90,287.86,"16,092.00",289.00,"4,632,274.10",66,0.9,7.7,0.31,2.69,0.7,311.21,331.98,422.00,251.10,08_19_2022
SBI,45.02,293.70,293.70,286.00,289.90,287.86,"16,092.00",289.00,"4,632,274.10",66,0.9,7.7,0.31,2.69,0.7,311.21,331.98,422.00,251.10,08_20_2022
SBI,45.02,295.60,297.80,286.20,288.00,287.68,"9,347.00",289.90,"2,688,986.80",50,-1.9,11.6,-0.66,4.05,0.11,310.67,331.58,422.00,251.10,08_21_2022
SBI,-,293.70,293.70,282.60,288.00,286.05,"2,145.00",288.00,"613,578.70",38,0.0,11.1,0.0,3.93,0.68,310.13,331.23,422.00,251.10,08_22_2022
SBI,25.42,282.40,290.00,282.40,290.00,286.84,"8,156.00",288.00,"2,339,432.00",53,2.0,7.6,0.69,2.69,1.09,309.64,330.91,422.00,251.10,08_23_2022
SBI,30.4,295.00,295.00,285.20,288.00,288.94,"7,548.00",290.00,"2,180,926.30",46,-2.0,9.8,-0.69,3.44,-0.33,309.19,330.57,422.00,251.10,08_24_2022
SBI,25.23,293.00,293.00,283.30,286.00,286.93,"2,102.00",288.00,"603,121.20",27,-2.0,9.7,-0.69,3.42,-0.32,308.66,330.20,422.00,251.10,08_25_2022
SBI,33.18,290.00,290.00,279.30,284.50,283.12,"2,381.00",286.00,"674,107.00",38,-1.5,10.7,-0.52,3.83,0.49,308.05,329.77,422.00,251.10,08_26_2022
SBI,32.92,290.00,290.00,279.30,284.50,283.12,"2,381.00",286.00,"674,107.00",38,-1.5,10.7,-0.52,3.83,0.49,308.05,329.77,422.00,251.10,08_27_2022
SBI,32.92,279.10,283.00,274.10,276.00,277.15,"8,133.00",284.50,"2,254,041.20",80,-8.5,8.9,-2.99,3.25,-0.42,307.36,329.34,422.00,251.10,08_28_2022
SBI,32.94,273.20,282.50,273.20,278.00,277.74,"6,224.00",276.00,"1,728,649.70",43,2.0,9.3,0.72,3.4,0.09,306.70,328.94,422.00,251.10,08_29_2022
SBI,30.85,283.00,284.80,278.00,279.90,279.43,"10,843.00",278.00,"3,029,807.00",27,1.9,6.8,0.68,2.45,0.17,306.03,328.52,422.00,251.10,08_30_2022
SBI,32.33,285.40,285.40,274.00,276.90,275.14,"3,857.00",279.90,"1,061,227.60",46,-3.0,11.4,-1.07,4.16,0.63,305.37,328.09,422.00,251.10,08_31_2022
SBI,54.38,392.00,393.00,380.00,383.00,385.20,"46,379.00",386.00,"17,865,404.30",280,-3.0,13.0,-0.78,3.42,-0.58,412.20,418.05,491.00,380.00,09_01_2021
SBI,26.56,272.10,274.10,271.00,274.00,272.22,"2,986.00",276.90,"812,848.50",35,-2.9,3.1,-1.05,1.14,0.65,304.62,327.65,422.00,251.10,09_01_2022
SBI,32.82,279.40,282.70,272.10,277.00,274.47,"1,203.00",274.00,"330,190.60",16,3.0,10.6,1.09,3.9,0.91,303.90,327.24,422.00,251.10,09_02_2022
SBI,30.96,279.40,282.70,272.10,277.00,274.47,"1,203.00",274.00,"330,190.60",16,3.0,10.6,1.09,3.9,0.91,303.90,327.24,422.00,251.10,09_03_2022
SBI,30.46,282.40,282.50,274.00,279.00,278.33,"4,881.00",277.00,"1,358,551.70",34,2.0,8.5,0.72,3.1,0.24,303.26,326.81,422.00,251.10,09_04_2022
SBI,35.98,280.00,280.00,274.00,275.00,275.68,"2,257.00",279.00,"622,218.40",33,-4.0,6.0,-1.43,2.19,-0.25,302.63,326.38,422.00,251.10,09_05_2022
SBI,32.37,275.00,275.00,270.00,275.00,270.81,"11,500.00",275.00,"3,114,307.00",65,0.0,5.0,0.0,1.85,1.52,302.02,325.97,422.00,251.10,09_06_2022
SBI,40.77,274.00,274.00,265.30,273.00,267.87,"2,850.00",275.00,"763,435.90",44,-2.0,8.7,-0.73,3.28,1.88,301.40,325.55,422.00,251.10,09_07_2022
SBI,28.4,275.00,275.00,266.30,270.00,268.46,"3,529.00",273.00,"947,398.60",41,-3.0,8.7,-1.1,3.27,0.57,300.77,325.13,422.00,251.10,09_08_2022
SBI,28.64,275.00,275.00,266.30,270.00,268.46,"3,529.00",273.00,"947,398.60",41,-3.0,8.7,-1.1,3.27,0.57,300.77,325.13,422.00,251.10,09_09_2022
SBI,28.64,275.00,275.00,266.30,270.00,268.46,"3,529.00",273.00,"947,398.60",41,-3.0,8.7,-1.1,3.27,0.57,300.77,325.13,422.00,251.10,09_10_2022
SBI,28.01,270.00,275.10,265.70,269.90,268.10,"6,723.00",270.00,"1,802,463.30",53,-0.1,9.4,-0.04,3.54,0.67,300.14,324.71,422.00,251.10,09_11_2022
SBI,34.39,275.20,275.20,265.10,271.90,266.44,"4,946.00",269.90,"1,317,809.30",42,2.0,10.1,0.74,3.81,2.01,299.56,324.31,422.00,251.10,09_12_2022
SBI,33.93,270.00,276.80,270.00,274.90,273.31,987.00,271.90,"269,752.50",20,3.0,6.8,1.1,2.52,0.58,298.99,323.89,422.00,251.10,09_13_2022
SBI,35.10,277.90,278.00,273.90,278.00,275.31,"8,353.00",274.90,"2,299,665.50",56,3.1,4.1,1.13,1.5,0.97,298.45,323.49,422.00,251.10,09_14_2022
SBI,46.51,273.00,278.00,268.00,272.00,270.04,"6,854.00",278.00,"1,850,847.60",50,-6.0,10.0,-2.16,3.73,0.72,297.89,322.86,422.00,251.10,09_15_2022
SBI,44.13,267.00,270.90,266.00,270.90,267.68,"2,530.00",272.00,"677,237.20",18,-1.1,4.9,-0.4,1.84,1.19,297.31,322.29,422.00,251.10,09_16_2022
SBI,36.1,267.00,270.90,266.00,270.90,267.68,"2,530.00",272.00,"677,237.20",18,-1.1,4.9,-0.4,1.84,1.19,297.31,322.29,422.00,251.10,09_17_2022
SBI,34.18,265.50,267.00,256.80,265.00,261.67,"17,768.00",270.90,"4,649,363.60",152,-5.9,10.2,-2.18,3.97,1.26,296.67,321.59,422.00,251.10,09_18_2022
SBI,33.63,265.50,267.00,256.80,265.00,261.67,"17,768.00",270.90,"4,649,363.60",152,-5.9,10.2,-2.18,3.97,1.26,296.67,321.59,422.00,251.10,09_19_2022
SBI,34.01,260.00,260.00,254.00,257.90,256.88,"16,421.00",265.00,"4,218,275.70",75,-7.1,6.0,-2.68,2.36,0.39,295.99,320.84,422.00,251.10,09_20_2022
SBI,31.47,263.00,263.00,255.00,256.90,258.29,"9,753.00",257.90,"2,519,105.70",50,-1.0,8.0,-0.39,3.14,-0.54,295.38,320.08,422.00,251.10,09_21_2022
SBI,32.97,260.00,260.00,255.00,259.60,256.11,"6,118.00",256.90,"1,566,863.70",37,2.7,5.00,1.05,1.96,1.35,294.64,319.38,422.00,251.10,09_22_2022
SBI,63.25,359.90,365.00,355.00,356.00,359.76,"25,974.00",353.00,"9,344,336.50",127,3.0,10.0,0.85,2.82,-1.06,396.45,403.33,491.00,331.30,11_03_2021
SBI,67.16,359.90,365.00,355.00,356.00,359.76,"25,974.00",353.00,"9,344,336.50",127,3.0,10.0,0.85,2.82,-1.06,396.45,403.33,491.00,331.30,11_05_2021
SBI,67.16,359.90,365.00,355.00,356.00,359.76,"25,974.00",353.00,"9,344,336.50",127,3.0,10.0,0.85,2.82,-1.06,396.45,403.33,491.00,331.30,11_06_2021
SBI,67.16,359.90,365.00,355.00,356.00,359.76,"25,974.00",353.00,"9,344,336.50",127,3.0,10.0,0.85,2.82,-1.06,396.45,403.33,491.00,331.30,11_07_2021
SBI,67.95,360.00,364.60,353.10,359.00,359.13,"24,684.00",356.00,"8,864,647.40",103,3.0,11.5,0.84,3.26,-0.03,396.17,402.98,491.00,331.30,11_08_2021
SBI,68.88,359.00,362.00,353.60,359.00,356.85,"42,664.00",359.00,"15,224,645.50",128,0.0,8.4,0.0,2.38,0.6,395.86,402.63,491.00,331.30,11_09_2021
SBI,63.93,359.00,362.00,353.60,359.00,356.85,"42,664.00",359.00,"15,224,645.50",128,0.0,8.4,0.0,2.38,0.6,395.86,402.63,491.00,331.30,11_10_2021
SBI,61.88,353.00,355.00,348.10,348.10,351.96,"26,504.00",359.00,"9,328,321.50",77,-10.9,6.9,-3.04,1.98,-1.11,395.46,402.19,491.00,331.30,11_11_2021
SBI,46.67,353.00,355.00,348.10,348.10,351.96,"26,504.00",359.00,"9,328,321.50",77,-10.9,6.9,-3.04,1.98,-1.11,395.46,402.19,491.00,331.30,11_12_2021
SBI,46.67,353.00,355.00,348.10,348.10,351.96,"26,504.00",359.00,"9,328,321.50",77,-10.9,6.9,-3.04,1.98,-1.11,395.46,402.19,491.00,331.30,11_13_2021
SBI,44.62,348.00,362.10,344.10,352.00,347.44,"9,700.00",348.10,"3,370,155.80",67,3.90,18.00,1.12,5.23,1.3,395.10,401.74,491.00,331.30,11_14_2021
SBI,42.0,355.00,355.00,348.00,354.00,350.19,"6,509.00",352.00,"2,279,409.20",53,2.00,7.00,0.57,2.01,1.08,394.74,401.30,491.00,331.30,11_15_2021
SBI,41.38,351.00,360.40,347.00,360.00,354.76,"23,596.00",354.00,"8,370,857.00",130,6.00,13.40,1.69,3.86,1.46,394.44,400.88,491.00,331.30,11_16_2021
SBI,54.5,360.00,360.00,353.10,356.00,357.03,"13,158.00",360.00,"4,697,775.60",88,-4.00,6.90,-1.11,1.95,-0.29,394.08,400.47,491.00,331.30,11_17_2021
SBI,58.51,356.00,357.00,350.00,353.70,352.15,"8,715.00",356.00,"3,068,972.30",58,-2.3,7.0,-0.65,2.0,0.44,393.70,400.03,491.00,331.30,11_18_2021
SBI,52.45,356.00,357.00,350.00,353.70,352.15,"8,715.00",356.00,"3,068,972.30",58,-2.3,7.0,-0.65,2.0,0.44,393.70,400.03,491.00,331.30,11_19_2021
SBI,52.45,356.00,357.00,350.00,353.70,352.15,"8,715.00",356.00,"3,068,972.30",58,-2.3,7.0,-0.65,2.0,0.44,393.70,400.03,491.00,331.30,11_20_2021
SBI,47.75,352.00,357.00,351.00,352.50,353.51,"8,971.00",353.70,"3,171,294.50",57,-1.2,6.0,-0.34,1.71,-0.29,393.30,399.58,491.00,331.30,11_21_2021
SBI,39.8,347.50,360.00,347.50,356.10,357.62,"15,456.00",352.50,"5,527,309.80",97,3.6,12.5,1.02,3.6,-0.43,392.86,399.06,491.00,331.30,11_22_2021
SBI,41.23,350.00,357.00,350.00,352.30,352.86,"6,271.00",356.10,"2,212,792.10",35,-3.8,7.0,-1.07,2.0,-0.16,392.34,398.49,491.00,331.30,11_23_2021
SBI,37.75,346.00,347.80,334.00,346.00,342.72,"80,223.00",352.30,"27,494,264.20",303,-6.30,13.8,-1.79,4.13,0.95,391.75,397.92,491.00,331.30,11_24_2021
SBI,47.14,339.10,353.00,334.10,350.00,347.42,"40,078.00",346.00,"13,923,707.50",172,4.0,18.9,1.16,5.66,0.74,391.16,397.43,491.00,331.30,11_25_2021
SBI,55.81,339.10,353.00,334.10,350.00,347.42,"40,078.00",346.00,"13,923,707.50",172,4.0,18.9,1.16,5.66,0.74,391.16,397.43,491.00,331.30,11_26_2021
SBI,55.81,339.10,353.00,334.10,350.00,347.42,"40,078.00",346.00,"13,923,707.50",172,4.0,18.9,1.16,5.66,0.74,391.16,397.43,491.00,331.30,11_27_2021
SBI,52.91,343.00,366.00,340.20,360.00,354.99,"65,928.00",350.00,"23,403,820.20",225,10.0,25.8,2.86,7.58,1.39,390.72,397.02,491.00,331.30,11_28_2021
SBI,56.89,352.80,360.00,352.80,354.10,355.29,"11,556.00",360.00,"4,105,696.60",89,-5.9,7.2,-1.64,2.04,-0.34,390.24,396.56,491.00,331.30,11_29_2021
SBI,50.67,348.00,354.00,344.00,352.00,349.47,"17,838.00",354.10,"6,233,923.40",63,-2.1,10.0,-0.59,2.91,0.72,389.76,396.13,491.00,331.30,11_30_2021
SBI,55.85,352.00,365.00,352.00,355.00,360.68,"44,224.00",352.00,"15,950,657.70",154,3.0,13.0,0.85,3.69,-1.6,389.32,395.77,491.00,331.30,12_01_2021
SBI,59.92,355.00,361.00,351.00,361.00,355.89,"18,857.00",355.00,"6,711,080.60",75,6.0,10.0,1.69,2.85,1.41,388.93,395.43,491.00,331.30,12_02_2021
SBI,44.71,355.00,361.00,351.00,361.00,355.89,"18,857.00",355.00,"6,711,080.60",75,6.0,10.0,1.69,2.85,1.41,388.93,395.43,491.00,331.30,12_03_2021
SBI,44.71,355.00,361.00,351.00,361.00,355.89,"18,857.00",355.00,"6,711,080.60",75,6.0,10.0,1.69,2.85,1.41,388.93,395.43,491.00,331.30,12_04_2021
SBI,43.81,360.00,360.00,350.00,351.50,351.84,"48,982.00",361.00,"17,233,972.00",100,-9.5,10.0,-2.63,2.86,-0.1,388.46,395.05,491.00,331.30,12_05_2021
SBI,39.05,356.00,356.00,346.00,346.50,348.67,"32,544.00",351.50,"11,347,075.00",101,-5.0,10.00,-1.42,2.89,-0.63,387.88,394.66,491.00,331.30,12_06_2021
SBI,40.74,353.00,353.40,348.00,349.00,350.03,"6,470.00",346.50,"2,264,672.00",48,2.5,5.40,0.72,1.55,-0.29,387.22,394.27,491.00,331.30,12_07_2021
SBI,40.76,289.90,290.00,281.50,286.00,283.62,"6,612.00",286.00,"1,875,294.10",35,0.0,8.5,0.0,3.02,0.83,283.37,298.10,422.00,251.00,12_07_2022
SBI,35.31,343.10,354.00,340.00,353.90,346.97,"32,821.00",349.00,"11,387,893.70",123,4.9,14.00,1.4,4.12,1.96,386.65,393.92,491.00,331.30,12_08_2021
SBI,36.19,272.00,362.00,272.00,360.90,356.71,"30,846.00",353.90,"11,003,183.40",160,7.0,90.0,1.98,33.09,1.16,386.12,393.64,491.00,272.00,12_09_2021
SBI,51.36,272.00,362.00,272.00,360.90,356.71,"30,846.00",353.90,"11,003,183.40",160,7.0,90.0,1.98,33.09,1.16,386.12,393.64,491.00,272.00,12_10_2021
SBI,51.36,272.00,362.00,272.00,360.90,356.71,"30,846.00",353.90,"11,003,183.40",160,7.0,90.0,1.98,33.09,1.16,386.12,393.64,491.00,272.00,12_11_2021
SBI,50.71,359.00,359.00,350.00,353.00,350.71,"15,126.00",360.90,"5,304,868.60",81,-7.90,9.00,-2.19,2.57,0.65,385.56,393.33,491.00,272.00,12_12_2021
SBI,45.55,346.00,357.30,339.10,351.20,346.72,"28,598.00",353.00,"9,915,540.10",83,-1.80,18.20,-0.51,5.37,1.28,385.02,393.03,491.00,272.00,12_13_2021
SBI,50.09,355.20,355.20,345.00,355.00,351.90,"4,047.00",351.20,"1,424,157.50",23,3.80,10.20,1.08,2.96,0.87,384.52,392.75,491.00,272.00,12_14_2021
SBI,45.8,355.00,356.00,344.00,354.90,350.98,"7,086.00",355.00,"2,487,077.90",63,-0.1,12.0,-0.03,3.49,1.1,383.87,392.47,491.00,272.00,12_15_2021
SBI,27.21,361.90,361.90,349.10,352.00,352.06,"7,553.00",354.90,"2,659,100.00",52,-2.9,12.8,-0.82,3.67,-0.02,383.24,392.17,491.00,272.00,12_16_2021
SBI,30.73,361.90,361.90,349.10,352.00,352.06,"7,553.00",354.90,"2,659,100.00",52,-2.9,12.8,-0.82,3.67,-0.02,383.24,392.17,491.00,272.00,12_17_2021
SBI,30.73,361.90,361.90,349.10,352.00,352.06,"7,553.00",354.90,"2,659,100.00",52,-2.9,12.8,-0.82,3.67,-0.02,383.24,392.17,491.00,272.00,12_18_2021
SBI,30.73,361.90,361.90,349.10,352.00,352.06,"7,553.00",354.90,"2,659,100.00",52,-2.9,12.8,-0.82,3.67,-0.02,383.24,392.17,491.00,272.00,12_19_2021
SBI,28.04,350.00,353.00,347.00,351.00,349.74,"32,790.00",352.00,"11,468,124.00",92,-1.0,6.0,-0.28,1.73,0.36,382.57,391.86,491.00,272.00,12_20_2021
SBI,41.57,350.00,360.00,347.00,356.90,353.69,"44,412.00",351.00,"15,707,887.80",203,5.9,13.00,1.68,3.75,0.9,382.03,391.54,491.00,272.00,12_21_2021
SBI,52.47,351.70,358.00,345.00,351.50,350.04,"19,689.00",344.83,"6,891,908.00",70,6.67,13.0,1.93,3.77,0.42,381.50,391.22,491.00,272.00,12_22_2021
SBI,32.91,347.10,352.00,345.10,350.00,349.10,"16,505.00",351.50,"5,761,882.20",73,-1.5,6.9,-0.43,2.0,0.26,381.03,390.89,491.00,272.00,12_23_2021
SBI,34.06,347.10,352.00,345.10,350.00,349.10,"16,505.00",351.50,"5,761,882.20",73,-1.5,6.9,-0.43,2.0,0.26,381.03,390.89,491.00,272.00,12_24_2021
SBI,34.06,347.10,352.00,345.10,350.00,349.10,"16,505.00",351.50,"5,761,882.20",73,-1.5,6.9,-0.43,2.0,0.26,381.03,390.89,491.00,272.00,12_25_2021
SBI,32.44,352.80,352.90,348.00,348.10,349.46,"19,411.00",350.00,"6,783,312.00",77,-1.90,4.90,-0.54,1.41,-0.39,380.45,390.55,491.00,272.00,12_26_2021
SBI,34.23,348.50,350.00,345.50,345.50,347.93,"8,945.00",348.10,"3,112,226.50",43,-2.6,4.50,-0.75,1.3,-0.7,379.91,390.19,491.00,272.00,12_27_2021
SBI,32.54,350.00,350.00,345.00,345.10,346.18,"57,399.00",345.50,"19,870,621.10",51,-0.4,5.0,-0.12,1.45,-0.31,379.37,389.86,491.00,272.00,12_28_2021
SBI,39.07,345.20,347.50,340.10,345.00,342.86,"20,738.00",345.10,"7,110,198.50",61,-0.1,7.40,-0.03,2.18,0.62,378.78,389.52,491.00,272.00,12_29_2021
SBI,36.76,345.20,347.50,340.10,345.00,342.86,"20,738.00",345.10,"7,110,198.50",61,-0.1,7.40,-0.03,2.18,0.62,378.78,389.52,491.00,272.00,12_30_2021
SBI,36.76,345.20,347.50,340.10,345.00,342.86,"20,738.00",345.10,"7,110,198.50",61,-0.1,7.40,-0.03,2.18,0.62,378.78,389.52,491.00,272.00,12_31_2021
