SBL,53.36,468.00,468.00,456.00,464.00,462.90,"70,264.00",463.00,"32,525,002.90",402,1.0,12.00,0.22,2.63,0.24,502.19,483.81,605.00,364.00,01_01_2022
SBL,54.89,414.20,421.00,405.00,413.60,410.64,"93,520.00",406.13,"38,403,012.70",467,7.47,16.00,1.84,3.95,0.72,501.50,483.74,605.00,364.00,01_02_2022
SBL,40.57,418.00,427.00,415.00,426.00,423.20,"86,955.00",413.60,"36,799,283.70",428,12.4,12.00,3.0,2.89,0.66,500.97,483.74,605.00,364.00,01_03_2022
SBL,41.27,429.90,452.00,419.50,450.10,438.50,"154,504.00",426.00,"67,750,757.90",547,24.1,32.50,5.66,7.75,2.58,500.64,483.85,605.00,364.00,01_04_2022
SBL,43.01,455.00,455.00,436.10,438.00,444.96,"111,207.00",450.10,"49,482,499.20",448,-12.1,18.9,-2.69,4.33,-1.59,500.20,483.90,605.00,364.00,01_05_2022
SBL,41.63,440.00,452.00,434.00,451.10,445.82,"146,497.00",438.00,"65,311,890.50",406,13.10,18.00,2.99,4.15,1.17,499.91,484.01,605.00,364.00,01_06_2022
SBL,60.64,440.00,452.00,434.00,451.10,445.82,"146,497.00",438.00,"65,311,890.50",406,13.10,18.00,2.99,4.15,1.17,499.91,484.01,605.00,364.00,01_07_2022
SBL,60.64,440.00,452.00,434.00,451.10,445.82,"146,497.00",438.00,"65,311,890.50",406,13.10,18.00,2.99,4.15,1.17,499.91,484.01,605.00,364.00,01_08_2022
SBL,61.11,455.00,467.90,455.00,464.00,461.71,"166,776.00",451.10,"77,002,833.40",601,12.9,12.90,2.86,2.84,0.49,499.74,484.20,605.00,364.00,01_09_2022
SBL,62.78,468.00,469.00,455.00,457.00,461.69,"91,946.00",464.00,"42,450,858.00",431,-7.0,14.00,-1.51,3.08,-1.03,499.46,484.35,605.00,364.00,01_10_2022
SBL,55.68,456.00,466.00,455.00,464.70,462.42,"90,968.00",457.00,"42,065,126.90",346,7.7,11.00,1.68,2.42,0.49,499.27,484.55,605.00,364.00,01_11_2022
SBL,60.33,457.10,465.00,450.00,453.00,456.05,"75,811.00",464.70,"34,573,240.20",393,-11.7,15.00,-2.52,3.33,-0.67,498.93,484.59,605.00,364.00,01_12_2022
SBL,49.74,455.00,460.00,449.00,459.00,453.92,"70,869.00",453.00,"32,168,946.10",331,6.0,11.0,1.32,2.45,1.11,498.55,484.62,605.00,364.00,01_13_2022
SBL,45.98,455.00,460.00,449.00,459.00,453.92,"70,869.00",453.00,"32,168,946.10",331,6.0,11.0,1.32,2.45,1.11,498.55,484.62,605.00,364.00,01_14_2022
SBL,45.98,455.00,460.00,449.00,459.00,453.92,"70,869.00",453.00,"32,168,946.10",331,6.0,11.0,1.32,2.45,1.11,498.55,484.62,605.00,364.00,01_15_2022
SBL,47.18,467.00,470.00,458.00,470.00,464.25,"180,707.00",459.00,"83,893,411.40",589,11.0,12.0,2.4,2.62,1.22,498.34,484.76,605.00,364.00,01_16_2022
SBL,60.92,473.00,480.00,463.00,470.00,472.44,"145,739.00",470.00,"68,852,386.20",545,0.0,17.0,0.0,3.67,-0.52,498.09,484.98,605.00,364.00,01_17_2022
SBL,58.62,466.50,485.50,465.00,475.00,474.50,"180,428.00",470.00,"85,612,939.90",545,5.0,20.5,1.06,4.41,0.11,497.92,485.23,605.00,364.00,01_18_2022
SBL,64.98,484.00,484.00,465.00,470.00,470.16,"91,842.00",475.00,"43,180,365.70",341,-5.0,19.0,-1.05,4.09,-0.03,497.64,485.50,605.00,364.00,01_19_2022
SBL,56.86,470.00,471.00,463.00,467.50,466.83,"62,906.00",470.00,"29,366,187.70",321,-2.5,8.0,-0.53,1.73,0.14,496.97,485.75,605.00,364.00,01_20_2022
SBL,50.53,470.00,471.00,463.00,467.50,466.83,"62,906.00",470.00,"29,366,187.70",321,-2.5,8.0,-0.53,1.73,0.14,496.97,485.75,605.00,364.00,01_21_2022
SBL,50.53,470.00,471.00,463.00,467.50,466.83,"62,906.00",470.00,"29,366,187.70",321,-2.5,8.0,-0.53,1.73,0.14,496.97,485.75,605.00,364.00,01_22_2022
SBL,52.36,467.80,486.30,466.00,472.00,473.56,"140,926.00",467.50,"66,737,575.00",706,4.5,20.30,0.96,4.36,-0.33,496.34,486.10,605.00,364.00,01_23_2022
SBL,57.77,481.40,481.40,451.00,458.00,458.35,"170,021.00",472.00,"77,929,686.80",751,-14.0,30.4,-2.97,6.74,-0.08,495.54,486.39,605.00,364.00,01_24_2022
SBL,51.96,467.10,467.10,446.00,454.00,457.84,"94,791.00",458.00,"43,399,323.50",375,-4.0,21.10,-0.87,4.73,-0.85,494.56,486.56,605.00,364.00,01_25_2022
SBL,46.61,460.00,460.00,445.00,445.80,447.74,"70,434.00",454.00,"31,536,144.20",375,-8.2,15.0,-1.81,3.37,-0.44,493.32,486.70,605.00,364.00,01_26_2022
SBL,43.46,447.50,451.00,441.00,443.00,445.83,"47,091.00",445.80,"20,994,371.20",320,-2.8,10.0,-0.63,2.27,-0.64,492.18,486.83,605.00,364.00,01_27_2022
SBL,41.51,447.50,451.00,441.00,443.00,445.83,"47,091.00",445.80,"20,994,371.20",320,-2.8,10.0,-0.63,2.27,-0.64,492.18,486.83,605.00,364.00,01_28_2022
SBL,41.51,447.50,451.00,441.00,443.00,445.83,"47,091.00",445.80,"20,994,371.20",320,-2.8,10.0,-0.63,2.27,-0.64,492.18,486.83,605.00,364.00,01_29_2022
SBL,42.71,451.80,463.00,450.00,460.00,459.64,"59,776.00",443.00,"27,475,253.90",321,17.0,13.0,3.84,2.89,0.08,491.19,487.00,605.00,364.00,01_30_2022
SBL,48.06,464.00,465.00,452.00,452.60,455.19,"32,745.00",460.00,"14,905,103.10",227,-7.4,13.0,-1.61,2.88,-0.57,490.21,487.16,605.00,364.00,01_31_2022
SBL,46.44,450.50,458.00,446.00,456.00,451.74,"54,695.00",452.60,"24,707,767.70",294,3.4,12.0,0.75,2.69,0.93,489.28,487.35,605.00,364.00,02_01_2022
SBL,59.69,450.50,458.00,446.00,456.00,451.74,"54,695.00",452.60,"24,707,767.70",294,3.4,12.0,0.75,2.69,0.93,489.28,487.35,605.00,364.00,02_02_2022
SBL,59.63,456.00,465.00,450.10,455.00,458.87,"64,627.00",456.00,"29,655,334.40",328,-1.0,14.9,-0.22,3.31,-0.85,488.34,487.55,605.00,370.00,02_03_2022
SBL,58.49,456.00,465.00,450.10,455.00,458.87,"64,627.00",456.00,"29,655,334.40",328,-1.0,14.9,-0.22,3.31,-0.85,488.34,487.55,605.00,370.00,02_04_2022
SBL,58.49,456.00,465.00,450.10,455.00,458.87,"64,627.00",456.00,"29,655,334.40",328,-1.0,14.9,-0.22,3.31,-0.85,488.34,487.55,605.00,370.00,02_05_2022
SBL,58.34,456.10,456.10,448.20,448.40,450.59,"37,059.00",455.00,"16,698,386.10",251,-6.60,7.9,-1.45,1.76,-0.49,487.28,487.71,605.00,370.00,02_06_2022
SBL,40.24,446.00,453.00,445.00,446.10,447.94,"29,428.00",448.40,"13,181,969.10",191,-2.3,8.0,-0.51,1.8,-0.41,486.15,487.87,605.00,370.00,02_07_2022
SBL,44.59,455.00,463.00,441.50,444.00,447.71,"52,555.00",446.10,"23,529,635.00",332,-2.1,21.5,-0.47,4.87,-0.84,484.96,488.00,605.00,370.00,02_08_2022
SBL,42.42,448.00,448.00,438.00,438.90,440.68,"33,765.00",444.00,"14,879,541.30",258,-5.1,10.0,-1.15,2.28,-0.41,483.70,488.10,605.00,384.00,02_09_2022
SBL,43.76,439.50,443.00,431.10,433.00,435.49,"50,151.00",438.90,"21,840,236.40",351,-5.9,11.9,-1.34,2.76,-0.57,482.39,488.19,605.00,384.00,02_10_2022
SBL,41.64,439.50,443.00,431.10,433.00,435.49,"50,151.00",438.90,"21,840,236.40",351,-5.9,11.9,-1.34,2.76,-0.57,482.39,488.19,605.00,384.00,02_11_2022
SBL,41.64,439.50,443.00,431.10,433.00,435.49,"50,151.00",438.90,"21,840,236.40",351,-5.9,11.9,-1.34,2.76,-0.57,482.39,488.19,605.00,384.00,02_12_2022
SBL,45.0,423.00,427.00,420.00,424.00,424.48,"43,169.00",423.00,"18,324,222.90",323,1.0,7.0,0.24,1.67,-0.11,479.69,488.20,605.00,384.00,02_14_2022
SBL,38.46,432.00,432.00,420.00,430.00,424.52,"56,255.00",424.00,"23,881,630.10",300,6.0,12.0,1.42,2.86,1.27,478.42,488.21,605.00,384.00,02_15_2022
SBL,48.2,430.00,431.50,422.40,425.90,425.76,"28,139.00",430.00,"11,980,425.90",220,-4.1,9.1,-0.95,2.15,0.03,477.12,488.20,605.00,384.00,02_16_2022
SBL,45.59,434.00,434.00,423.50,427.00,426.23,"21,757.00",425.90,"9,273,584.40",188,1.1,10.5,0.26,2.48,0.18,475.86,488.17,605.00,384.00,02_17_2022
SBL,48.56,434.00,434.00,423.50,427.00,426.23,"21,757.00",425.90,"9,273,584.40",188,1.1,10.5,0.26,2.48,0.18,475.86,488.17,605.00,384.00,02_18_2022
SBL,48.56,434.00,434.00,423.50,427.00,426.23,"21,757.00",425.90,"9,273,584.40",188,1.1,10.5,0.26,2.48,0.18,475.86,488.17,605.00,384.00,02_19_2022
SBL,48.14,421.10,424.00,416.00,419.00,419.46,"46,557.00",427.00,"19,528,910.00",363,-8.0,8.0,-1.87,1.92,-0.11,474.55,488.06,605.00,384.00,02_20_2022
SBL,44.06,419.00,425.00,416.00,423.90,421.52,"65,224.00",419.00,"27,493,237.00",274,4.9,9.0,1.17,2.16,0.56,473.38,487.94,605.00,384.00,02_21_2022
SBL,47.79,425.00,428.00,423.20,427.30,426.97,"47,200.00",423.90,"20,153,100.90",355,3.4,4.8,0.8,1.13,0.08,472.17,487.83,605.00,384.00,02_22_2022
SBL,51.92,425.00,429.00,421.00,424.00,425.89,"33,703.00",427.30,"14,353,638.80",246,-3.3,8.0,-0.77,1.9,-0.44,470.97,487.74,605.00,384.00,02_23_2022
SBL,44.53,424.00,424.00,414.00,415.50,417.13,"34,467.00",424.00,"14,377,051.10",298,-8.5,10.0,-2.0,2.42,-0.39,469.78,487.59,605.00,384.00,02_24_2022
SBL,43.69,424.00,424.00,414.00,415.50,417.13,"34,467.00",424.00,"14,377,051.10",298,-8.5,10.0,-2.0,2.42,-0.39,469.78,487.59,605.00,384.00,02_25_2022
SBL,43.69,424.00,424.00,414.00,415.50,417.13,"34,467.00",424.00,"14,377,051.10",298,-8.5,10.0,-2.0,2.42,-0.39,469.78,487.59,605.00,384.00,02_26_2022
SBL,43.34,417.00,417.00,410.10,411.50,412.74,"52,154.00",415.50,"21,525,889.10",285,-4.0,6.90,-0.96,1.68,-0.3,468.72,487.39,605.00,384.00,02_27_2022
SBL,40.93,404.00,420.00,404.00,408.00,409.83,"64,396.00",411.50,"26,391,321.70",412,-3.5,16.00,-0.85,3.96,-0.45,467.65,487.19,605.00,384.00,02_28_2022
SBL,42.7,404.00,420.00,404.00,408.00,409.83,"64,396.00",411.50,"26,391,321.70",412,-3.5,16.00,-0.85,3.96,-0.45,467.65,487.19,605.00,384.00,03_01_2022
SBL,42.52,400.00,408.00,397.00,400.00,401.04,"69,730.00",408.00,"27,964,181.40",549,-8.0,11.00,-1.96,2.77,-0.26,466.65,486.95,605.00,384.00,03_02_2022
SBL,40.73,400.00,408.00,397.00,400.00,401.04,"69,730.00",408.00,"27,964,181.40",549,-8.0,11.00,-1.96,2.77,-0.26,466.65,486.95,605.00,384.00,03_03_2022
SBL,40.73,400.00,408.00,397.00,400.00,401.04,"69,730.00",408.00,"27,964,181.40",549,-8.0,11.00,-1.96,2.77,-0.26,466.65,486.95,605.00,384.00,03_04_2022
SBL,40.73,400.00,408.00,397.00,400.00,401.04,"69,730.00",408.00,"27,964,181.40",549,-8.0,11.00,-1.96,2.77,-0.26,466.65,486.95,605.00,384.00,03_05_2022
SBL,38.11,392.00,407.00,392.00,400.60,400.71,"62,111.00",400.00,"24,888,619.80",424,0.6,15.0,0.15,3.83,-0.03,465.73,486.69,605.00,384.00,03_06_2022
SBL,41.96,392.60,405.00,392.60,400.00,399.41,"56,020.00",400.60,"22,375,184.60",449,-0.6,12.4,-0.15,3.16,0.15,464.78,486.31,605.00,384.00,03_07_2022
SBL,40.56,392.60,405.00,392.60,400.00,399.41,"56,020.00",400.60,"22,375,184.60",449,-0.6,12.4,-0.15,3.16,0.15,464.78,486.31,605.00,384.00,03_08_2022
SBL,40.11,401.00,404.00,395.00,395.00,397.70,"33,024.00",400.00,"13,133,488.80",308,-5.0,9.0,-1.25,2.28,-0.68,463.87,485.82,605.00,384.00,03_09_2022
SBL,36.95,396.00,400.00,394.00,400.00,397.26,"39,386.00",395.00,"15,646,557.30",306,5.0,6.0,1.27,1.52,0.68,463.01,485.40,605.00,384.00,03_10_2022
SBL,42.36,396.00,400.00,394.00,400.00,397.26,"39,386.00",395.00,"15,646,557.30",306,5.0,6.0,1.27,1.52,0.68,463.01,485.40,605.00,384.00,03_11_2022
SBL,42.36,396.00,400.00,394.00,400.00,397.26,"39,386.00",395.00,"15,646,557.30",306,5.0,6.0,1.27,1.52,0.68,463.01,485.40,605.00,384.00,03_12_2022
SBL,44.31,408.00,415.00,402.00,410.00,409.19,"88,147.00",400.00,"36,069,128.10",508,10.00,13.00,2.5,3.23,0.2,461.98,485.01,605.00,384.00,03_13_2022
SBL,53.78,418.00,418.00,406.30,412.00,411.82,"23,030.00",410.00,"9,484,217.90",125,2.0,11.7,0.49,2.88,0.04,461.08,484.63,605.00,384.00,03_14_2022
SBL,49.63,415.00,415.00,406.80,408.00,408.81,"48,889.00",412.00,"19,986,168.90",303,-4.0,8.2,-0.97,2.02,-0.2,460.25,484.26,605.00,384.00,03_15_2022
SBL,50.41,412.00,415.80,403.00,404.00,406.60,"68,113.00",408.00,"27,694,646.50",305,-4.0,12.8,-0.98,3.18,-0.64,459.43,483.77,605.00,384.00,03_16_2022
SBL,51.58,412.00,415.80,403.00,404.00,406.60,"68,113.00",408.00,"27,694,646.50",305,-4.0,12.8,-0.98,3.18,-0.64,459.43,483.77,605.00,384.00,03_17_2022
SBL,51.58,412.00,415.80,403.00,404.00,406.60,"68,113.00",408.00,"27,694,646.50",305,-4.0,12.8,-0.98,3.18,-0.64,459.43,483.77,605.00,384.00,03_18_2022
SBL,51.58,412.00,415.80,403.00,404.00,406.60,"68,113.00",408.00,"27,694,646.50",305,-4.0,12.8,-0.98,3.18,-0.64,459.43,483.77,605.00,384.00,03_19_2022
SBL,53.85,410.00,410.00,403.00,406.70,405.08,"36,732.00",404.00,"14,879,489.30",265,2.7,7.0,0.67,1.74,0.4,458.54,483.13,605.00,392.00,03_20_2022
SBL,45.05,414.80,414.80,403.00,408.00,405.19,"39,469.00",406.70,"15,992,521.10",260,1.30,11.8,0.32,2.93,0.69,457.63,482.56,605.00,392.00,03_21_2022
SBL,48.02,410.00,413.00,406.80,409.00,408.94,"39,578.00",408.00,"16,184,975.40",241,1.0,6.2,0.25,1.52,0.01,456.73,482.01,605.00,392.00,03_22_2022
SBL,51.0,405.10,410.00,403.00,405.50,404.90,"38,618.00",409.00,"15,636,344.40",228,-3.5,7.0,-0.86,1.74,0.15,455.89,481.46,605.00,392.00,03_23_2022
SBL,50.64,409.90,409.90,402.10,402.20,403.76,"53,080.00",405.50,"21,431,384.30",237,-3.3,7.8,-0.81,1.94,-0.39,455.11,480.95,605.00,392.00,03_24_2022
SBL,50.64,409.90,409.90,402.10,402.20,403.76,"53,080.00",405.50,"21,431,384.30",237,-3.3,7.8,-0.81,1.94,-0.39,455.11,480.95,605.00,392.00,03_24_2022
SBL,50.64,409.90,409.90,402.10,402.20,403.76,"53,080.00",405.50,"21,431,384.30",237,-3.3,7.8,-0.81,1.94,-0.39,455.11,480.95,605.00,392.00,03_24_2022
SBL,50.64,409.90,409.90,402.10,402.20,403.76,"53,080.00",405.50,"21,431,384.30",237,-3.3,7.8,-0.81,1.94,-0.39,455.11,480.95,605.00,392.00,03_24_2022
SBL,44.53,409.90,409.90,402.10,402.20,403.76,"53,080.00",405.50,"21,431,384.30",237,-3.3,7.8,-0.81,1.94,-0.39,455.11,480.95,605.00,392.00,03_25_2022
SBL,44.53,409.90,409.90,402.10,402.20,403.76,"53,080.00",405.50,"21,431,384.30",237,-3.3,7.8,-0.81,1.94,-0.39,455.11,480.95,605.00,392.00,03_26_2022
SBL,43.88,402.00,406.50,397.00,398.00,399.45,"88,284.00",402.20,"35,264,928.00",369,-4.2,9.50,-1.04,2.39,-0.36,454.37,480.47,605.00,392.00,03_27_2022
SBL,43.77,405.00,405.00,393.30,395.00,395.70,"42,554.00",398.00,"16,838,494.70",307,-3.0,11.7,-0.75,2.97,-0.18,453.62,479.88,605.00,392.00,03_28_2022
SBL,40.68,396.00,398.00,393.00,395.00,394.48,"26,739.00",395.00,"10,547,939.70",209,0.0,5.0,0.0,1.27,0.13,452.71,479.36,605.00,392.00,03_29_2022
SBL,39.75,396.00,398.00,392.10,397.00,395.34,"41,942.00",395.00,"16,581,330.30",256,2.0,5.9,0.51,1.5,0.42,451.71,478.89,605.00,392.00,03_30_2022
SBL,43.17,400.00,403.00,395.00,399.00,400.32,"56,066.00",397.00,"22,444,540.00",310,2.0,8.0,0.5,2.03,-0.33,450.80,478.35,605.00,392.00,03_31_2022
SBL,49.72,400.00,403.00,395.00,399.00,400.32,"56,066.00",397.00,"22,444,540.00",310,2.0,8.0,0.5,2.03,-0.33,450.80,478.35,605.00,392.00,04_01_2022
SBL,49.72,400.00,403.00,395.00,399.00,400.32,"56,066.00",397.00,"22,444,540.00",310,2.0,8.0,0.5,2.03,-0.33,450.80,478.35,605.00,392.00,04_02_2022
SBL,48.02,403.00,403.00,395.00,396.00,398.50,"32,499.00",399.00,"12,950,998.30",213,-3.0,8.0,-0.75,2.03,-0.63,449.94,477.79,605.00,392.00,04_03_2022
SBL,45.12,403.90,403.90,393.00,396.00,395.53,"35,593.00",396.00,"14,078,232.10",242,0.0,10.9,0.0,2.77,0.12,449.21,477.27,605.00,392.00,04_04_2022
SBL,48.99,403.90,403.90,389.00,392.00,390.68,"75,026.00",396.00,"29,311,066.10",431,-4.0,14.90,-1.01,3.83,0.34,448.42,476.73,605.00,389.00,04_05_2022
SBL,37.25,388.00,392.00,385.00,386.90,387.09,"38,829.00",392.00,"15,030,179.10",303,-5.1,7.0,-1.3,1.82,-0.05,447.65,476.15,605.00,385.00,04_06_2022
SBL,31.67,389.00,397.90,386.10,395.00,391.39,"47,077.00",386.90,"18,425,613.00",369,8.1,11.8,2.09,3.06,0.91,447.00,475.65,605.00,385.00,04_07_2022
SBL,42.32,389.00,397.90,386.10,395.00,391.39,"47,077.00",386.90,"18,425,613.00",369,8.1,11.8,2.09,3.06,0.91,447.00,475.65,605.00,385.00,04_08_2022
SBL,42.32,389.00,397.90,386.10,395.00,391.39,"47,077.00",386.90,"18,425,613.00",369,8.1,11.8,2.09,3.06,0.91,447.00,475.65,605.00,385.00,04_09_2022
SBL,42.32,389.00,397.90,386.10,395.00,391.39,"47,077.00",386.90,"18,425,613.00",369,8.1,11.8,2.09,3.06,0.91,447.00,475.65,605.00,385.00,04_10_2022
SBL,41.98,402.00,410.00,392.10,395.00,395.84,"53,861.00",395.00,"21,320,589.40",275,0.0,17.9,0.0,4.57,-0.21,446.38,475.15,605.00,385.00,04_11_2022
SBL,41.43,389.90,395.00,389.50,393.00,391.63,"32,157.00",395.00,"12,593,527.30",214,-2.0,5.5,-0.51,1.41,0.35,445.76,474.61,605.00,385.00,04_12_2022
SBL,42.14,393.00,398.90,390.00,395.00,395.48,"29,042.00",393.00,"11,485,671.20",241,2.00,8.9,0.51,2.28,-0.12,445.15,474.09,605.00,385.00,04_13_2022
SBL,45.0,393.00,398.90,390.00,395.00,395.48,"29,042.00",393.00,"11,485,671.20",241,2.00,8.9,0.51,2.28,-0.12,445.15,474.09,605.00,385.00,04_14_2022
SBL,45.0,393.00,398.90,390.00,395.00,395.48,"29,042.00",393.00,"11,485,671.20",241,2.00,8.9,0.51,2.28,-0.12,445.15,474.09,605.00,385.00,04_15_2022
SBL,45.0,393.00,398.90,390.00,395.00,395.48,"29,042.00",393.00,"11,485,671.20",241,2.00,8.9,0.51,2.28,-0.12,445.15,474.09,605.00,385.00,04_16_2022
SBL,47.57,402.90,402.90,389.00,392.00,395.37,"31,456.00",395.00,"12,436,816.20",264,-3.00,13.9,-0.76,3.57,-0.86,444.53,473.53,605.00,385.00,04_17_2022
SBL,38.77,398.00,398.00,388.00,388.30,391.03,"32,142.00",392.00,"12,568,535.50",278,-3.7,10.00,-0.94,2.58,-0.7,443.94,472.88,605.00,385.00,04_18_2022
SBL,32.93,396.00,400.00,386.00,400.00,392.66,"48,613.00",388.30,"19,088,251.50",284,11.7,14.0,3.01,3.63,1.84,443.45,472.35,605.00,385.00,04_19_2022
SBL,47.17,408.00,408.00,389.00,395.00,396.71,"108,344.00",400.00,"42,980,624.80",329,-5.0,19.0,-1.25,4.88,-0.43,443.04,471.77,605.00,385.00,04_20_2022
SBL,44.36,391.20,398.00,388.00,392.00,391.09,"28,318.00",395.00,"11,074,906.00",230,-3.0,10.00,-0.76,2.58,0.23,442.69,471.19,605.00,385.00,04_21_2022
SBL,40.14,391.20,398.00,388.00,392.00,391.09,"28,318.00",395.00,"11,074,906.00",230,-3.0,10.00,-0.76,2.58,0.23,442.69,471.19,605.00,385.00,04_22_2022
SBL,40.14,391.20,398.00,388.00,392.00,391.09,"28,318.00",395.00,"11,074,906.00",230,-3.0,10.00,-0.76,2.58,0.23,442.69,471.19,605.00,385.00,04_23_2022
SBL,40.67,399.00,402.00,395.20,402.00,398.66,"27,519.00",392.00,"10,970,802.20",227,10.00,6.80,2.55,1.72,0.83,442.28,470.63,605.00,385.00,04_24_2022
SBL,44.21,406.00,406.70,397.00,397.00,400.18,"27,935.00",402.00,"11,179,149.30",202,-5.0,9.7,-1.24,2.44,-0.8,441.70,469.79,605.00,385.00,04_25_2022
SBL,30.49,398.00,402.00,392.00,399.00,396.59,"106,362.00",397.00,"42,182,006.10",226,2.0,10.0,0.5,2.55,0.6,441.05,468.97,605.00,385.00,04_26_2022
SBL,51.1,395.00,399.00,394.00,398.00,396.50,"17,927.00",399.00,"7,108,027.60",143,-1.0,5.0,-0.25,1.27,0.38,440.28,468.10,605.00,385.00,04_27_2022
SBL,41.97,405.90,405.90,392.50,393.00,396.02,"21,520.00",398.00,"8,522,453.60",190,-5.0,13.4,-1.26,3.41,-0.77,439.40,467.11,605.00,385.00,04_28_2022
SBL,25.56,405.90,405.90,392.50,393.00,396.02,"21,520.00",398.00,"8,522,453.60",190,-5.0,13.4,-1.26,3.41,-0.77,439.40,467.11,605.00,385.00,04_29_2022
SBL,25.56,405.90,405.90,392.50,393.00,396.02,"21,520.00",398.00,"8,522,453.60",190,-5.0,13.4,-1.26,3.41,-0.77,439.40,467.11,605.00,385.00,04_30_2022
SBL,25.56,405.90,405.90,392.50,393.00,396.02,"21,520.00",398.00,"8,522,453.60",190,-5.0,13.4,-1.26,3.41,-0.77,439.40,467.11,605.00,385.00,05_01_2022
SBL,26.96,394.00,396.00,385.40,387.00,388.24,"27,540.00",393.00,"10,692,124.00",213,-6.0,10.6,-1.53,2.75,-0.32,438.44,465.95,605.00,385.00,05_02_2022
SBL,27.76,394.00,396.00,385.40,387.00,388.24,"27,540.00",393.00,"10,692,124.00",213,-6.0,10.6,-1.53,2.75,-0.32,438.44,465.95,605.00,385.00,05_03_2022
SBL,26.85,394.70,394.70,378.10,383.00,383.75,"21,198.00",387.00,"8,134,731.00",191,-4.0,16.6,-1.03,4.39,-0.2,437.45,464.86,605.00,378.10,05_04_2022
SBL,25.59,380.00,382.00,378.00,380.00,380.36,"50,245.00",383.00,"19,110,995.00",231,-3.0,4.0,-0.78,1.06,-0.09,436.33,463.76,605.00,378.00,05_05_2022
SBL,28.18,380.00,382.00,378.00,380.00,380.36,"50,245.00",383.00,"19,110,995.00",231,-3.0,4.0,-0.78,1.06,-0.09,436.33,463.76,605.00,378.00,05_06_2022
SBL,28.18,380.00,382.00,378.00,380.00,380.36,"50,245.00",383.00,"19,110,995.00",231,-3.0,4.0,-0.78,1.06,-0.09,436.33,463.76,605.00,378.00,05_07_2022
SBL,28.18,384.00,384.00,374.00,381.00,376.93,"19,898.00",380.00,"7,500,151.70",195,1.0,10.00,0.26,2.67,1.07,435.19,462.70,605.00,374.00,05_08_2022
SBL,25.39,388.60,388.60,379.00,382.00,382.79,"43,943.00",381.00,"16,820,924.50",190,1.0,9.6,0.26,2.53,-0.21,434.00,461.67,605.00,374.00,05_09_2022
SBL,32.91,389.00,390.00,384.00,389.00,385.99,"37,090.00",382.00,"14,316,366.90",143,7.0,6.0,1.83,1.56,0.77,432.90,460.68,605.00,374.00,05_10_2022
SBL,44.86,395.00,397.00,392.00,396.60,394.73,"14,681.00",389.00,"5,795,057.90",141,7.6,5.0,1.95,1.28,0.47,431.91,459.69,605.00,374.00,05_11_2022
SBL,43.0,400.00,401.00,395.00,396.00,398.21,"33,703.00",396.60,"13,420,736.50",202,-0.6,6.0,-0.15,1.52,-0.56,431.04,458.65,605.00,374.00,05_12_2022
SBL,45.7,400.00,401.00,395.00,396.00,398.21,"33,703.00",396.60,"13,420,736.50",202,-0.6,6.0,-0.15,1.52,-0.56,431.04,458.65,605.00,374.00,05_13_2022
SBL,45.7,400.00,401.00,395.00,396.00,398.21,"33,703.00",396.60,"13,420,736.50",202,-0.6,6.0,-0.15,1.52,-0.56,431.04,458.65,605.00,374.00,05_14_2022
SBL,45.7,400.00,401.00,395.00,396.00,398.21,"33,703.00",396.60,"13,420,736.50",202,-0.6,6.0,-0.15,1.52,-0.56,431.04,458.65,605.00,374.00,05_15_2022
SBL,45.7,400.00,401.00,395.00,396.00,398.21,"33,703.00",396.60,"13,420,736.50",202,-0.6,6.0,-0.15,1.52,-0.56,431.04,458.65,605.00,374.00,05_16_2022
SBL,47.05,392.00,392.00,388.00,388.00,389.25,"18,805.00",396.00,"7,319,890.90",155,-8.00,4.0,-2.02,1.03,-0.32,430.21,457.55,605.00,374.00,05_17_2022
SBL,44.89,393.00,393.00,382.00,386.10,386.71,"8,398.00",388.00,"3,247,615.40",118,-1.9,11.0,-0.49,2.88,-0.16,429.30,456.42,605.00,374.00,05_18_2022
SBL,33.08,383.70,391.00,383.70,385.00,385.19,"24,289.00",386.10,"9,355,956.70",143,-1.1,7.3,-0.28,1.9,-0.05,428.37,455.28,605.00,374.00,05_19_2022
SBL,29.54,385.00,387.00,383.00,383.00,383.94,"10,244.00",385.00,"3,933,044.40",112,-2.0,4.0,-0.52,1.04,-0.24,427.36,454.17,605.00,374.00,05_20_2022
SBL,25.23,385.00,387.00,383.00,383.00,383.94,"10,244.00",385.00,"3,933,044.40",112,-2.0,4.0,-0.52,1.04,-0.24,427.36,454.17,605.00,374.00,05_21_2022
SBL,25.23,385.00,387.00,383.00,383.00,383.94,"10,244.00",385.00,"3,933,044.40",112,-2.0,4.0,-0.52,1.04,-0.24,427.36,454.17,605.00,374.00,05_22_2022
SBL,24.98,390.60,390.60,374.00,377.00,376.23,"31,599.00",383.00,"11,888,447.70",235,-6.0,16.6,-1.57,4.44,0.2,426.29,452.99,605.00,374.00,05_23_2022
SBL,34.36,384.50,384.50,376.00,382.00,380.13,"21,162.00",377.00,"8,044,287.60",203,5.0,8.50,1.33,2.26,0.49,425.33,451.88,605.00,374.00,05_24_2022
SBL,35.77,389.60,389.60,377.00,386.00,384.82,"29,132.00",382.00,"11,210,693.60",181,4.0,12.6,1.05,3.34,0.3,424.40,450.79,605.00,374.00,05_25_2022
SBL,45.29,393.70,393.70,382.10,385.00,384.92,"18,820.00",386.00,"7,244,118.20",147,-1.0,11.6,-0.26,3.04,0.02,423.51,449.72,605.00,374.00,05_26_2022
SBL,41.54,385.00,385.00,378.00,382.00,380.54,"38,462.00",385.00,"14,636,416.20",216,-3.0,7.0,-0.78,1.85,0.38,422.62,448.64,605.00,374.00,05_27_2022
SBL,47.15,385.00,385.00,378.00,382.00,380.54,"38,462.00",385.00,"14,636,416.20",216,-3.0,7.0,-0.78,1.85,0.38,422.62,448.64,605.00,374.00,05_28_2022
SBL,47.15,385.00,385.00,378.00,382.00,380.54,"38,462.00",385.00,"14,636,416.20",216,-3.0,7.0,-0.78,1.85,0.38,422.62,448.64,605.00,374.00,05_29_2022
SBL,46.62,389.60,389.60,374.00,376.60,375.95,"19,999.00",382.00,"7,518,653.10",215,-5.4,15.6,-1.41,4.17,0.17,421.74,447.60,605.00,374.00,05_30_2022
SBL,33.75,370.00,375.00,366.00,366.00,369.56,"39,251.00",376.60,"14,505,541.00",309,-10.6,9.0,-2.81,2.46,-0.97,420.80,446.45,605.00,366.00,05_31_2022
SBL,32.66,372.00,372.00,364.00,367.00,366.87,"22,933.00",366.00,"8,413,371.30",186,1.0,8.0,0.27,2.2,0.04,419.96,445.33,605.00,364.00,06_01_2022
SBL,29.4,374.00,374.00,361.70,365.00,364.07,"29,420.00",367.00,"10,710,938.90",238,-2.0,12.3,-0.54,3.4,0.25,419.12,444.26,605.00,361.70,06_02_2022
SBL,29.39,372.30,372.30,355.00,355.00,357.89,"42,357.00",365.00,"15,158,974.20",341,-10.0,17.3,-2.74,4.87,-0.81,418.22,443.24,605.00,355.00,06_03_2022
SBL,31.16,372.30,372.30,355.00,355.00,357.89,"42,357.00",365.00,"15,158,974.20",341,-10.0,17.3,-2.74,4.87,-0.81,418.22,443.24,605.00,355.00,06_04_2022
SBL,31.16,372.30,372.30,355.00,355.00,357.89,"42,357.00",365.00,"15,158,974.20",341,-10.0,17.3,-2.74,4.87,-0.81,418.22,443.24,605.00,355.00,06_05_2022
SBL,30.74,360.00,360.00,343.00,347.00,348.66,"60,191.00",355.00,"20,986,285.70",418,-8.0,17.0,-2.25,4.96,-0.48,417.25,442.18,605.00,343.00,06_06_2022
SBL,35.16,345.00,345.00,329.00,335.50,336.24,"51,710.00",347.00,"17,386,719.30",366,-11.5,16.0,-3.31,4.86,-0.22,416.23,441.16,605.00,329.00,06_07_2022
SBL,31.43,340.00,347.00,336.00,338.00,341.56,"41,783.00",335.50,"14,271,196.90",287,2.5,11.00,0.75,3.27,-1.05,415.38,440.20,605.00,329.00,06_08_2022
SBL,33.72,344.70,346.90,337.40,338.00,341.07,"26,454.00",338.00,"9,022,555.70",224,0.0,9.5,0.0,2.82,-0.91,414.46,439.22,605.00,329.00,06_09_2022
SBL,35.94,344.70,344.70,331.50,336.00,333.94,"9,361.00",338.00,"3,125,979.90",109,-2.0,13.2,-0.59,3.98,0.61,413.58,438.29,605.00,329.00,06_10_2022
SBL,34.4,344.70,344.70,331.50,336.00,333.94,"9,361.00",338.00,"3,125,979.90",109,-2.0,13.2,-0.59,3.98,0.61,413.58,438.29,605.00,329.00,06_11_2022
SBL,34.4,344.70,344.70,331.50,336.00,333.94,"9,361.00",338.00,"3,125,979.90",109,-2.0,13.2,-0.59,3.98,0.61,413.58,438.29,605.00,329.00,06_12_2022
SBL,34.13,342.70,342.70,330.00,334.00,333.95,"20,729.00",336.00,"6,922,496.60",152,-2.0,12.7,-0.6,3.85,0.01,412.74,437.35,605.00,329.00,06_13_2022
SBL,38.77,333.00,333.00,326.00,328.00,328.05,"24,892.00",334.00,"8,165,739.50",226,-6.0,7.0,-1.8,2.15,-0.01,411.82,436.21,605.00,326.00,06_14_2022
SBL,34.18,334.50,334.50,315.60,319.00,319.32,"29,081.00",328.00,"9,286,173.00",230,-9.0,18.90,-2.74,5.99,-0.1,410.98,435.09,605.00,315.60,06_15_2022
SBL,35.26,315.20,327.00,315.20,318.00,318.87,"37,095.00",319.00,"11,828,571.50",207,-1.0,11.8,-0.31,3.74,-0.27,410.15,434.04,605.00,315.20,06_16_2022
SBL,37.85,316.00,325.00,315.10,316.00,320.22,"31,244.00",318.00,"10,004,958.40",162,-2.0,9.9,-0.63,3.14,-1.34,409.12,433.00,605.00,315.10,06_17_2022
SBL,34.52,316.00,325.00,315.10,316.00,320.22,"31,244.00",318.00,"10,004,958.40",162,-2.0,9.9,-0.63,3.14,-1.34,409.12,433.00,605.00,315.10,06_18_2022
SBL,34.02,320.00,320.00,309.00,310.00,310.42,"21,747.00",316.00,"6,750,786.90",214,-6.0,11.00,-1.9,3.56,-0.14,408.13,431.87,605.00,309.00,06_19_2022
SBL,31.52,309.00,309.90,304.00,306.00,306.13,"45,892.00",310.00,"14,048,955.00",247,-4.0,5.90,-1.29,1.94,-0.04,407.14,430.70,605.00,304.00,06_20_2022
SBL,37.42,309.00,323.30,305.00,323.30,310.93,"39,395.00",306.00,"12,249,030.40",211,17.3,18.30,5.65,6.0,3.83,406.28,429.62,605.00,304.00,06_21_2022
SBL,42.53,320.00,323.00,309.20,309.70,311.81,"36,827.00",323.30,"11,483,008.50",243,-13.6,13.8,-4.21,4.46,-0.68,405.28,428.53,605.00,304.00,06_22_2022
SBL,36.53,303.60,312.00,299.00,310.00,303.11,"70,234.00",309.70,"21,288,720.60",403,0.3,13.0,0.1,4.35,2.22,404.14,427.50,605.00,299.00,06_23_2022
SBL,49.81,310.00,320.00,306.00,306.00,310.39,"45,515.00",315.00,"14,127,469.70",314,-9.0,14.0,-2.86,4.58,-1.44,392.93,417.58,605.00,298.20,07_05_2022
SBL,33.53,308.00,310.00,300.00,309.00,303.74,"35,158.00",306.00,"10,678,870.20",232,3.0,10.0,0.98,3.33,1.7,391.63,416.68,605.00,298.20,07_06_2022
SBL,41.04,315.10,315.10,303.00,311.00,306.06,"34,052.00",309.00,"10,421,892.30",227,2.0,12.1,0.65,3.99,1.59,390.42,415.82,605.00,298.20,07_07_2022
SBL,39.15,306.00,309.00,304.00,305.60,305.71,"26,338.00",311.00,"8,051,751.60",118,-5.4,5.0,-1.74,1.64,-0.04,389.09,414.92,605.00,298.20,07_08_2022
SBL,30.69,306.00,309.00,304.00,305.60,305.71,"26,338.00",311.00,"8,051,751.60",118,-5.4,5.0,-1.74,1.64,-0.04,389.09,414.92,605.00,298.20,07_09_2022
SBL,30.69,306.00,309.00,304.00,305.60,305.71,"26,338.00",311.00,"8,051,751.60",118,-5.4,5.0,-1.74,1.64,-0.04,389.09,414.92,605.00,298.20,07_10_2022
SBL,28.48,304.00,304.90,290.10,291.00,295.24,"93,067.00",305.60,"27,476,733.50",609,-14.6,14.8,-4.78,5.1,-1.46,387.74,413.94,605.00,290.10,07_11_2022
SBL,36.12,294.00,295.00,288.20,289.00,290.62,"63,851.00",291.00,"18,556,485.10",401,-2.0,6.8,-0.69,2.36,-0.56,386.32,412.99,605.00,288.20,07_12_2022
SBL,30.93,294.00,295.00,289.00,294.00,291.97,"137,903.00",289.00,"40,263,235.60",387,5.0,6.0,1.73,2.08,0.69,384.86,412.08,605.00,288.20,07_13_2022
SBL,-,299.80,305.70,296.00,298.60,298.43,"44,218.00",294.00,"13,195,958.80",262,4.6,9.70,1.56,3.28,0.06,383.43,411.27,605.00,288.20,07_14_2022
SBL,32.84,298.10,303.90,298.00,303.00,300.70,"61,618.00",298.60,"18,528,474.30",190,4.4,5.9,1.47,1.98,0.76,382.00,410.54,605.00,288.20,07_15_2022
SBL,49.44,298.10,303.90,298.00,303.00,300.70,"61,618.00",298.60,"18,528,474.30",190,4.4,5.9,1.47,1.98,0.76,382.00,410.54,605.00,288.20,07_16_2022
SBL,46.66,303.00,309.90,300.00,309.90,304.29,"45,999.00",303.00,"13,997,144.60",252,6.9,9.9,2.28,3.3,1.81,380.66,409.76,605.00,288.20,07_17_2022
SBL,44.65,309.90,315.00,308.00,315.00,310.99,"52,175.00",309.90,"16,226,032.00",264,5.10,7.0,1.65,2.27,1.27,379.39,408.92,605.00,288.20,07_18_2022
SBL,45.07,316.00,320.00,312.00,314.00,316.82,"50,452.00",315.00,"15,984,282.80",289,-1.0,8.0,-0.32,2.56,-0.9,378.07,408.01,605.00,288.20,07_19_2022
SBL,44.98,312.10,318.20,312.00,315.40,314.77,"25,318.00",314.00,"7,969,251.20",148,1.4,6.2,0.45,1.99,0.2,376.89,407.04,605.00,288.20,07_20_2022
SBL,45.52,315.50,318.00,311.30,315.00,315.53,"45,220.00",315.40,"14,268,135.10",210,-0.4,6.7,-0.13,2.15,-0.17,375.73,406.02,605.00,288.20,07_21_2022
SBL,48.32,317.00,317.70,310.10,315.00,314.59,"64,161.00",315.00,"20,184,155.70",191,0.0,7.6,0.0,2.45,0.13,374.64,404.98,605.00,288.20,07_22_2022
SBL,37.79,317.00,317.70,310.10,315.00,314.59,"64,161.00",315.00,"20,184,155.70",191,0.0,7.6,0.0,2.45,0.13,374.64,404.98,605.00,288.20,07_23_2022
SBL,34.99,315.00,318.00,310.00,318.00,314.15,"50,944.00",315.00,"16,004,095.40",312,3.0,8.0,0.95,2.58,1.21,373.60,403.95,605.00,288.20,07_24_2022
SBL,47.49,321.00,324.00,318.00,321.00,320.59,"62,045.00",318.00,"19,891,209.20",354,3.0,6.0,0.94,1.89,0.13,372.44,402.88,605.00,288.20,07_25_2022
SBL,52.77,319.90,324.00,312.20,313.00,315.30,"44,062.00",321.00,"13,892,816.50",279,-8.0,11.8,-2.49,3.78,-0.74,371.27,401.74,605.00,288.20,07_26_2022
SBL,30.98,315.10,315.10,310.10,313.00,312.32,"15,160.00",313.00,"4,734,718.90",158,0.0,5.0,0.0,1.61,0.22,370.08,400.57,605.00,288.20,07_27_2022
SBL,32.99,317.00,319.20,310.00,311.00,314.71,"59,580.00",313.00,"18,750,618.90",290,-2.0,9.20,-0.64,2.97,-1.19,368.88,399.40,605.00,288.20,07_28_2022
SBL,35.62,317.00,317.00,308.00,315.00,312.92,"16,584.00",311.00,"5,189,460.20",129,4.0,9.00,1.29,2.92,0.66,367.77,398.29,605.00,288.20,07_29_2022
SBL,29.29,317.00,317.00,308.00,315.00,312.92,"16,584.00",311.00,"5,189,460.20",129,4.0,9.00,1.29,2.92,0.66,367.77,398.29,605.00,288.20,07_30_2022
SBL,26.87,317.00,333.00,316.20,333.00,323.41,"59,013.00",315.00,"19,085,568.00",466,18.0,16.8,5.71,5.31,2.88,366.83,397.36,605.00,288.20,07_31_2022
SBL,51.73,339.00,344.80,333.00,335.50,337.56,"112,321.00",333.00,"37,914,657.80",572,2.5,11.8,0.75,3.54,-0.61,365.92,396.51,605.00,288.20,08_01_2022
SBL,58.03,336.00,341.00,331.10,335.00,335.46,"34,819.00",335.50,"11,680,482.20",225,-0.5,9.9,-0.15,2.99,-0.14,365.06,395.62,605.00,288.20,08_02_2022
SBL,52.29,341.70,348.00,337.30,338.10,340.15,"90,162.00",335.00,"30,668,351.60",482,3.1,10.7,0.93,3.17,-0.61,364.27,394.74,605.00,288.20,08_03_2022
SBL,52.53,344.00,344.00,327.00,327.00,330.71,"61,343.00",338.10,"20,286,705.50",394,-11.1,17.0,-3.28,5.2,-1.13,363.47,393.76,605.00,288.20,08_04_2022
SBL,40.06,327.70,332.90,319.10,320.00,322.87,"31,933.00",327.00,"10,310,329.40",224,-7.0,13.8,-2.14,4.32,-0.9,362.60,392.72,605.00,288.20,08_05_2022
SBL,34.05,327.70,332.90,319.10,320.00,322.87,"31,933.00",327.00,"10,310,329.40",224,-7.0,13.8,-2.14,4.32,-0.9,362.60,392.72,605.00,288.20,08_06_2022
SBL,30.77,318.10,325.50,317.00,318.00,319.50,"38,474.00",320.00,"12,292,545.30",218,-2.0,8.5,-0.63,2.68,-0.47,361.67,391.73,605.00,288.20,08_07_2022
SBL,32.43,324.00,324.00,317.00,317.00,318.34,"24,423.00",318.00,"7,774,896.30",184,-1.00,7.00,-0.31,2.21,-0.42,360.76,390.73,605.00,288.20,08_08_2022
SBL,33.23,317.00,319.00,312.00,312.60,314.86,"32,951.00",317.00,"10,374,953.20",216,-4.4,7.0,-1.39,2.24,-0.72,359.81,389.73,599.00,288.20,08_09_2022
SBL,32.34,316.90,316.90,308.40,308.40,310.19,"27,991.00",312.60,"8,682,648.30",205,-4.2,8.50,-1.34,2.76,-0.58,358.89,388.73,599.00,288.20,08_10_2022
SBL,30.52,310.00,311.50,305.70,306.00,308.22,"35,449.00",308.40,"10,925,950.90",215,-2.40,5.80,-0.78,1.9,-0.72,357.90,387.75,599.00,288.20,08_11_2022
SBL,30.27,310.00,311.50,305.70,306.00,308.22,"35,449.00",308.40,"10,925,950.90",215,-2.40,5.80,-0.78,1.9,-0.72,357.90,387.75,599.00,288.20,08_12_2022
SBL,30.27,310.00,311.50,305.70,306.00,308.22,"35,449.00",308.40,"10,925,950.90",215,-2.40,5.80,-0.78,1.9,-0.72,357.90,387.75,599.00,288.20,08_13_2022
SBL,26.79,305.00,311.00,303.60,304.00,305.85,"23,714.00",306.00,"7,253,033.10",184,-2.0,7.4,-0.65,2.44,-0.61,356.88,386.78,593.70,288.20,08_14_2022
SBL,25.45,304.10,310.00,304.10,309.50,308.19,"19,155.00",304.00,"5,903,432.50",168,5.5,5.9,1.81,1.94,0.42,355.92,385.90,593.70,288.20,08_15_2022
SBL,32.71,315.00,321.90,310.00,310.00,312.66,"34,069.00",309.50,"10,651,869.50",247,0.50,11.90,0.16,3.84,-0.86,355.04,385.04,590.50,288.20,08_16_2022
SBL,45.13,310.00,313.00,308.00,310.90,310.24,"15,042.00",310.00,"4,666,687.30",133,0.9,5.0,0.29,1.62,0.21,354.20,384.19,584.00,288.20,08_17_2022
SBL,40.28,308.00,314.00,308.00,313.90,312.70,"20,949.00",310.90,"6,550,771.50",145,3.0,6.0,0.96,1.95,0.38,353.42,383.36,577.00,288.20,08_18_2022
SBL,43.75,308.00,314.00,308.00,313.90,312.70,"20,949.00",310.90,"6,550,771.50",145,3.0,6.0,0.96,1.95,0.38,353.42,383.36,577.00,288.20,08_19_2022
SBL,43.75,308.00,314.00,308.00,313.90,312.70,"20,949.00",310.90,"6,550,771.50",145,3.0,6.0,0.96,1.95,0.38,353.42,383.36,577.00,288.20,08_20_2022
SBL,43.75,310.80,318.00,310.80,314.50,315.37,"31,362.00",313.90,"9,890,527.30",194,0.6,7.2,0.19,2.32,-0.28,352.71,382.56,569.00,288.20,08_21_2022
SBL,-,318.00,318.00,310.00,314.50,313.44,"25,229.00",314.50,"7,907,850.50",155,0.0,8.0,0.0,2.58,0.34,351.99,381.86,569.00,288.20,08_22_2022
SBL,45.88,319.90,319.90,313.00,313.80,315.30,"30,406.00",314.50,"9,587,121.40",152,-0.7,6.9,-0.22,2.2,-0.48,351.27,381.12,569.00,288.20,08_23_2022
SBL,44.88,317.00,320.00,314.00,316.40,316.01,"31,119.00",313.80,"9,834,055.10",160,2.6,6.0,0.83,1.91,0.12,350.62,380.42,569.00,288.20,08_24_2022
SBL,45.64,318.00,318.80,314.00,314.00,316.65,"17,316.00",316.40,"5,483,078.90",151,-2.4,4.8,-0.76,1.53,-0.84,349.90,379.75,569.00,288.20,08_25_2022
SBL,38.77,318.00,318.00,309.00,313.90,311.72,"9,821.00",314.00,"3,061,416.00",85,-0.1,9.0,-0.03,2.91,0.69,349.10,379.06,549.00,288.20,08_26_2022
SBL,36.25,318.00,318.00,309.00,313.90,311.72,"9,821.00",314.00,"3,061,416.00",85,-0.1,9.0,-0.03,2.91,0.69,349.10,379.06,549.00,288.20,08_27_2022
SBL,36.25,309.00,311.90,306.20,307.50,308.28,"34,529.00",313.90,"10,644,500.70",250,-6.4,5.7,-2.04,1.86,-0.25,348.23,378.43,540.00,288.20,08_28_2022
SBL,37.73,307.00,309.90,302.50,309.00,306.58,"30,416.00",307.50,"9,325,046.40",172,1.5,7.4,0.49,2.45,0.78,347.40,377.83,540.00,288.20,08_29_2022
SBL,35.58,314.00,314.90,308.00,309.90,309.41,"10,439.00",309.00,"3,229,930.20",87,0.9,6.9,0.29,2.24,0.16,346.62,377.11,537.00,288.20,08_30_2022
SBL,31.59,309.00,309.00,304.00,306.00,304.96,"19,550.00",309.90,"5,962,037.00",212,-3.9,5.0,-1.26,1.64,0.34,345.78,376.43,537.00,288.20,08_31_2022
SBL,49.48,515.00,522.00,506.10,514.00,516.26,"210,317.00",511.00,"108,578,916.70","1,005",3.0,15.9,0.59,3.14,-0.44,475.94,449.57,605.00,295.00,09_01_2021
SBL,29.05,308.00,308.00,301.00,305.00,303.77,"10,423.00",306.00,"3,166,186.50",122,-1.0,7.0,-0.33,2.33,0.4,344.92,375.76,537.00,288.20,09_01_2022
SBL,32.53,305.00,306.90,302.00,303.00,303.38,"8,095.00",305.00,"2,455,867.00",77,-2.0,4.9,-0.66,1.62,-0.13,344.04,375.08,537.00,288.20,09_02_2022
SBL,26.48,305.00,306.90,302.00,303.00,303.38,"8,095.00",305.00,"2,455,867.00",77,-2.0,4.9,-0.66,1.62,-0.13,344.04,375.08,537.00,288.20,09_03_2022
SBL,25.98,300.00,311.00,300.00,305.00,305.01,"12,502.00",303.00,"3,813,193.20",132,2.0,11.0,0.66,3.67,0.0,343.20,374.38,537.00,288.20,09_04_2022
SBL,25.51,306.90,308.00,303.50,304.80,304.99,"28,283.00",305.00,"8,626,095.20",139,-0.2,4.5,-0.07,1.48,-0.06,342.39,373.60,537.00,288.20,09_05_2022
SBL,34.45,304.00,306.00,301.10,302.10,302.76,"20,720.00",304.80,"6,273,244.60",146,-2.7,4.9,-0.89,1.63,-0.22,341.59,372.77,537.00,288.20,09_06_2022
SBL,25.91,304.00,308.00,300.00,302.90,301.10,"40,668.00",302.10,"12,244,935.00",269,0.8,8.0,0.26,2.67,0.6,340.82,371.85,537.00,288.20,09_07_2022
SBL,38.97,304.00,304.00,299.00,300.00,300.52,"21,601.00",302.90,"6,491,484.50",160,-2.9,5.0,-0.96,1.67,-0.17,340.03,370.97,535.30,288.20,09_08_2022
SBL,30.19,304.00,304.00,299.00,300.00,300.52,"21,601.00",302.90,"6,491,484.50",160,-2.9,5.0,-0.96,1.67,-0.17,340.03,370.97,535.30,288.20,09_09_2022
SBL,30.19,304.00,304.00,299.00,300.00,300.52,"21,601.00",302.90,"6,491,484.50",160,-2.9,5.0,-0.96,1.67,-0.17,340.03,370.97,535.30,288.20,09_10_2022
SBL,29.56,301.00,304.00,298.00,299.00,299.57,"29,688.00",300.00,"8,893,621.50",206,-1.0,6.0,-0.33,2.01,-0.19,339.21,370.06,535.30,288.20,09_11_2022
SBL,30.91,300.00,300.00,296.00,297.00,297.46,"17,417.00",299.00,"5,180,787.50",139,-2.0,4.0,-0.67,1.35,-0.15,338.36,369.13,535.30,288.20,09_12_2022
SBL,30.81,302.00,304.80,298.20,302.90,301.68,"30,382.00",297.00,"9,165,791.40",178,5.9,6.6,1.99,2.21,0.4,337.59,368.52,535.30,288.20,09_13_2022
SBL,40.50,308.70,309.90,300.00,307.90,306.40,"37,309.00",302.90,"11,431,365.90",189,5.0,9.9,1.65,3.3,0.49,336.85,367.86,535.30,288.20,09_14_2022
SBL,47.02,308.00,308.00,300.00,302.40,302.45,"30,099.00",307.90,"9,103,500.10",183,-5.5,8.0,-1.79,2.67,-0.02,336.11,367.04,535.30,288.20,09_15_2022
SBL,45.72,300.00,301.00,296.00,300.00,298.62,"18,589.00",302.40,"5,551,087.10",112,-2.4,5.0,-0.79,1.69,0.46,335.38,366.27,535.30,288.20,09_16_2022
SBL,43.06,300.00,301.00,296.00,300.00,298.62,"18,589.00",302.40,"5,551,087.10",112,-2.4,5.0,-0.79,1.69,0.46,335.38,366.27,535.30,288.20,09_17_2022
SBL,41.13,300.50,300.50,295.00,296.20,295.93,"98,169.00",300.00,"29,050,963.60",214,-3.8,5.5,-1.27,1.86,0.09,334.56,365.41,535.30,288.20,09_18_2022
SBL,36.52,300.50,300.50,295.00,296.20,295.93,"98,169.00",300.00,"29,050,963.60",214,-3.8,5.5,-1.27,1.86,0.09,334.56,365.41,535.30,288.20,09_19_2022
SBL,36.9,296.00,296.80,289.10,289.50,291.47,"45,540.00",296.20,"13,273,602.20",277,-6.7,7.7,-2.26,2.66,-0.68,333.68,364.44,535.30,288.20,09_20_2022
SBL,28.41,290.00,292.00,286.00,291.00,290.27,"19,076.00",289.50,"5,537,117.10",133,1.5,6.0,0.52,2.1,0.25,332.83,363.52,535.30,286.00,09_21_2022
SBL,31.32,295.80,295.80,290.00,292.00,292.54,"14,458.00",291.00,"4,229,594.90",150,1.0,5.80,0.34,2.0,-0.19,331.97,362.56,535.30,286.00,09_22_2022
SBL,62.95,535.30,535.30,520.00,521.00,524.07,"122,419.00",524.90,"64,155,554.20",445,-3.9,15.3,-0.74,2.94,-0.59,501.11,471.66,605.00,328.00,11_03_2021
SBL,59.37,535.30,535.30,520.00,521.00,524.07,"122,419.00",524.90,"64,155,554.20",445,-3.9,15.3,-0.74,2.94,-0.59,501.11,471.66,605.00,328.00,11_05_2021
SBL,59.37,535.30,535.30,520.00,521.00,524.07,"122,419.00",524.90,"64,155,554.20",445,-3.9,15.3,-0.74,2.94,-0.59,501.11,471.66,605.00,328.00,11_06_2021
SBL,59.37,535.30,535.30,520.00,521.00,524.07,"122,419.00",524.90,"64,155,554.20",445,-3.9,15.3,-0.74,2.94,-0.59,501.11,471.66,605.00,328.00,11_07_2021
SBL,60.16,522.00,524.90,515.00,515.00,518.29,"65,089.00",521.00,"33,734,723.30",334,-6.0,9.9,-1.15,1.92,-0.64,501.91,472.41,605.00,328.00,11_08_2021
SBL,53.01,514.00,516.00,497.00,500.00,504.46,"135,857.00",515.00,"68,533,987.10",535,-15.0,19.0,-2.91,3.82,-0.89,502.59,473.11,605.00,328.00,11_09_2021
SBL,46.63,514.00,516.00,497.00,500.00,504.46,"135,857.00",515.00,"68,533,987.10",535,-15.0,19.0,-2.91,3.82,-0.89,502.59,473.11,605.00,328.00,11_10_2021
SBL,44.58,492.00,500.00,487.00,488.00,492.36,"95,531.00",500.00,"47,035,889.80",441,-12.0,13.0,-2.4,2.67,-0.89,503.16,473.61,605.00,328.00,11_11_2021
SBL,42.64,492.00,500.00,487.00,488.00,492.36,"95,531.00",500.00,"47,035,889.80",441,-12.0,13.0,-2.4,2.67,-0.89,503.16,473.61,605.00,328.00,11_12_2021
SBL,42.64,492.00,500.00,487.00,488.00,492.36,"95,531.00",500.00,"47,035,889.80",441,-12.0,13.0,-2.4,2.67,-0.89,503.16,473.61,605.00,328.00,11_13_2021
SBL,40.59,488.00,495.00,485.00,495.00,491.29,"77,529.00",488.00,"38,089,357.90",319,7.00,10.00,1.43,2.06,0.75,503.78,474.17,605.00,328.00,11_14_2021
SBL,40.73,495.00,500.00,495.00,497.00,496.06,"42,884.00",495.00,"21,273,018.20",223,2.00,5.00,0.4,1.01,0.19,504.44,474.72,605.00,328.00,11_15_2021
SBL,39.42,497.00,506.00,494.00,504.00,500.85,"55,838.00",497.00,"27,966,347.50",273,7.00,12.00,1.41,2.43,0.63,505.15,475.32,605.00,328.00,11_16_2021
SBL,45.15,505.00,508.00,500.00,506.00,503.58,"79,365.00",504.00,"39,967,010.60",285,2.00,8.00,0.4,1.6,0.48,505.82,475.97,605.00,328.00,11_17_2021
SBL,52.08,506.00,506.00,492.00,497.00,495.48,"52,517.00",506.00,"26,021,300.20",258,-9.0,14.0,-1.78,2.85,0.31,506.39,476.53,605.00,328.00,11_18_2021
SBL,45.29,506.00,506.00,492.00,497.00,495.48,"52,517.00",506.00,"26,021,300.20",258,-9.0,14.0,-1.78,2.85,0.31,506.39,476.53,605.00,328.00,11_19_2021
SBL,45.29,506.00,506.00,492.00,497.00,495.48,"52,517.00",506.00,"26,021,300.20",258,-9.0,14.0,-1.78,2.85,0.31,506.39,476.53,605.00,328.00,11_20_2021
SBL,40.59,497.00,499.00,494.10,497.10,496.63,"33,569.00",497.00,"16,671,394.20",169,0.1,4.9,0.02,0.99,0.09,506.96,476.94,605.00,332.00,11_21_2021
SBL,39.97,499.00,499.00,492.00,492.10,493.48,"35,083.00",497.10,"17,312,870.40",189,-5.0,7.0,-1.01,1.42,-0.28,507.47,477.25,605.00,332.00,11_22_2021
SBL,36.97,493.00,493.00,485.00,489.00,487.57,"57,952.00",492.10,"28,255,585.60",232,-3.1,8.0,-0.63,1.65,0.29,507.89,477.54,605.00,332.00,11_23_2021
SBL,39.78,490.00,490.00,479.00,482.00,481.51,"74,876.00",489.00,"36,053,456.20",322,-7.00,11.0,-1.43,2.3,0.1,508.19,477.84,605.00,333.00,11_24_2021
SBL,43.26,490.00,490.00,474.00,479.00,480.19,"57,132.00",482.00,"27,434,014.70",269,-3.0,16.0,-0.62,3.38,-0.25,508.45,478.18,605.00,333.00,11_25_2021
SBL,41.53,490.00,490.00,474.00,479.00,480.19,"57,132.00",482.00,"27,434,014.70",269,-3.0,16.0,-0.62,3.38,-0.25,508.45,478.18,605.00,333.00,11_26_2021
SBL,41.53,490.00,490.00,474.00,479.00,480.19,"57,132.00",482.00,"27,434,014.70",269,-3.0,16.0,-0.62,3.38,-0.25,508.45,478.18,605.00,333.00,11_27_2021
SBL,38.63,470.00,475.10,461.00,468.00,470.71,"63,068.00",479.00,"29,686,874.40",327,-11.0,14.1,-2.3,3.06,-0.58,508.68,478.48,605.00,333.00,11_28_2021
SBL,38.65,470.00,474.00,460.00,465.00,467.07,"33,939.00",468.00,"15,851,740.40",228,-3.0,14.0,-0.64,3.04,-0.44,508.87,478.75,605.00,333.00,11_29_2021
SBL,37.05,469.00,473.00,456.00,463.00,463.65,"75,981.00",465.00,"35,228,424.90",305,-2.0,17.0,-0.43,3.73,-0.14,509.00,479.05,605.00,333.00,11_30_2021
SBL,42.85,466.00,472.20,463.00,464.00,465.08,"69,410.00",463.00,"32,281,406.20",253,1.0,9.2,0.22,1.99,-0.23,509.16,479.42,605.00,333.00,12_01_2021
SBL,45.7,468.00,468.00,455.00,458.00,457.87,"66,129.00",464.00,"30,278,635.80",311,-6.0,13.0,-1.29,2.86,0.03,509.29,479.68,605.00,333.00,12_02_2021
SBL,47.3,468.00,468.00,455.00,458.00,457.87,"66,129.00",464.00,"30,278,635.80",311,-6.0,13.0,-1.29,2.86,0.03,509.29,479.68,605.00,333.00,12_03_2021
SBL,47.3,468.00,468.00,455.00,458.00,457.87,"66,129.00",464.00,"30,278,635.80",311,-6.0,13.0,-1.29,2.86,0.03,509.29,479.68,605.00,333.00,12_04_2021
SBL,46.4,449.00,457.90,439.00,440.00,445.33,"179,770.00",458.00,"80,057,705.10",656,-18.0,18.9,-3.93,4.31,-1.21,509.23,479.93,605.00,333.00,12_05_2021
SBL,46.12,444.00,455.00,434.00,448.00,442.53,"87,059.00",440.00,"38,526,108.20",436,8.0,21.00,1.82,4.84,1.22,509.05,480.21,605.00,333.00,12_06_2021
SBL,46.67,455.00,455.00,441.00,442.00,445.62,"40,171.00",448.00,"17,901,069.10",282,-6.0,14.00,-1.34,3.17,-0.82,508.71,480.42,605.00,333.00,12_07_2021
SBL,39.2,325.00,326.80,319.50,320.00,321.40,"48,314.00",318.90,"15,528,243.30",289,1.1,7.3,0.34,2.28,-0.44,311.74,335.53,486.30,286.00,12_07_2022
SBL,41.78,443.00,443.00,433.00,434.00,436.53,"72,909.00",442.00,"31,827,065.20",284,-8.0,10.00,-1.81,2.31,-0.58,508.37,480.59,605.00,333.00,12_08_2021
SBL,41.28,442.00,442.00,429.00,439.00,433.81,"67,346.00",434.00,"29,215,430.00",332,5.0,13.0,1.15,3.03,1.18,508.03,480.82,605.00,333.00,12_09_2021
SBL,46.64,442.00,442.00,429.00,439.00,433.81,"67,346.00",434.00,"29,215,430.00",332,5.0,13.0,1.15,3.03,1.18,508.03,480.82,605.00,333.00,12_10_2021
SBL,46.64,442.00,442.00,429.00,439.00,433.81,"67,346.00",434.00,"29,215,430.00",332,5.0,13.0,1.15,3.03,1.18,508.03,480.82,605.00,333.00,12_11_2021
SBL,45.99,439.00,439.00,420.00,420.00,424.41,"116,463.00",439.00,"49,428,511.90",499,-19.00,19.00,-4.33,4.52,-1.05,507.52,480.96,605.00,333.00,12_12_2021
SBL,40.39,428.00,428.00,408.00,417.00,416.04,"102,758.00",420.00,"42,751,187.00",493,-3.00,20.00,-0.71,4.9,0.23,507.05,481.11,605.00,333.00,12_13_2021
SBL,41.83,421.00,440.00,421.00,440.00,432.27,"35,375.00",417.00,"15,291,647.60",198,23.00,19.00,5.52,4.51,1.76,506.61,481.40,605.00,333.00,12_14_2021
SBL,46.99,447.00,448.80,425.00,429.00,435.30,"103,111.00",440.00,"44,883,864.90",500,-11.0,23.8,-2.5,5.6,-1.47,505.83,481.62,605.00,333.00,12_15_2021
SBL,44.53,424.10,428.00,420.00,425.00,423.63,"36,676.00",429.00,"15,536,938.90",206,-4.0,8.0,-0.93,1.9,0.32,505.11,481.77,605.00,333.00,12_16_2021
SBL,44.7,424.10,428.00,420.00,425.00,423.63,"36,676.00",429.00,"15,536,938.90",206,-4.0,8.0,-0.93,1.9,0.32,505.11,481.77,605.00,333.00,12_17_2021
SBL,44.7,424.10,428.00,420.00,425.00,423.63,"36,676.00",429.00,"15,536,938.90",206,-4.0,8.0,-0.93,1.9,0.32,505.11,481.77,605.00,333.00,12_18_2021
SBL,44.7,424.10,428.00,420.00,425.00,423.63,"36,676.00",429.00,"15,536,938.90",206,-4.0,8.0,-0.93,1.9,0.32,505.11,481.77,605.00,333.00,12_19_2021
SBL,42.02,433.50,433.50,417.00,426.00,422.87,"53,504.00",425.00,"22,625,398.20",249,1.0,16.5,0.24,3.96,0.73,504.44,481.90,605.00,333.00,12_20_2021
SBL,44.39,430.00,433.50,427.00,430.10,429.88,"42,963.00",426.00,"18,468,879.00",245,4.1,6.50,0.96,1.52,0.05,503.81,482.03,605.00,333.00,12_21_2021
SBL,41.92,438.70,447.80,435.00,446.10,443.10,"77,927.00",430.10,"34,529,413.20",357,16.0,12.8,3.72,2.94,0.67,503.41,482.28,605.00,353.00,12_22_2021
SBL,52.04,455.00,456.00,441.20,451.10,451.52,"77,774.00",446.10,"35,116,133.40",320,5.0,14.8,1.12,3.35,-0.09,503.14,482.57,605.00,364.00,12_23_2021
SBL,54.16,455.00,456.00,441.20,451.10,451.52,"77,774.00",446.10,"35,116,133.40",320,5.0,14.8,1.12,3.35,-0.09,503.14,482.57,605.00,364.00,12_24_2021
SBL,54.16,455.00,456.00,441.20,451.10,451.52,"77,774.00",446.10,"35,116,133.40",320,5.0,14.8,1.12,3.35,-0.09,503.14,482.57,605.00,364.00,12_25_2021
SBL,52.53,455.00,469.50,455.00,468.00,461.66,"182,329.00",451.10,"84,173,384.10",663,16.90,14.50,3.75,3.19,1.36,502.86,482.92,605.00,364.00,12_26_2021
SBL,55.67,472.00,472.10,456.00,459.00,462.98,"124,700.00",468.00,"57,733,148.80",629,-9.0,16.10,-1.92,3.53,-0.87,502.62,483.24,605.00,364.00,12_27_2021
SBL,55.74,459.00,464.00,448.00,463.00,458.62,"71,517.00",459.00,"32,798,864.10",350,4.0,16.0,0.87,3.57,0.95,502.46,483.55,605.00,364.00,12_28_2021
SBL,52.2,468.00,468.00,456.00,464.00,462.90,"70,264.00",463.00,"32,525,002.90",402,1.0,12.00,0.22,2.63,0.24,502.19,483.81,605.00,364.00,12_29_2021
SBL,53.36,468.00,468.00,456.00,464.00,462.90,"70,264.00",463.00,"32,525,002.90",402,1.0,12.00,0.22,2.63,0.24,502.19,483.81,605.00,364.00,12_30_2021
SBL,53.36,468.00,468.00,456.00,464.00,462.90,"70,264.00",463.00,"32,525,002.90",402,1.0,12.00,0.22,2.63,0.24,502.19,483.81,605.00,364.00,12_31_2021
