SIGS2,37.89,10.31,10.71,10.31,10.36,10.49,"12,650.00",10.33,"132,721.50",10,0.03,0.40,0.29,3.88,-1.27,12.10,12.36,16.87,10.00,01_01_2022
SIGS2,39.43,10.36,10.40,10.30,10.30,10.35,900.00,10.36,"9,316.00",4,-0.06,0.10,-0.58,0.97,-0.5,12.07,12.35,16.87,10.00,01_02_2022
SIGS2,40.47,10.50,10.92,10.50,10.71,10.64,"17,600.00",10.30,"187,327.00",9,0.41,0.42,3.98,4.0,0.62,12.05,12.34,16.87,10.00,01_03_2022
SIGS2,57.41,10.51,11.10,10.51,11.10,10.92,"19,395.00",10.71,"211,840.00",11,0.39,0.59,3.64,5.61,1.6,12.02,12.34,16.87,10.00,01_04_2022
SIGS2,56.5,11.00,11.00,10.78,10.91,10.81,"55,100.00",11.10,"595,581.00",13,-0.19,0.22,-1.71,2.04,0.92,12.00,12.33,16.87,10.00,01_05_2022
SIGS2,58.98,10.76,10.91,10.75,10.91,10.76,"1,950.00",10.91,"20,988.50",4,0.00,0.16,0.0,1.49,1.34,11.98,12.32,16.87,10.00,01_06_2022
SIGS2,51.47,10.76,10.91,10.75,10.91,10.76,"1,950.00",10.91,"20,988.50",4,0.00,0.16,0.0,1.49,1.34,11.98,12.32,16.87,10.00,01_07_2022
SIGS2,51.47,10.76,10.91,10.75,10.91,10.76,"1,950.00",10.91,"20,988.50",4,0.00,0.16,0.0,1.49,1.34,11.98,12.32,16.87,10.00,01_08_2022
SIGS2,51.95,10.76,10.89,10.75,10.89,10.87,"61,500.00",10.91,"668,280.00",11,-0.02,0.14,-0.18,1.3,0.22,11.95,12.31,16.87,10.00,01_09_2022
SIGS2,60.74,10.90,10.90,10.86,10.86,10.87,"2,400.00",10.89,"26,080.00",2,-0.03,0.04,-0.28,0.37,-0.06,11.92,12.31,16.87,10.00,01_10_2022
SIGS2,40.33,10.85,11.34,10.85,11.34,11.20,"133,325.00",10.86,"1,492,634.00",26,0.48,0.49,4.42,4.52,1.27,11.90,12.30,16.87,10.00,01_11_2022
SIGS2,63.44,11.30,11.32,11.13,11.13,11.17,"22,800.00",11.34,"254,777.00",13,-0.21,0.19,-1.85,1.71,-0.4,11.88,12.29,16.87,10.15,01_12_2022
SIGS2,53.92,11.00,11.23,11.00,11.23,11.22,"6,300.00",11.13,"70,701.00",5,0.1,0.23,0.9,2.09,0.07,11.85,12.29,16.87,10.15,01_13_2022
SIGS2,54.6,11.00,11.23,11.00,11.23,11.22,"6,300.00",11.13,"70,701.00",5,0.1,0.23,0.9,2.09,0.07,11.85,12.29,16.87,10.15,01_14_2022
SIGS2,54.6,11.00,11.23,11.00,11.23,11.22,"6,300.00",11.13,"70,701.00",5,0.1,0.23,0.9,2.09,0.07,11.85,12.29,16.87,10.15,01_15_2022
SIGS2,55.8,11.24,11.47,11.24,11.40,11.38,"95,168.00",11.23,"1,082,809.86",32,0.17,0.23,1.51,2.05,0.19,11.83,12.28,16.87,10.15,01_16_2022
SIGS2,67.36,11.39,11.52,11.30,11.52,11.52,"156,876.00",11.40,"1,806,762.76",16,0.12,0.22,1.05,1.95,0.02,11.81,12.28,16.87,10.15,01_17_2022
SIGS2,62.66,11.65,11.74,11.65,11.74,11.74,"30,200.00",11.52,"354,490.00",8,0.22,0.09,1.91,0.77,0.02,11.79,12.27,16.87,10.15,01_18_2022
SIGS2,62.4,11.80,11.80,11.51,11.65,11.60,"6,400.00",11.74,"74,249.00",9,-0.09,0.29,-0.77,2.52,0.42,11.77,12.27,16.87,10.15,01_19_2022
SIGS2,56.69,11.42,11.75,11.42,11.75,11.60,"61,940.00",11.65,"718,688.10",9,0.1,0.33,0.86,2.89,1.25,11.75,12.27,16.87,10.15,01_20_2022
SIGS2,61.33,11.42,11.75,11.42,11.75,11.60,"61,940.00",11.65,"718,688.10",9,0.1,0.33,0.86,2.89,1.25,11.75,12.27,16.87,10.15,01_21_2022
SIGS2,61.33,11.42,11.75,11.42,11.75,11.60,"61,940.00",11.65,"718,688.10",9,0.1,0.33,0.86,2.89,1.25,11.75,12.27,16.87,10.15,01_22_2022
SIGS2,63.15,11.98,12.19,11.65,12.00,11.84,"93,800.00",11.75,"1,110,956.75",26,0.25,0.54,2.13,4.64,1.3,11.74,12.26,16.87,10.15,01_23_2022
SIGS2,64.6,11.76,11.76,11.45,11.64,11.56,"276,600.00",12.00,"3,196,345.50",45,-0.36,0.31,-3.0,2.71,0.72,11.71,12.26,16.87,10.15,01_24_2022
SIGS2,58.28,11.80,11.80,11.45,11.46,11.54,"72,424.00",11.64,"835,770.20",20,-0.18,0.35,-1.55,3.06,-0.7,11.68,12.26,16.87,10.15,01_25_2022
SIGS2,50.42,11.32,11.80,11.32,11.59,11.59,"89,300.00",11.46,"1,035,233.00",30,0.13,0.48,1.13,4.24,-0.02,11.65,12.25,16.87,10.15,01_26_2022
SIGS2,49.33,11.65,11.65,11.27,11.27,11.32,"98,975.00",11.59,"1,120,257.25",23,-0.32,0.38,-2.76,3.37,-0.43,11.60,12.25,16.87,10.15,01_27_2022
SIGS2,46.49,11.65,11.65,11.27,11.27,11.32,"98,975.00",11.59,"1,120,257.25",23,-0.32,0.38,-2.76,3.37,-0.43,11.60,12.25,16.87,10.15,01_28_2022
SIGS2,46.49,11.65,11.65,11.27,11.27,11.32,"98,975.00",11.59,"1,120,257.25",23,-0.32,0.38,-2.76,3.37,-0.43,11.60,12.25,16.87,10.15,01_29_2022
SIGS2,47.69,11.48,11.70,11.33,11.68,11.48,"152,140.00",11.27,"1,746,313.94",28,0.41,0.37,3.64,3.27,1.73,11.57,12.25,16.87,10.15,01_30_2022
SIGS2,54.12,11.45,11.66,11.26,11.66,11.48,"169,500.00",11.68,"1,945,676.00",15,-0.02,0.4,-0.17,3.55,1.55,11.53,12.24,16.87,10.15,01_31_2022
SIGS2,60.84,11.48,11.70,11.48,11.50,11.57,"80,200.00",11.66,"928,008.00",14,-0.16,0.22,-1.37,1.92,-0.62,11.49,12.24,16.87,10.15,02_01_2022
SIGS2,47.04,11.48,11.70,11.48,11.50,11.57,"80,200.00",11.66,"928,008.00",14,-0.16,0.22,-1.37,1.92,-0.62,11.49,12.24,16.87,10.15,02_02_2022
SIGS2,46.98,11.50,11.73,11.50,11.61,11.72,"235,480.00",11.50,"2,760,527.90",16,0.11,0.23,0.96,2.0,-0.97,11.44,12.24,16.87,10.15,02_03_2022
SIGS2,61.62,11.50,11.73,11.50,11.61,11.72,"235,480.00",11.50,"2,760,527.90",16,0.11,0.23,0.96,2.0,-0.97,11.44,12.24,16.87,10.15,02_04_2022
SIGS2,61.62,11.50,11.73,11.50,11.61,11.72,"235,480.00",11.50,"2,760,527.90",16,0.11,0.23,0.96,2.0,-0.97,11.44,12.24,16.87,10.15,02_05_2022
SIGS2,61.47,11.42,11.66,11.42,11.66,11.62,"6,100.00",11.61,"70,882.00",4,0.05,0.24,0.43,2.1,0.34,11.41,12.23,16.87,10.15,02_06_2022
SIGS2,45.42,11.46,11.66,11.45,11.48,11.47,"3,100.00",11.66,"35,554.00",7,-0.18,0.21,-1.54,1.83,0.1,11.37,12.23,16.87,10.15,02_07_2022
SIGS2,38.35,11.70,11.93,11.62,11.62,11.76,"60,825.00",11.48,"715,124.50",14,0.14,0.31,1.22,2.67,-1.18,11.33,12.22,16.87,10.15,02_08_2022
SIGS2,49.17,11.50,11.60,11.50,11.58,11.52,"1,200.00",11.62,"13,826.00",7,-0.04,0.1,-0.34,0.87,0.5,11.29,12.22,16.87,10.15,02_09_2022
SIGS2,40.83,11.41,11.70,11.41,11.67,11.66,"2,550.00",11.58,"29,731.50",6,0.09,0.29,0.78,2.54,0.09,11.25,12.22,16.87,10.15,02_10_2022
SIGS2,38.49,11.41,11.70,11.41,11.67,11.66,"2,550.00",11.58,"29,731.50",6,0.09,0.29,0.78,2.54,0.09,11.25,12.22,16.87,10.15,02_11_2022
SIGS2,38.49,11.41,11.70,11.41,11.67,11.66,"2,550.00",11.58,"29,731.50",6,0.09,0.29,0.78,2.54,0.09,11.25,12.22,16.87,10.15,02_12_2022
SIGS2,42.44,11.59,11.59,11.38,11.38,11.49,"20,100.00",11.59,"230,909.00",5,-0.21,0.21,-1.81,1.85,-0.95,11.18,12.21,16.87,10.15,02_14_2022
SIGS2,32.66,11.18,11.49,11.18,11.49,11.43,"3,575.00",11.38,"40,865.75",4,0.11,0.31,0.97,2.77,0.51,11.14,12.21,16.87,10.15,02_15_2022
SIGS2,33.58,11.45,11.45,11.35,11.35,11.43,"2,500.00",11.49,"28,575.00",3,-0.14,0.1,-1.22,0.88,-0.7,11.10,12.20,16.87,10.15,02_16_2022
SIGS2,29.99,11.25,11.25,11.25,11.25,11.25,"1,770.00",11.35,"19,912.50",1,-0.1,0.0,-0.88,0.0,0.0,11.07,12.19,16.87,10.15,02_17_2022
SIGS2,28.11,11.25,11.25,11.25,11.25,11.25,"1,770.00",11.35,"19,912.50",1,-0.1,0.0,-0.88,0.0,0.0,11.07,12.19,16.87,10.15,02_18_2022
SIGS2,28.11,11.25,11.25,11.25,11.25,11.25,"1,770.00",11.35,"19,912.50",1,-0.1,0.0,-0.88,0.0,0.0,11.07,12.19,16.87,10.15,02_19_2022
SIGS2,27.68,11.03,11.32,11.03,11.23,11.13,"15,925.00",11.25,"177,194.75",11,-0.02,0.29,-0.18,2.63,0.92,11.03,12.19,16.87,10.15,02_20_2022
SIGS2,40.39,11.40,11.40,11.10,11.16,11.17,"4,000.00",11.23,"44,686.00",7,-0.07,0.3,-0.62,2.7,-0.1,10.99,12.18,16.87,10.15,02_21_2022
SIGS2,36.04,11.37,11.37,11.20,11.21,11.21,"20,805.00",11.16,"233,156.05",6,0.05,0.17,0.45,1.52,0.03,10.98,12.17,16.87,10.15,02_22_2022
SIGS2,44.94,11.21,11.43,11.21,11.43,11.31,"9,495.00",11.21,"107,354.45",13,0.22,0.22,1.96,1.96,1.08,10.97,12.16,16.87,10.15,02_23_2022
SIGS2,48.4,11.22,11.39,11.05,11.05,11.11,"122,975.00",11.43,"1,366,225.40",30,-0.38,0.34,-3.32,3.08,-0.54,10.97,12.15,16.87,10.15,02_24_2022
SIGS2,43.41,11.22,11.39,11.05,11.05,11.11,"122,975.00",11.43,"1,366,225.40",30,-0.38,0.34,-3.32,3.08,-0.54,10.97,12.15,16.87,10.15,02_25_2022
SIGS2,43.41,11.22,11.39,11.05,11.05,11.11,"122,975.00",11.43,"1,366,225.40",30,-0.38,0.34,-3.32,3.08,-0.54,10.97,12.15,16.87,10.15,02_26_2022
SIGS2,43.06,10.88,11.04,10.75,10.83,10.90,"79,700.00",11.05,"869,028.00",17,-0.22,0.29,-1.99,2.7,-0.68,10.95,12.14,16.87,10.15,02_27_2022
SIGS2,37.9,10.73,10.81,10.73,10.81,10.78,"19,300.00",10.83,"208,115.00",9,-0.02,0.08,-0.18,0.75,0.25,10.94,12.13,16.87,10.15,02_28_2022
SIGS2,37.11,10.73,10.81,10.73,10.81,10.78,"19,300.00",10.83,"208,115.00",9,-0.02,0.08,-0.18,0.75,0.25,10.94,12.13,16.87,10.15,03_01_2022
SIGS2,36.94,10.80,10.80,10.75,10.75,10.80,"5,100.00",10.81,"55,075.00",2,-0.06,0.05,-0.56,0.47,-0.46,10.93,12.12,16.87,10.15,03_02_2022
SIGS2,30.82,10.80,10.80,10.75,10.75,10.80,"5,100.00",10.81,"55,075.00",2,-0.06,0.05,-0.56,0.47,-0.46,10.93,12.12,16.87,10.15,03_03_2022
SIGS2,30.82,10.80,10.80,10.75,10.75,10.80,"5,100.00",10.81,"55,075.00",2,-0.06,0.05,-0.56,0.47,-0.46,10.93,12.12,16.87,10.15,03_04_2022
SIGS2,30.82,10.80,10.80,10.75,10.75,10.80,"5,100.00",10.81,"55,075.00",2,-0.06,0.05,-0.56,0.47,-0.46,10.93,12.12,16.87,10.15,03_05_2022
SIGS2,28.2,10.95,10.95,10.90,10.90,10.90,"2,720.00",10.75,"29,654.00",4,0.15,0.05,1.4,0.46,-0.02,10.93,12.10,16.87,10.15,03_06_2022
SIGS2,39.12,10.72,10.72,10.70,10.71,10.71,"11,000.00",10.90,"117,795.00",6,-0.19,0.02,-1.74,0.19,0.01,10.92,12.08,16.87,10.15,03_07_2022
SIGS2,38.18,10.72,10.72,10.70,10.71,10.71,"11,000.00",10.90,"117,795.00",6,-0.19,0.02,-1.74,0.19,0.01,10.92,12.08,16.87,10.15,03_08_2022
SIGS2,37.73,10.65,10.86,10.53,10.53,10.60,"31,470.00",10.71,"333,502.00",12,-0.18,0.33,-1.68,3.13,-0.64,10.91,12.07,16.87,10.15,03_09_2022
SIGS2,40.40,10.40,10.65,10.40,10.65,10.46,"1,426.00",10.53,"14,912.40",4,0.12,0.25,1.14,2.4,1.81,10.90,12.05,16.87,10.15,03_10_2022
SIGS2,34.65,10.40,10.65,10.40,10.65,10.46,"1,426.00",10.53,"14,912.40",4,0.12,0.25,1.14,2.4,1.81,10.90,12.05,16.87,10.15,03_11_2022
SIGS2,34.65,10.40,10.65,10.40,10.65,10.46,"1,426.00",10.53,"14,912.40",4,0.12,0.25,1.14,2.4,1.81,10.90,12.05,16.87,10.15,03_12_2022
SIGS2,36.6,10.86,11.08,10.66,11.08,10.92,"4,500.00",10.65,"49,129.00",5,0.43,0.42,4.04,3.94,1.47,10.89,12.04,16.87,10.15,03_13_2022
SIGS2,45.61,10.90,10.90,10.90,10.90,10.90,"2,500.00",11.08,"27,250.00",1,-0.18,0.0,-1.62,0.0,0.0,10.89,12.02,16.87,10.15,03_14_2022
SIGS2,47.08,10.90,11.10,10.88,11.09,10.98,"11,550.00",10.90,"126,820.00",7,0.19,0.22,1.74,2.02,0.99,10.89,12.00,16.87,10.15,03_15_2022
SIGS2,49.69,10.88,10.95,10.67,10.95,10.87,"14,300.00",11.09,"155,418.00",5,-0.14,0.28,-1.26,2.62,0.75,10.88,11.98,16.87,10.15,03_16_2022
SIGS2,50.49,10.88,10.95,10.67,10.95,10.87,"14,300.00",11.09,"155,418.00",5,-0.14,0.28,-1.26,2.62,0.75,10.88,11.98,16.87,10.15,03_17_2022
SIGS2,50.49,10.88,10.95,10.67,10.95,10.87,"14,300.00",11.09,"155,418.00",5,-0.14,0.28,-1.26,2.62,0.75,10.88,11.98,16.87,10.15,03_18_2022
SIGS2,50.49,10.88,10.95,10.67,10.95,10.87,"14,300.00",11.09,"155,418.00",5,-0.14,0.28,-1.26,2.62,0.75,10.88,11.98,16.87,10.15,03_19_2022
SIGS2,52.77,10.90,10.90,10.75,10.75,10.77,"19,800.00",10.95,"213,335.00",8,-0.2,0.15,-1.83,1.4,-0.23,10.88,11.96,16.87,10.15,03_20_2022
SIGS2,40.82,10.75,11.15,10.75,11.10,11.07,"46,455.00",10.75,"514,195.70",16,0.35,0.4,3.26,3.72,0.28,10.88,11.95,16.87,10.15,03_21_2022
SIGS2,58.76,11.32,11.32,10.89,11.18,11.13,"40,600.00",11.10,"451,990.65",16,0.08,0.43,0.72,3.95,0.42,10.88,11.93,16.87,10.15,03_22_2022
SIGS2,58.92,11.20,11.20,11.10,11.18,11.17,"17,300.00",11.18,"193,230.00",8,0.0,0.1,0.0,0.9,0.1,10.88,11.91,16.87,10.15,03_23_2022
SIGS2,53.77,11.00,11.22,11.00,11.18,11.18,"14,550.00",11.18,"162,682.00",8,0.0,0.22,0.0,2.0,-0.01,10.88,11.89,16.87,10.15,03_24_2022
SIGS2,53.77,11.00,11.22,11.00,11.18,11.18,"14,550.00",11.18,"162,682.00",8,0.0,0.22,0.0,2.0,-0.01,10.88,11.89,16.87,10.15,03_24_2022
SIGS2,53.77,11.00,11.22,11.00,11.18,11.18,"14,550.00",11.18,"162,682.00",8,0.0,0.22,0.0,2.0,-0.01,10.88,11.89,16.87,10.15,03_24_2022
SIGS2,53.77,11.00,11.22,11.00,11.18,11.18,"14,550.00",11.18,"162,682.00",8,0.0,0.22,0.0,2.0,-0.01,10.88,11.89,16.87,10.15,03_24_2022
SIGS2,50.98,11.00,11.22,11.00,11.18,11.18,"14,550.00",11.18,"162,682.00",8,0.0,0.22,0.0,2.0,-0.01,10.88,11.89,16.87,10.15,03_25_2022
SIGS2,50.98,11.00,11.22,11.00,11.18,11.18,"14,550.00",11.18,"162,682.00",8,0.0,0.22,0.0,2.0,-0.01,10.88,11.89,16.87,10.15,03_26_2022
SIGS2,50.33,11.36,11.36,10.96,10.96,11.13,"39,600.00",11.18,"440,631.00",13,-0.22,0.40,-1.97,3.65,-1.52,10.88,11.87,16.87,10.15,03_27_2022
SIGS2,38.86,11.17,11.17,10.75,10.90,10.93,"23,700.00",10.96,"259,150.00",6,-0.06,0.42,-0.55,3.91,-0.32,10.89,11.85,16.87,10.15,03_28_2022
SIGS2,36.17,10.82,10.85,10.81,10.85,10.82,"16,600.00",10.90,"179,560.00",4,-0.05,0.04,-0.46,0.37,0.31,10.89,11.84,16.87,10.15,03_29_2022
SIGS2,36.79,10.70,10.91,10.70,10.91,10.84,"13,850.00",10.85,"150,131.50",8,0.06,0.21,0.55,1.96,0.64,10.89,11.82,16.87,10.15,03_30_2022
SIGS2,33.51,10.91,10.92,10.87,10.87,10.91,"19,950.00",10.91,"217,740.50",5,-0.04,0.05,-0.37,0.46,-0.41,10.90,11.80,16.87,10.15,03_31_2022
SIGS2,35.13,10.91,10.92,10.87,10.87,10.91,"19,950.00",10.91,"217,740.50",5,-0.04,0.05,-0.37,0.46,-0.41,10.90,11.80,16.87,10.15,04_01_2022
SIGS2,35.13,10.91,10.92,10.87,10.87,10.91,"19,950.00",10.91,"217,740.50",5,-0.04,0.05,-0.37,0.46,-0.41,10.90,11.80,16.87,10.15,04_02_2022
SIGS2,33.43,11.06,11.07,10.73,10.73,10.91,"17,600.00",10.87,"191,928.00",9,-0.14,0.34,-1.29,3.17,-1.63,10.90,11.79,16.87,10.15,04_03_2022
SIGS2,33.83,10.56,10.56,10.55,10.55,10.55,"4,300.00",10.73,"45,385.00",2,-0.18,0.01,-1.68,0.09,-0.04,10.90,11.77,16.87,10.15,04_05_2022
SIGS2,27.06,10.70,10.89,10.70,10.76,10.83,"53,450.00",10.55,"579,033.00",6,0.21,0.19,1.99,1.78,-0.68,10.90,11.75,16.87,10.15,04_06_2022
SIGS2,36.18,10.95,10.95,10.69,10.69,10.72,"10,500.00",10.76,"112,559.00",7,-0.07,0.26,-0.65,2.43,-0.28,10.91,11.73,16.87,10.15,04_07_2022
SIGS2,31.6,10.95,10.95,10.69,10.69,10.72,"10,500.00",10.76,"112,559.00",7,-0.07,0.26,-0.65,2.43,-0.28,10.91,11.73,16.87,10.15,04_08_2022
SIGS2,31.6,10.95,10.95,10.69,10.69,10.72,"10,500.00",10.76,"112,559.00",7,-0.07,0.26,-0.65,2.43,-0.28,10.91,11.73,16.87,10.15,04_09_2022
SIGS2,31.6,10.95,10.95,10.69,10.69,10.72,"10,500.00",10.76,"112,559.00",7,-0.07,0.26,-0.65,2.43,-0.28,10.91,11.73,16.87,10.15,04_10_2022
SIGS2,31.26,10.48,10.61,10.48,10.59,10.59,"6,300.00",10.69,"66,704.00",9,-0.1,0.13,-0.94,1.24,0.02,10.91,11.71,16.87,10.15,04_11_2022
SIGS2,27.69,10.38,10.55,10.38,10.41,10.43,"54,007.00",10.59,"563,233.25",19,-0.18,0.17,-1.7,1.64,-0.18,10.90,11.69,16.87,10.15,04_12_2022
SIGS2,37.22,10.40,10.61,10.40,10.61,10.57,"5,300.00",10.41,"56,010.00",5,0.20,0.21,1.92,2.02,0.4,10.91,11.68,16.87,10.15,04_13_2022
SIGS2,34.45,10.40,10.61,10.40,10.61,10.57,"5,300.00",10.41,"56,010.00",5,0.20,0.21,1.92,2.02,0.4,10.91,11.68,16.87,10.15,04_14_2022
SIGS2,34.45,10.40,10.61,10.40,10.61,10.57,"5,300.00",10.41,"56,010.00",5,0.20,0.21,1.92,2.02,0.4,10.91,11.68,16.87,10.15,04_15_2022
SIGS2,34.45,10.40,10.61,10.40,10.61,10.57,"5,300.00",10.41,"56,010.00",5,0.20,0.21,1.92,2.02,0.4,10.91,11.68,16.87,10.15,04_16_2022
SIGS2,37.02,10.50,10.50,10.50,10.50,10.50,"4,200.00",10.61,"44,100.00",5,-0.11,0.0,-1.04,0.0,0.0,10.91,11.65,16.87,10.15,04_17_2022
SIGS2,30.43,10.49,10.49,10.40,10.40,10.48,"7,200.00",10.50,"75,460.00",3,-0.1,0.09,-0.95,0.87,-0.77,10.91,11.63,16.87,10.15,04_18_2022
SIGS2,32.63,10.47,10.48,10.47,10.47,10.47,"10,100.00",10.40,"105,797.00",3,0.07,0.01,0.67,0.1,-0.05,10.91,11.61,16.87,10.15,04_19_2022
SIGS2,40.77,10.29,10.49,10.29,10.49,10.46,"34,475.00",10.47,"360,739.75",12,0.02,0.2,0.19,1.94,0.25,10.91,11.60,16.87,10.15,04_20_2022
SIGS2,33.8,10.31,10.47,10.31,10.36,10.46,"5,600.00",10.49,"58,561.00",3,-0.13,0.16,-1.24,1.55,-0.94,10.90,11.58,16.87,10.15,04_21_2022
SIGS2,33.47,10.31,10.47,10.31,10.36,10.46,"5,600.00",10.49,"58,561.00",3,-0.13,0.16,-1.24,1.55,-0.94,10.90,11.58,16.87,10.15,04_22_2022
SIGS2,33.47,10.31,10.47,10.31,10.36,10.46,"5,600.00",10.49,"58,561.00",3,-0.13,0.16,-1.24,1.55,-0.94,10.90,11.58,16.87,10.15,04_23_2022
SIGS2,34.0,10.40,10.80,10.40,10.80,10.70,"7,000.00",10.36,"74,934.00",5,0.44,0.40,4.25,3.85,0.88,10.91,11.56,16.87,10.15,04_24_2022
SIGS2,41.9,11.00,11.00,10.78,10.82,10.88,"6,500.00",10.80,"70,743.00",5,0.02,0.22,0.19,2.04,-0.59,10.91,11.54,16.87,10.15,04_25_2022
SIGS2,42.06,10.61,10.90,10.61,10.90,10.77,"33,707.00",10.82,"363,126.30",5,0.08,0.29,0.74,2.73,1.16,10.91,11.52,16.87,10.15,04_26_2022
SIGS2,49.45,10.85,10.85,10.85,10.85,10.85,"3,000.00",10.90,"32,550.00",1,-0.05,0.0,-0.46,0.0,0.0,10.92,11.50,16.87,10.15,04_27_2022
SIGS2,39.36,10.95,11.06,10.64,10.65,10.97,"82,100.00",10.85,"900,268.00",12,-0.2,0.42,-1.84,3.95,-2.96,10.92,11.48,16.87,10.15,04_28_2022
SIGS2,35.58,10.95,11.06,10.64,10.65,10.97,"82,100.00",10.85,"900,268.00",12,-0.2,0.42,-1.84,3.95,-2.96,10.92,11.48,16.87,10.15,04_29_2022
SIGS2,35.58,10.95,11.06,10.64,10.65,10.97,"82,100.00",10.85,"900,268.00",12,-0.2,0.42,-1.84,3.95,-2.96,10.92,11.48,16.87,10.15,04_30_2022
SIGS2,35.58,10.95,11.06,10.64,10.65,10.97,"82,100.00",10.85,"900,268.00",12,-0.2,0.42,-1.84,3.95,-2.96,10.92,11.48,16.87,10.15,05_01_2022
SIGS2,36.98,10.47,10.80,10.47,10.65,10.72,"67,350.00",10.65,"721,764.00",11,0.0,0.33,0.0,3.15,-0.63,10.92,11.46,16.87,10.15,05_02_2022
SIGS2,35.52,10.47,10.80,10.47,10.65,10.72,"67,350.00",10.65,"721,764.00",11,0.0,0.33,0.0,3.15,-0.63,10.92,11.46,16.87,10.15,05_03_2022
SIGS2,34.61,10.84,10.85,10.80,10.85,10.85,"35,500.00",10.65,"385,062.50",5,0.2,0.05,1.88,0.46,0.03,10.92,11.43,16.87,10.15,05_04_2022
SIGS2,30.3,10.70,10.70,10.70,10.70,10.70,"5,000.00",10.85,"53,500.00",1,-0.15,0.0,-1.38,0.0,0.0,10.92,11.40,16.87,10.15,05_05_2022
SIGS2,25.28,10.70,10.70,10.70,10.70,10.70,"5,000.00",10.85,"53,500.00",1,-0.15,0.0,-1.38,0.0,0.0,10.92,11.40,16.87,10.15,05_06_2022
SIGS2,25.28,10.70,10.70,10.70,10.70,10.70,"5,000.00",10.85,"53,500.00",1,-0.15,0.0,-1.38,0.0,0.0,10.92,11.40,16.87,10.15,05_07_2022
SIGS2,25.28,10.49,10.60,10.49,10.60,10.59,"11,100.00",10.70,"117,599.00",3,-0.1,0.11,-0.93,1.05,0.05,10.92,11.37,16.87,10.15,05_08_2022
SIGS2,33.64,10.80,10.80,10.61,10.61,10.72,"3,500.00",10.60,"37,515.00",4,0.01,0.19,0.09,1.79,-1.02,10.92,11.34,16.87,10.15,05_09_2022
SIGS2,24.22,10.81,10.82,10.70,10.70,10.82,"6,600.00",10.61,"71,380.00",5,0.09,0.12,0.85,1.12,-1.08,10.92,11.30,16.87,10.15,05_10_2022
SIGS2,23.64,10.90,10.90,10.90,10.90,10.90,"5,000.00",10.70,"54,500.00",2,0.2,0.0,1.87,0.0,0.0,10.92,11.27,16.87,10.15,05_11_2022
SIGS2,42.11,10.85,10.89,10.69,10.69,10.85,"5,700.00",10.90,"61,833.00",5,-0.21,0.2,-1.93,1.87,-1.48,10.91,11.24,16.87,10.15,05_12_2022
SIGS2,41.97,10.85,10.89,10.69,10.69,10.85,"5,700.00",10.90,"61,833.00",5,-0.21,0.2,-1.93,1.87,-1.48,10.91,11.24,16.87,10.15,05_13_2022
SIGS2,41.97,10.85,10.89,10.69,10.69,10.85,"5,700.00",10.90,"61,833.00",5,-0.21,0.2,-1.93,1.87,-1.48,10.91,11.24,16.87,10.15,05_14_2022
SIGS2,41.97,10.85,10.89,10.69,10.69,10.85,"5,700.00",10.90,"61,833.00",5,-0.21,0.2,-1.93,1.87,-1.48,10.91,11.24,16.87,10.15,05_15_2022
SIGS2,41.97,10.85,10.89,10.69,10.69,10.85,"5,700.00",10.90,"61,833.00",5,-0.21,0.2,-1.93,1.87,-1.48,10.91,11.24,16.87,10.15,05_16_2022
SIGS2,43.32,10.48,10.71,10.48,10.71,10.67,"5,300.00",10.69,"56,569.00",4,0.02,0.23,0.19,2.19,0.34,10.91,11.21,16.87,10.15,05_17_2022
SIGS2,37.04,10.55,10.55,10.55,10.55,10.55,350.00,10.71,"3,692.50",1,-0.16,0.0,-1.49,0.0,0.0,10.91,11.18,16.87,10.15,05_18_2022
SIGS2,22.52,10.75,10.76,10.75,10.76,10.76,"6,500.00",10.55,"69,920.00",6,0.21,0.01,1.99,0.09,0.03,10.91,11.15,16.87,10.15,05_19_2022
SIGS2,29.12,10.65,10.86,10.65,10.86,10.85,"6,200.00",10.76,"67,290.00",3,0.1,0.21,0.93,1.97,0.06,10.91,11.12,16.87,10.15,05_20_2022
SIGS2,38.13,10.65,10.86,10.65,10.86,10.85,"6,200.00",10.76,"67,290.00",3,0.1,0.21,0.93,1.97,0.06,10.91,11.12,16.87,10.15,05_21_2022
SIGS2,38.13,10.65,10.86,10.65,10.86,10.85,"6,200.00",10.76,"67,290.00",3,0.1,0.21,0.93,1.97,0.06,10.91,11.12,16.87,10.15,05_22_2022
SIGS2,37.88,11.05,11.05,10.83,10.83,10.85,"1,100.00",10.86,"11,935.00",2,-0.03,0.22,-0.28,2.03,-0.18,10.91,11.09,16.87,10.15,05_23_2022
SIGS2,31.25,10.62,10.62,10.62,10.62,10.62,"1,000.00",10.83,"10,620.00",2,-0.21,0.00,-1.94,0.0,0.0,10.90,11.06,16.87,10.15,05_24_2022
SIGS2,35.3,10.42,10.61,10.41,10.61,10.46,"21,500.00",10.62,"224,985.00",8,-0.01,0.2,-0.09,1.92,1.37,10.90,11.03,16.87,10.15,05_25_2022
SIGS2,29.63,10.80,10.80,10.80,10.80,10.80,100.00,10.61,"1,080.00",1,0.19,0.0,1.79,0.0,0.0,10.90,11.00,16.87,10.15,05_26_2022
SIGS2,28.69,10.65,10.80,10.65,10.80,10.66,"10,500.00",10.80,"111,900.00",2,0.0,0.15,0.0,1.41,1.32,10.90,10.98,16.87,10.15,05_27_2022
SIGS2,28.44,10.65,10.80,10.65,10.80,10.66,"10,500.00",10.80,"111,900.00",2,0.0,0.15,0.0,1.41,1.32,10.90,10.98,16.87,10.15,05_28_2022
SIGS2,28.44,10.65,10.80,10.65,10.80,10.66,"10,500.00",10.80,"111,900.00",2,0.0,0.15,0.0,1.41,1.32,10.90,10.98,16.87,10.15,05_29_2022
SIGS2,27.91,10.94,10.94,10.75,10.75,10.93,"10,320.00",10.80,"112,840.00",3,-0.05,0.19,-0.46,1.77,-1.71,10.90,10.95,16.87,10.15,05_30_2022
SIGS2,42.67,10.54,10.62,10.54,10.62,10.61,"52,000.00",10.75,"551,680.00",3,-0.13,0.08,-1.21,0.76,0.1,10.90,10.92,16.87,10.15,05_31_2022
SIGS2,45.28,10.81,10.81,10.56,10.56,10.76,"23,460.00",10.62,"252,354.60",6,-0.06,0.25,-0.56,2.37,-1.86,10.90,10.91,16.87,10.15,06_01_2022
SIGS2,31.23,10.77,10.77,10.37,10.55,10.70,"129,400.00",10.56,"1,384,876.00",13,-0.01,0.4,-0.09,3.86,-1.44,10.90,10.90,16.87,10.15,06_02_2022
SIGS2,34.37,10.36,10.36,10.16,10.16,10.23,"32,500.00",10.55,"332,440.00",10,-0.39,0.2,-3.7,1.97,-0.68,10.90,10.89,16.87,10.15,06_03_2022
SIGS2,29.26,10.36,10.36,10.16,10.16,10.23,"32,500.00",10.55,"332,440.00",10,-0.39,0.2,-3.7,1.97,-0.68,10.90,10.89,16.87,10.15,06_04_2022
SIGS2,29.26,10.36,10.36,10.16,10.16,10.23,"32,500.00",10.55,"332,440.00",10,-0.39,0.2,-3.7,1.97,-0.68,10.90,10.89,16.87,10.15,06_05_2022
SIGS2,28.83,10.36,10.54,10.33,10.33,10.38,"53,500.00",10.16,"555,145.00",6,0.17,0.21,1.67,2.03,-0.45,10.89,10.88,16.87,10.15,06_06_2022
SIGS2,30.36,10.32,10.32,9.90,10.14,10.01,"71,700.00",10.33,"717,761.00",25,-0.19,0.42,-1.84,4.24,1.28,10.89,10.87,16.87,9.90,06_07_2022
SIGS2,30.88,10.24,10.25,10.05,10.25,10.14,"26,800.00",10.14,"271,634.00",5,0.11,0.20,1.08,1.99,1.12,10.88,10.86,16.87,9.90,06_08_2022
SIGS2,29.23,10.41,10.41,10.41,10.41,10.41,100.00,10.25,"1,041.00",1,0.16,0.0,1.56,0.0,0.0,10.88,10.85,16.87,9.90,06_09_2022
SIGS2,42.08,10.21,10.21,10.21,10.21,10.21,100.00,10.41,"1,021.00",1,-0.2,0.0,-1.92,0.0,0.0,10.88,10.84,16.87,9.90,06_14_2022
SIGS2,31.51,10.01,10.01,9.81,10.00,9.89,"93,150.00",10.21,"921,136.25",27,-0.21,0.20,-2.06,2.04,1.11,10.88,10.83,16.87,9.81,06_15_2022
SIGS2,41.93,9.81,10.08,9.81,10.08,9.96,"5,900.00",10.00,"58,746.00",7,0.08,0.27,0.8,2.75,1.22,10.87,10.82,16.87,9.81,06_16_2022
SIGS2,32.09,10.08,10.08,9.90,10.08,9.95,"6,825.00",10.08,"67,896.00",4,0.0,0.18,0.0,1.82,1.31,10.87,10.82,16.87,9.81,06_17_2022
SIGS2,22.75,10.08,10.08,9.90,10.08,9.95,"6,825.00",10.08,"67,896.00",4,0.0,0.18,0.0,1.82,1.31,10.87,10.82,16.87,9.81,06_18_2022
SIGS2,22.25,9.88,9.90,9.52,9.52,9.60,"55,740.00",10.08,"534,866.60",13,-0.56,0.38,-5.56,3.99,-0.8,10.86,10.81,16.87,9.52,06_19_2022
SIGS2,32.04,9.50,9.50,9.25,9.40,9.38,"80,200.00",9.52,"752,653.60",7,-0.12,0.25,-1.26,2.7,0.16,10.85,10.80,16.87,9.25,06_20_2022
SIGS2,36.46,9.58,9.76,9.40,9.73,9.59,"1,700.00",9.40,"16,297.00",7,0.33,0.36,3.51,3.83,1.48,10.85,10.79,16.87,9.25,06_21_2022
SIGS2,28.36,9.90,9.99,9.71,9.99,9.87,"13,865.00",9.73,"136,878.50",8,0.26,0.28,2.67,2.88,1.18,10.85,10.78,16.87,9.25,06_22_2022
SIGS2,31.72,9.80,9.80,9.62,9.62,9.76,"2,500.00",9.99,"24,410.00",2,-0.37,0.18,-3.7,1.87,-1.5,10.84,10.77,16.87,9.25,06_23_2022
SIGS2,45.7,9.70,9.89,9.50,9.68,9.60,"26,900.00",9.51,"258,362.50",12,0.17,0.39,1.79,4.11,0.78,10.77,10.71,16.87,9.24,07_05_2022
SIGS2,40.28,9.49,9.67,9.48,9.52,9.56,"42,400.00",9.68,"405,297.00",10,-0.16,0.19,-1.65,2.0,-0.41,10.75,10.70,16.87,9.24,07_06_2022
SIGS2,43.73,9.66,9.66,9.47,9.47,9.58,"5,300.00",9.52,"50,761.00",4,-0.05,0.19,-0.53,2.01,-1.14,10.74,10.70,16.87,9.24,07_07_2022
SIGS2,30.41,9.29,9.29,9.15,9.15,9.23,"41,400.00",9.47,"382,250.00",11,-0.32,0.14,-3.38,1.53,-0.91,10.73,10.69,16.87,9.15,07_11_2022
SIGS2,36.87,8.98,9.21,8.97,9.06,9.01,"75,576.00",9.15,"680,822.80",13,-0.09,0.24,-0.98,2.68,0.57,10.71,10.68,16.87,8.97,07_12_2022
SIGS2,34.52,9.24,9.40,9.10,9.40,9.21,"21,700.00",9.06,"199,862.00",9,0.34,0.3,3.75,3.3,2.02,10.70,10.68,16.87,8.97,07_13_2022
SIGS2,-,9.58,10.15,9.31,9.31,9.58,"47,195.00",9.40,"452,189.75",16,-0.09,0.84,-0.96,9.02,-2.91,10.68,10.67,16.87,8.97,07_14_2022
SIGS2,34.57,9.49,9.86,9.49,9.79,9.76,"68,675.00",9.31,"670,072.75",16,0.48,0.37,5.16,3.9,0.34,10.67,10.67,16.87,8.97,07_15_2022
SIGS2,52.05,9.49,9.86,9.49,9.79,9.76,"68,675.00",9.31,"670,072.75",16,0.48,0.37,5.16,3.9,0.34,10.67,10.67,16.87,8.97,07_16_2022
SIGS2,49.27,9.97,9.97,9.70,9.70,9.79,"11,800.00",9.79,"115,540.00",5,-0.09,0.27,-0.92,2.78,-0.94,10.66,10.66,16.87,8.97,07_17_2022
SIGS2,42.61,9.79,9.99,9.79,9.99,9.83,"1,700.00",9.70,"16,717.00",3,0.29,0.2,2.99,2.04,1.57,10.65,10.66,16.87,8.97,07_18_2022
SIGS2,30.9,10.16,10.16,9.68,9.99,9.97,"8,900.00",9.99,"88,752.00",10,0.0,0.48,0.0,4.96,0.18,10.63,10.66,16.87,8.97,07_19_2022
SIGS2,40.61,10.00,10.09,9.89,9.90,9.96,"6,613.00",9.99,"65,880.32",5,-0.09,0.2,-0.9,2.02,-0.63,10.62,10.65,16.87,8.97,07_20_2022
SIGS2,33.94,9.71,9.80,9.71,9.79,9.75,"6,480.00",9.90,"63,147.80",8,-0.11,0.09,-1.11,0.93,0.46,10.60,10.65,16.87,8.97,07_22_2022
SIGS2,35.13,9.71,9.80,9.71,9.79,9.75,"6,480.00",9.90,"63,147.80",8,-0.11,0.09,-1.11,0.93,0.46,10.60,10.65,16.87,8.97,07_23_2022
SIGS2,32.33,9.89,9.89,9.63,9.82,9.85,"1,500.00",9.79,"14,776.00",5,0.03,0.26,0.31,2.7,-0.31,10.59,10.65,16.80,8.97,07_24_2022
SIGS2,22.43,9.80,9.85,9.77,9.84,9.83,"85,820.00",9.82,"843,789.00",10,0.02,0.08,0.2,0.82,0.08,10.57,10.64,16.80,8.97,07_25_2022
SIGS2,35.83,9.85,9.85,9.75,9.75,9.78,"33,900.00",9.84,"331,433.00",5,-0.09,0.1,-0.91,1.03,-0.27,10.55,10.64,16.80,8.97,07_26_2022
SIGS2,31.93,9.61,9.75,9.61,9.62,9.64,"12,400.00",9.75,"119,487.00",4,-0.13,0.14,-1.33,1.46,-0.17,10.54,10.63,16.80,8.97,07_27_2022
SIGS2,31.5,9.59,9.99,9.59,9.78,9.81,"16,400.00",9.62,"160,925.00",9,0.16,0.40,1.66,4.17,-0.33,10.52,10.63,16.80,8.97,07_28_2022
SIGS2,32.07,9.70,9.71,9.70,9.71,9.71,"10,200.00",9.78,"99,040.00",2,-0.07,0.01,-0.72,0.1,0.0,10.51,10.62,16.69,8.97,07_29_2022
SIGS2,30.13,9.70,9.71,9.70,9.71,9.71,"10,200.00",9.78,"99,040.00",2,-0.07,0.01,-0.72,0.1,0.0,10.51,10.62,16.69,8.97,07_30_2022
SIGS2,27.7,9.87,9.90,9.87,9.89,9.88,"110,000.00",9.71,"1,087,345.40",8,0.18,0.03,1.85,0.3,0.05,10.49,10.62,16.69,8.97,07_31_2022
SIGS2,46.59,9.71,9.80,9.61,9.80,9.76,"62,775.00",9.89,"612,580.00",19,-0.09,0.19,-0.91,1.98,0.43,10.48,10.61,16.69,8.97,08_01_2022
SIGS2,59.75,9.80,10.00,9.80,9.95,9.94,"61,000.00",9.80,"606,040.00",19,0.15,0.2,1.53,2.04,0.15,10.47,10.61,16.69,8.97,08_02_2022
SIGS2,52.26,9.91,9.91,9.76,9.76,9.78,"16,000.00",9.95,"156,510.00",5,-0.19,0.15,-1.91,1.54,-0.22,10.45,10.60,16.58,8.97,08_04_2022
SIGS2,43.45,9.80,9.80,9.66,9.67,9.70,"1,500.00",9.76,"14,556.00",3,-0.09,0.14,-0.92,1.45,-0.35,10.43,10.59,16.58,8.97,08_05_2022
SIGS2,33.24,9.80,9.80,9.66,9.67,9.70,"1,500.00",9.76,"14,556.00",3,-0.09,0.14,-0.92,1.45,-0.35,10.43,10.59,16.58,8.97,08_06_2022
SIGS2,29.97,9.75,9.94,9.75,9.91,9.91,"14,100.00",9.67,"139,786.00",5,0.24,0.19,2.48,1.95,-0.04,10.42,10.59,16.51,8.97,08_07_2022
SIGS2,36.7,9.99,9.99,9.62,9.62,9.82,"23,100.00",9.91,"226,822.00",8,-0.29,0.37,-2.93,3.85,-2.07,10.40,10.58,16.51,8.97,08_08_2022
SIGS2,34.87,9.81,10.00,9.60,9.70,9.76,"2,200.00",9.62,"21,470.00",4,0.08,0.4,0.83,4.17,-0.61,10.39,10.57,16.00,8.97,08_09_2022
SIGS2,28.17,9.70,9.70,9.69,9.70,9.70,"2,000.00",9.70,"19,395.00",3,0.0,0.01,0.0,0.1,0.03,10.37,10.57,16.00,8.97,08_10_2022
SIGS2,41.65,9.89,9.89,9.70,9.73,9.75,"147,718.00",9.70,"1,439,990.21",33,0.03,0.19,0.31,1.96,-0.19,10.36,10.56,15.99,8.97,08_11_2022
SIGS2,35.57,9.89,9.89,9.70,9.73,9.75,"147,718.00",9.70,"1,439,990.21",33,0.03,0.19,0.31,1.96,-0.19,10.36,10.56,15.99,8.97,08_12_2022
SIGS2,35.57,9.89,9.89,9.70,9.73,9.75,"147,718.00",9.70,"1,439,990.21",33,0.03,0.19,0.31,1.96,-0.19,10.36,10.56,15.99,8.97,08_13_2022
SIGS2,32.1,9.80,9.80,9.64,9.66,9.74,"52,075.00",9.73,"507,356.50",20,-0.07,0.16,-0.72,1.66,-0.86,10.34,10.55,15.87,8.97,08_14_2022
SIGS2,46.17,9.79,9.83,9.70,9.83,9.79,"8,000.00",9.66,"78,319.00",4,0.17,0.13,1.76,1.34,0.41,10.33,10.55,15.87,8.97,08_15_2022
SIGS2,47.39,9.89,9.89,9.70,9.80,9.79,"10,728.00",9.83,"105,038.92",12,-0.03,0.19,-0.31,1.96,0.09,10.32,10.54,15.40,8.97,08_16_2022
SIGS2,43.76,9.85,9.85,9.66,9.82,9.80,"3,100.00",9.80,"30,371.00",6,0.02,0.19,0.2,1.97,0.23,10.30,10.54,12.50,8.97,08_17_2022
SIGS2,41.64,9.81,9.81,9.75,9.76,9.78,"38,500.00",9.82,"376,715.00",17,-0.06,0.06,-0.61,0.62,-0.25,10.29,10.53,12.34,8.97,08_18_2022
SIGS2,47.55,9.81,9.81,9.75,9.76,9.78,"38,500.00",9.82,"376,715.00",17,-0.06,0.06,-0.61,0.62,-0.25,10.29,10.53,12.34,8.97,08_19_2022
SIGS2,47.55,9.81,9.81,9.75,9.76,9.78,"38,500.00",9.82,"376,715.00",17,-0.06,0.06,-0.61,0.62,-0.25,10.29,10.53,12.34,8.97,08_20_2022
SIGS2,47.55,9.80,9.81,9.70,9.80,9.78,"63,100.00",9.76,"617,353.00",23,0.04,0.11,0.41,1.13,0.17,10.28,10.53,12.19,8.97,08_21_2022
SIGS2,-,9.85,9.85,9.65,9.83,9.76,"250,327.00",9.80,"2,442,023.97",67,0.03,0.2,0.31,2.07,0.76,10.27,10.52,12.19,8.97,08_22_2022
SIGS2,47.08,8.80,9.11,8.80,8.90,9.03,"104,200.00",8.83,"941,215.00",27,0.07,0.31,0.79,3.52,-1.49,10.25,10.51,12.19,8.80,08_23_2022
SIGS2,32.5,8.80,8.80,8.80,8.80,8.80,"6,000.00",8.90,"52,800.00",2,-0.1,0.0,-1.12,0.0,0.0,10.23,10.50,12.19,8.80,08_24_2022
SIGS2,27.37,8.91,8.97,8.63,8.63,8.78,"22,526.00",8.80,"197,723.22",7,-0.17,0.34,-1.93,3.94,-1.71,10.21,10.49,12.19,8.63,08_25_2022
SIGS2,28.95,8.55,8.55,8.38,8.38,8.50,"20,400.00",8.63,"173,300.00",7,-0.25,0.17,-2.9,2.03,-1.37,10.19,10.48,12.19,8.38,08_26_2022
SIGS2,28.03,8.55,8.55,8.38,8.38,8.50,"20,400.00",8.63,"173,300.00",7,-0.25,0.17,-2.9,2.03,-1.37,10.19,10.48,12.19,8.38,08_27_2022
SIGS2,28.03,8.22,8.62,8.22,8.62,8.52,"31,200.00",8.38,"265,920.00",10,0.24,0.4,2.86,4.87,1.12,10.17,10.47,12.19,8.22,08_28_2022
SIGS2,34.65,8.73,8.73,8.73,8.73,8.73,"2,000.00",8.62,"17,460.00",2,0.11,0.0,1.28,0.0,0.0,10.15,10.45,12.19,8.22,08_29_2022
SIGS2,30.70,8.56,8.80,8.56,8.78,8.72,"16,675.00",8.73,"145,389.75",11,0.05,0.24,0.57,2.8,0.69,10.14,10.45,12.19,8.22,08_30_2022
SIGS2,39.31,8.80,8.80,8.70,8.70,8.77,"6,200.00",8.78,"54,370.00",5,-0.08,0.1,-0.91,1.15,-0.8,10.12,10.44,12.19,8.22,08_31_2022
SIGS2,54.86,11.70,11.70,11.56,11.56,11.62,"245,100.00",11.77,"2,847,135.00",56,-0.21,0.14,-1.78,1.21,-0.49,13.32,-,16.87,10.00,09_01_2021
SIGS2,37.55,8.53,8.77,8.20,8.77,8.48,"36,675.00",8.70,"311,132.10",23,0.07,0.57,0.8,6.95,3.27,10.11,10.43,12.19,8.20,09_01_2022
SIGS2,41.76,8.67,8.67,8.23,8.23,8.38,"16,900.00",8.77,"141,641.20",7,-0.54,0.44,-6.16,5.35,-1.84,10.08,10.41,12.19,8.20,09_02_2022
SIGS2,28.71,8.67,8.67,8.23,8.23,8.38,"16,900.00",8.77,"141,641.20",7,-0.54,0.44,-6.16,5.35,-1.84,10.08,10.41,12.19,8.20,09_03_2022
SIGS2,28.21,8.25,8.44,8.25,8.44,8.39,"8,513.00",8.23,"71,430.72",8,0.21,0.19,2.55,2.3,0.58,10.06,10.40,12.19,8.20,09_04_2022
SIGS2,27.84,8.36,8.60,8.36,8.60,8.46,"13,567.00",8.44,"114,835.53",5,0.16,0.24,1.9,2.87,1.58,10.04,10.39,12.19,8.20,09_05_2022
SIGS2,32.99,8.69,8.69,8.29,8.43,8.46,"3,250.00",8.60,"27,495.00",7,-0.17,0.4,-1.98,4.83,-0.36,10.02,10.38,12.19,8.20,09_06_2022
SIGS2,25.61,8.27,8.27,8.15,8.15,8.19,"17,500.00",8.43,"143,275.00",6,-0.28,0.12,-3.32,1.47,-0.46,10.00,10.37,12.19,8.15,09_07_2022
SIGS2,35.74,8.06,8.21,8.06,8.20,8.16,"3,000.00",8.15,"24,470.00",3,0.05,0.15,0.61,1.86,0.53,9.98,10.36,12.19,8.06,09_08_2022
SIGS2,28.64,8.06,8.21,8.06,8.20,8.16,"3,000.00",8.15,"24,470.00",3,0.05,0.15,0.61,1.86,0.53,9.98,10.36,12.19,8.06,09_09_2022
SIGS2,28.64,8.06,8.21,8.06,8.20,8.16,"3,000.00",8.15,"24,470.00",3,0.05,0.15,0.61,1.86,0.53,9.98,10.36,12.19,8.06,09_10_2022
SIGS2,28.02,8.10,8.10,8.10,8.10,8.10,"7,280.00",8.20,"58,968.00",1,-0.1,0.0,-1.22,0.0,0.0,9.95,10.35,12.19,8.06,09_11_2022
SIGS2,27.65,8.07,8.26,8.07,8.26,8.17,"2,100.00",8.10,"17,150.00",3,0.16,0.19,1.98,2.35,1.13,9.93,10.33,12.19,8.06,09_12_2022
SIGS2,27.66,8.10,8.26,8.10,8.12,8.13,"7,075.00",8.26,"57,488.50",4,-0.14,0.16,-1.69,1.98,-0.07,9.90,10.32,12.19,8.06,09_13_2022
SIGS2,33.91,8.28,8.28,8.28,8.28,8.28,500.00,8.12,"4,140.00",1,0.16,0.0,1.97,0.0,0.0,9.88,10.31,12.19,8.06,09_14_2022
SIGS2,31.33,8.22,8.42,8.22,8.42,8.28,"35,060.00",8.28,"290,203.60",6,0.14,0.2,1.69,2.43,1.69,9.86,10.30,12.19,8.06,09_15_2022
SIGS2,41.55,8.27,8.27,7.94,7.94,8.22,"4,475.00",8.42,"36,795.25",5,-0.48,0.33,-5.7,4.16,-3.56,9.83,10.28,12.19,7.94,09_18_2022
SIGS2,25.31,8.27,8.27,7.94,7.94,8.22,"4,475.00",8.42,"36,795.25",5,-0.48,0.33,-5.7,4.16,-3.56,9.83,10.28,12.19,7.94,09_19_2022
SIGS2,25.69,7.80,7.91,7.80,7.91,7.82,500.00,7.94,"3,911.00",4,-0.03,0.11,-0.38,1.41,1.11,9.81,10.27,12.19,7.80,09_20_2022
SIGS2,27.35,7.83,8.00,7.83,8.00,7.96,"9,300.00",7.91,"74,045.20",11,0.09,0.17,1.14,2.17,0.48,9.78,10.26,12.19,7.80,09_21_2022
SIGS2,30.95,8.16,8.31,8.16,8.31,8.26,"19,900.00",8.00,"164,471.00",10,0.31,0.15,3.88,1.84,0.54,9.76,10.25,12.19,7.80,09_22_2022
SIGS2,62.69,11.18,11.35,10.97,10.97,11.00,"90,700.00",10.97,"997,309.00",19,0.0,0.38,0.0,3.46,-0.23,12.88,12.58,16.87,10.00,11_03_2021
SIGS2,62.64,11.18,11.35,10.97,10.97,11.00,"90,700.00",10.97,"997,309.00",19,0.0,0.38,0.0,3.46,-0.23,12.88,12.58,16.87,10.00,11_05_2021
SIGS2,62.64,11.18,11.35,10.97,10.97,11.00,"90,700.00",10.97,"997,309.00",19,0.0,0.38,0.0,3.46,-0.23,12.88,12.58,16.87,10.00,11_06_2021
SIGS2,62.64,11.18,11.35,10.97,10.97,11.00,"90,700.00",10.97,"997,309.00",19,0.0,0.38,0.0,3.46,-0.23,12.88,12.58,16.87,10.00,11_07_2021
SIGS2,63.42,11.09,11.10,11.01,11.09,11.06,"33,350.00",10.97,"368,805.00",9,0.12,0.09,1.09,0.82,0.28,12.87,12.58,16.87,10.00,11_08_2021
SIGS2,56.43,10.99,11.10,10.95,10.95,10.97,"105,700.00",11.09,"1,159,755.00",23,-0.14,0.15,-1.26,1.37,-0.2,12.86,12.58,16.87,10.00,11_09_2021
SIGS2,55.19,10.99,11.10,10.95,10.95,10.97,"105,700.00",11.09,"1,159,755.00",23,-0.14,0.15,-1.26,1.37,-0.2,12.86,12.58,16.87,10.00,11_10_2021
SIGS2,53.14,10.95,10.95,10.90,10.90,10.92,"51,200.00",10.95,"559,345.00",13,-0.05,0.05,-0.46,0.46,-0.23,12.85,12.58,16.87,10.00,11_11_2021
SIGS2,45.5,10.95,10.95,10.90,10.90,10.92,"51,200.00",10.95,"559,345.00",13,-0.05,0.05,-0.46,0.46,-0.23,12.85,12.58,16.87,10.00,11_12_2021
SIGS2,45.5,10.95,10.95,10.90,10.90,10.92,"51,200.00",10.95,"559,345.00",13,-0.05,0.05,-0.46,0.46,-0.23,12.85,12.58,16.87,10.00,11_13_2021
SIGS2,43.45,10.90,10.90,10.70,10.76,10.78,"21,400.00",10.90,"230,604.00",16,-0.14,0.20,-1.28,1.87,-0.15,12.84,12.58,16.87,10.00,11_14_2021
SIGS2,40.48,10.76,10.92,10.70,10.70,10.78,"30,200.00",10.76,"325,656.80",14,-0.06,0.22,-0.56,2.06,-0.78,12.83,12.57,16.87,10.00,11_15_2021
SIGS2,41.58,10.60,10.91,10.60,10.80,10.88,"45,350.00",10.70,"493,375.00",9,0.10,0.31,0.93,2.92,-0.73,12.82,12.57,16.87,10.00,11_16_2021
SIGS2,42.58,10.80,10.98,10.80,10.80,10.87,"35,000.00",10.80,"380,542.00",10,0.00,0.18,0.0,1.67,-0.67,12.80,12.57,16.87,10.00,11_17_2021
SIGS2,41.99,10.70,10.96,10.70,10.76,10.78,"14,800.00",10.80,"159,505.00",7,-0.04,0.26,-0.37,2.43,-0.16,12.79,12.56,16.87,10.00,11_18_2021
SIGS2,43.47,10.70,10.96,10.70,10.76,10.78,"14,800.00",10.80,"159,505.00",7,-0.04,0.26,-0.37,2.43,-0.16,12.79,12.56,16.87,10.00,11_19_2021
SIGS2,43.47,10.70,10.96,10.70,10.76,10.78,"14,800.00",10.80,"159,505.00",7,-0.04,0.26,-0.37,2.43,-0.16,12.79,12.56,16.87,10.00,11_20_2021
SIGS2,40.2,10.58,10.85,10.57,10.85,10.73,"20,100.00",10.76,"215,591.00",6,0.09,0.28,0.84,2.65,1.14,12.77,12.56,16.87,10.00,11_22_2021
SIGS2,47.12,10.99,10.99,10.70,10.70,10.73,"14,200.00",10.85,"152,377.00",7,-0.15,0.29,-1.38,2.71,-0.29,12.76,12.55,16.87,10.00,11_23_2021
SIGS2,37.36,10.55,10.75,10.55,10.75,10.66,"16,544.00",10.70,"176,309.20",5,0.05,0.2,0.47,1.9,0.87,12.74,12.55,16.87,10.00,11_24_2021
SIGS2,41.30,10.58,10.99,10.58,10.76,10.94,"17,800.00",10.75,"194,667.00",9,0.01,0.41,0.09,3.88,-1.64,12.73,12.54,16.87,10.00,11_25_2021
SIGS2,45.05,10.58,10.99,10.58,10.76,10.94,"17,800.00",10.75,"194,667.00",9,0.01,0.41,0.09,3.88,-1.64,12.73,12.54,16.87,10.00,11_26_2021
SIGS2,45.05,10.58,10.99,10.58,10.76,10.94,"17,800.00",10.75,"194,667.00",9,0.01,0.41,0.09,3.88,-1.64,12.73,12.54,16.87,10.00,11_27_2021
SIGS2,42.15,10.76,10.76,10.60,10.60,10.63,"60,900.00",10.76,"647,346.00",18,-0.16,0.16,-1.49,1.51,-0.28,12.71,12.53,16.87,10.00,11_28_2021
SIGS2,40.87,10.79,10.79,10.59,10.60,10.60,"20,100.00",10.60,"213,105.00",10,0.0,0.2,0.0,1.89,-0.02,12.69,12.52,16.87,10.00,11_29_2021
SIGS2,38.68,10.80,10.80,10.79,10.80,10.80,"4,000.00",10.60,"43,191.00",3,0.2,0.01,1.89,0.09,0.02,12.67,12.51,16.87,10.00,11_30_2021
SIGS2,44.87,10.80,11.00,10.70,10.70,10.74,"54,800.00",10.80,"588,790.00",6,-0.1,0.3,-0.93,2.8,-0.41,12.65,12.50,16.87,10.00,12_01_2021
SIGS2,43.69,10.91,10.91,10.67,10.78,10.67,"25,700.00",10.70,"274,295.00",7,0.08,0.24,0.75,2.25,0.99,12.62,12.49,16.87,10.00,12_02_2021
SIGS2,52.92,10.91,10.91,10.67,10.78,10.67,"25,700.00",10.70,"274,295.00",7,0.08,0.24,0.75,2.25,0.99,12.62,12.49,16.87,10.00,12_03_2021
SIGS2,52.92,10.91,10.91,10.67,10.78,10.67,"25,700.00",10.70,"274,295.00",7,0.08,0.24,0.75,2.25,0.99,12.62,12.49,16.87,10.00,12_04_2021
SIGS2,52.02,10.89,10.94,10.37,10.37,10.75,"7,600.00",10.78,"81,732.00",6,-0.41,0.57,-3.8,5.5,-3.71,12.60,12.48,16.87,10.00,12_05_2021
SIGS2,35.43,10.31,10.31,10.30,10.30,10.30,"3,100.00",10.37,"31,935.00",3,-0.07,0.01,-0.68,0.1,-0.02,12.57,12.47,16.87,10.00,12_06_2021
SIGS2,29.95,10.50,10.69,10.50,10.60,10.64,"17,600.00",10.30,"187,300.00",6,0.3,0.19,2.91,1.81,-0.4,12.55,12.46,16.87,10.00,12_07_2021
SIGS2,43.91,8.06,8.06,8.06,8.06,8.06,"8,000.00",7.92,"64,480.00",2,0.14,0.0,1.77,0.0,0.0,9.04,9.62,12.19,7.59,12_07_2022
SIGS2,41.41,10.40,10.50,10.40,10.45,10.46,"46,230.00",10.60,"483,367.00",10,-0.15,0.10,-1.42,0.96,-0.05,12.52,12.45,16.87,10.00,12_08_2021
SIGS2,39.47,10.55,10.55,10.37,10.38,10.47,"63,171.00",10.45,"661,316.47",11,-0.07,0.18,-0.67,1.74,-0.85,12.49,12.44,16.87,10.00,12_09_2021
SIGS2,48.88,10.55,10.55,10.37,10.38,10.47,"63,171.00",10.45,"661,316.47",11,-0.07,0.18,-0.67,1.74,-0.85,12.49,12.44,16.87,10.00,12_10_2021
SIGS2,48.88,10.55,10.55,10.37,10.38,10.47,"63,171.00",10.45,"661,316.47",11,-0.07,0.18,-0.67,1.74,-0.85,12.49,12.44,16.87,10.00,12_11_2021
SIGS2,48.23,10.53,10.55,10.30,10.30,10.51,"74,800.00",10.38,"786,507.00",8,-0.08,0.25,-0.77,2.43,-2.09,12.46,12.43,16.87,10.00,12_12_2021
SIGS2,48.45,10.15,10.41,10.15,10.21,10.36,"77,660.00",10.30,"804,899.40",10,-0.09,0.26,-0.87,2.56,-1.51,12.42,12.43,16.87,10.00,12_13_2021
SIGS2,38.24,10.35,10.41,10.35,10.41,10.40,"13,200.00",10.21,"137,220.00",3,0.20,0.06,1.96,0.58,0.14,12.39,12.42,16.87,10.00,12_14_2021
SIGS2,43.68,10.61,10.81,10.40,10.40,10.67,"18,100.00",10.41,"193,111.00",6,-0.01,0.41,-0.1,3.94,-2.59,12.35,12.42,16.87,10.00,12_15_2021
SIGS2,44.93,10.60,10.60,10.40,10.50,10.43,"15,510.00",10.40,"161,744.00",6,0.1,0.2,0.96,1.92,0.68,12.32,12.42,16.87,10.00,12_16_2021
SIGS2,48.27,10.60,10.60,10.40,10.50,10.43,"15,510.00",10.40,"161,744.00",6,0.1,0.2,0.96,1.92,0.68,12.32,12.42,16.87,10.00,12_17_2021
SIGS2,48.27,10.60,10.60,10.40,10.50,10.43,"15,510.00",10.40,"161,744.00",6,0.1,0.2,0.96,1.92,0.68,12.32,12.42,16.87,10.00,12_18_2021
SIGS2,48.27,10.60,10.60,10.40,10.50,10.43,"15,510.00",10.40,"161,744.00",6,0.1,0.2,0.96,1.92,0.68,12.32,12.42,16.87,10.00,12_19_2021
SIGS2,45.58,10.51,10.51,10.50,10.50,10.51,"10,200.00",10.50,"107,200.00",2,0.0,0.01,0.0,0.1,-0.09,12.29,12.41,16.87,10.00,12_20_2021
SIGS2,47.73,10.50,10.64,10.50,10.64,10.63,"3,200.00",10.50,"34,020.00",3,0.14,0.14,1.33,1.33,0.08,12.26,12.40,16.87,10.00,12_22_2021
SIGS2,44.19,10.51,10.51,10.50,10.50,10.51,"4,800.00",10.64,"50,442.00",8,-0.14,0.01,-1.32,0.1,-0.08,12.22,12.39,16.87,10.00,12_23_2021
SIGS2,46.98,10.51,10.51,10.50,10.50,10.51,"4,800.00",10.64,"50,442.00",8,-0.14,0.01,-1.32,0.1,-0.08,12.22,12.39,16.87,10.00,12_24_2021
SIGS2,46.98,10.51,10.51,10.50,10.50,10.51,"4,800.00",10.64,"50,442.00",8,-0.14,0.01,-1.32,0.1,-0.08,12.22,12.39,16.87,10.00,12_25_2021
SIGS2,45.36,10.41,10.45,10.40,10.40,10.41,"1,900.00",10.50,"19,781.75",7,-0.10,0.05,-0.95,0.48,-0.11,12.19,12.39,16.87,10.00,12_26_2021
SIGS2,35.09,10.60,10.72,10.30,10.35,10.41,"10,140.00",10.40,"105,589.80",12,-0.05,0.42,-0.48,4.08,-0.61,12.17,12.38,16.87,10.00,12_27_2021
SIGS2,41.18,10.32,10.33,10.32,10.33,10.32,"21,700.00",10.35,"223,956.00",6,-0.02,0.01,-0.19,0.1,0.09,12.13,12.37,16.87,10.00,12_28_2021
SIGS2,34.64,10.31,10.71,10.31,10.36,10.49,"12,650.00",10.33,"132,721.50",10,0.03,0.40,0.29,3.88,-1.27,12.10,12.36,16.87,10.00,12_29_2021
SIGS2,37.89,10.31,10.71,10.31,10.36,10.49,"12,650.00",10.33,"132,721.50",10,0.03,0.40,0.29,3.88,-1.27,12.10,12.36,16.87,10.00,12_30_2021
SIGS2,37.89,10.31,10.71,10.31,10.36,10.49,"12,650.00",10.33,"132,721.50",10,0.03,0.40,0.29,3.88,-1.27,12.10,12.36,16.87,10.00,12_31_2021
