SMB,41.87,"1,750.00","1,750.00","1,711.00","1,711.00","1,726.51",401.00,"1,745.10","692,330.50",17,-34.1,39.00,-1.95,2.28,-0.91,"2,454.29","2,437.25","2,900.00","1,015.00",01_01_2022
SMB,43.41,"1,745.20","1,777.70","1,725.00","1,760.50","1,760.00",531.00,"1,711.00","934,558.00",16,49.50,52.70,2.89,3.06,0.03,"2,448.82","2,433.90","2,900.00","1,031.00",01_02_2022
SMB,46.38,"1,795.00","1,865.00","1,795.00","1,840.00","1,836.75",621.00,"1,760.50","1,140,619.00",20,79.5,70.00,4.52,3.9,0.18,"2,443.57","2,430.79","2,900.00","1,031.00",01_03_2022
SMB,55.13,"1,875.00","1,917.60","1,839.30","1,917.60","1,887.47","1,635.00","1,840.00","3,086,021.20",35,77.6,78.30,4.22,4.26,1.57,"2,439.05","2,428.67","2,900.00","1,070.00",01_04_2022
SMB,56.99,"1,954.00","1,954.00","1,840.60","1,846.00","1,923.98",864.00,"1,917.60","1,662,322.60",21,-71.6,113.4,-3.73,6.16,-4.22,"2,434.10","2,425.88","2,900.00","1,070.00",01_05_2022
SMB,55.41,"1,869.90","1,869.90","1,815.00","1,832.50","1,840.45",746.00,"1,846.00","1,372,972.00",16,-13.50,54.90,-0.73,3.02,-0.43,"2,429.37","2,423.17","2,900.00","1,070.00",01_06_2022
SMB,55.32,"1,869.90","1,869.90","1,815.00","1,832.50","1,840.45",746.00,"1,846.00","1,372,972.00",16,-13.50,54.90,-0.73,3.02,-0.43,"2,429.37","2,423.17","2,900.00","1,070.00",01_07_2022
SMB,55.32,"1,869.90","1,869.90","1,815.00","1,832.50","1,840.45",746.00,"1,846.00","1,372,972.00",16,-13.50,54.90,-0.73,3.02,-0.43,"2,429.37","2,423.17","2,900.00","1,070.00",01_08_2022
SMB,55.79,"1,869.00","1,906.40","1,840.00","1,870.00","1,856.02",455.00,"1,832.50","844,488.40",11,37.5,66.40,2.05,3.61,0.75,"2,425.20","2,420.78","2,900.00","1,150.00",01_09_2022
SMB,53.48,"1,850.00","1,896.00","1,822.00","1,896.00","1,839.02",694.00,"1,870.00","1,276,282.00",19,26.0,74.00,1.39,4.06,3.01,"2,420.89","2,418.61","2,900.00","1,150.00",01_10_2022
SMB,53.68,"1,909.90","2,010.00","1,871.80","2,007.00","1,925.58","2,147.00","1,896.00","4,134,223.50",43,111.0,138.20,5.85,7.38,4.06,"2,417.62","2,416.60","2,900.00","1,150.00",01_11_2022
SMB,65.16,"2,020.00","2,127.00","1,940.00","1,960.00","1,987.86","1,778.00","2,007.00","3,534,411.90",42,-47.0,187.00,-2.34,9.64,-1.42,"2,413.95","2,414.38","2,900.00","1,150.00",01_12_2022
SMB,64.78,"1,999.20","2,035.00","1,923.00","2,035.00","1,979.29",701.00,"1,960.00","1,387,485.30",25,75.0,112.0,3.83,5.82,2.74,"2,410.65","2,412.35","2,900.00","1,211.00",01_13_2022
SMB,61.6,"1,999.20","2,035.00","1,923.00","2,035.00","1,979.29",701.00,"1,960.00","1,387,485.30",25,75.0,112.0,3.83,5.82,2.74,"2,410.65","2,412.35","2,900.00","1,211.00",01_14_2022
SMB,61.6,"1,999.20","2,035.00","1,923.00","2,035.00","1,979.29",701.00,"1,960.00","1,387,485.30",25,75.0,112.0,3.83,5.82,2.74,"2,410.65","2,412.35","2,900.00","1,211.00",01_15_2022
SMB,62.8,"2,075.00","2,116.00","1,980.00","2,025.00","2,021.98","1,901.00","2,035.00","3,843,792.40",44,-10.0,136.0,-0.49,6.87,0.15,"2,407.43","2,410.49","2,900.00","1,250.00",01_16_2022
SMB,68.28,"2,025.00","2,025.00","1,985.00","2,019.90","1,997.68",509.00,"2,025.00","1,016,820.00",11,-5.1,40.0,-0.25,2.02,1.1,"2,403.88","2,409.01","2,900.00","1,250.00",01_17_2022
SMB,54.22,"2,020.00","2,020.00","1,980.00","1,980.00","1,985.38",525.00,"2,019.90","1,042,322.00",12,-39.9,40.0,-1.98,2.02,-0.27,"2,400.12","2,406.97","2,900.00","1,300.00",01_18_2022
SMB,54.23,"1,943.00","1,974.00","1,921.00","1,974.00","1,938.69",342.00,"1,980.00","663,032.00",17,-6.0,53.0,-0.3,2.76,1.79,"2,396.07","2,405.21","2,900.00","1,300.00",01_19_2022
SMB,45.16,"1,974.00","2,011.30","1,897.10","2,011.00","1,959.69",892.00,"1,974.00","1,748,046.00",27,37.0,114.2,1.87,6.02,2.55,"2,391.79","2,403.42","2,900.00","1,320.00",01_20_2022
SMB,53.43,"1,974.00","2,011.30","1,897.10","2,011.00","1,959.69",892.00,"1,974.00","1,748,046.00",27,37.0,114.2,1.87,6.02,2.55,"2,391.79","2,403.42","2,900.00","1,320.00",01_21_2022
SMB,53.43,"1,974.00","2,011.30","1,897.10","2,011.00","1,959.69",892.00,"1,974.00","1,748,046.00",27,37.0,114.2,1.87,6.02,2.55,"2,391.79","2,403.42","2,900.00","1,320.00",01_22_2022
SMB,55.25,"1,980.00","1,980.00","1,971.00","1,971.00","1,972.67",272.00,"2,011.00","536,566.00",9,-40.0,9.00,-1.99,0.46,-0.08,"2,386.99","2,401.81","2,900.00","1,530.00",01_23_2022
SMB,46.41,"1,932.10","1,932.10","1,860.10","1,930.00","1,905.38",601.00,"1,971.00","1,145,133.50",26,-41.0,72.0,-2.08,3.87,1.28,"2,382.28","2,400.43","2,900.00","1,530.00",01_24_2022
SMB,48.4,"1,900.00","1,938.00","1,900.00","1,934.00","1,913.69",486.00,"1,930.00","930,053.00",19,4.0,38.00,0.21,2.0,1.05,"2,376.98","2,398.16","2,900.00","1,546.00",01_25_2022
SMB,45.52,"1,900.00","1,905.00","1,866.00","1,905.00","1,877.99",532.00,"1,934.00","999,088.90",18,-29.0,39.0,-1.5,2.09,1.42,"2,369.29","2,396.10","2,900.00","1,546.00",01_26_2022
SMB,43.64,"1,916.00","1,916.00","1,880.00","1,911.00","1,894.00",566.00,"1,905.00","1,072,006.00",21,6.0,36.0,0.31,1.91,0.89,"2,361.09","2,393.86","2,900.00","1,555.00",01_27_2022
SMB,43.54,"1,916.00","1,916.00","1,880.00","1,911.00","1,894.00",566.00,"1,905.00","1,072,006.00",21,6.0,36.0,0.31,1.91,0.89,"2,361.09","2,393.86","2,900.00","1,555.00",01_28_2022
SMB,43.54,"1,916.00","1,916.00","1,880.00","1,911.00","1,894.00",566.00,"1,905.00","1,072,006.00",21,6.0,36.0,0.31,1.91,0.89,"2,361.09","2,393.86","2,900.00","1,555.00",01_29_2022
SMB,44.74,"1,949.00","1,949.20","1,900.00","1,936.00","1,911.33",694.00,"1,911.00","1,326,462.00",26,25.0,49.2,1.31,2.59,1.27,"2,354.49","2,391.72","2,900.00","1,619.00",01_30_2022
SMB,50.29,"1,935.00","1,999.80","1,933.00","1,979.90","1,963.92","1,346.00","1,936.00","2,643,436.00",38,43.9,66.8,2.27,3.46,0.81,"2,347.53","2,389.75","2,900.00","1,619.00",01_31_2022
SMB,59.3,"2,019.00","2,058.00","1,994.60","1,994.60","2,019.34","1,126.00","1,979.90","2,273,773.00",42,14.7,63.4,0.74,3.18,-1.24,"2,341.11","2,386.57","2,900.00","1,619.00",02_01_2022
SMB,63.82,"2,019.00","2,058.00","1,994.60","1,994.60","2,019.34","1,126.00","1,979.90","2,273,773.00",42,14.7,63.4,0.74,3.18,-1.24,"2,341.11","2,386.57","2,900.00","1,619.00",02_02_2022
SMB,63.76,"2,033.00","2,114.00","1,990.10","1,990.10","2,025.71",233.00,"1,994.60","471,991.00",16,-4.5,123.9,-0.23,6.23,-1.79,"2,334.37","2,383.51","2,900.00","1,619.00",02_03_2022
SMB,52.9,"2,033.00","2,114.00","1,990.10","1,990.10","2,025.71",233.00,"1,994.60","471,991.00",16,-4.5,123.9,-0.23,6.23,-1.79,"2,334.37","2,383.51","2,900.00","1,619.00",02_04_2022
SMB,52.9,"2,033.00","2,114.00","1,990.10","1,990.10","2,025.71",233.00,"1,994.60","471,991.00",16,-4.5,123.9,-0.23,6.23,-1.79,"2,334.37","2,383.51","2,900.00","1,619.00",02_05_2022
SMB,52.75,"1,951.00","2,025.00","1,880.00","2,020.00","1,920.03","1,145.00","1,990.10","2,198,439.60",49,29.90,145.0,1.5,7.71,4.95,"2,328.12","2,380.62","2,900.00","1,619.00",02_06_2022
SMB,57.53,"1,980.00","1,980.00","1,922.00","1,945.00","1,928.16",683.00,"2,020.00","1,316,930.00",20,-75.0,58.0,-3.71,3.02,0.87,"2,320.87","2,378.37","2,900.00","1,619.00",02_07_2022
SMB,42.14,"1,983.90","1,983.90","1,906.10","1,906.10","1,927.93",267.00,"1,945.00","514,756.50",10,-38.9,77.8,-2.0,4.08,-1.15,"2,313.67","2,375.74","2,900.00","1,619.00",02_08_2022
SMB,40.05,"1,868.00","1,885.00","1,840.00","1,885.00","1,861.11",670.00,"1,906.10","1,246,946.50",19,-21.1,45.0,-1.11,2.45,1.27,"2,306.92","2,372.77","2,900.00","1,619.00",02_09_2022
SMB,44.95,"1,850.00","1,880.00","1,850.00","1,880.00","1,865.00",22.00,"1,885.00","41,030.00",4,-5.0,30.0,-0.27,1.62,0.8,"2,300.09","2,369.88","2,900.00","1,619.00",02_10_2022
SMB,36.54,"1,850.00","1,880.00","1,850.00","1,880.00","1,865.00",22.00,"1,885.00","41,030.00",4,-5.0,30.0,-0.27,1.62,0.8,"2,300.09","2,369.88","2,900.00","1,619.00",02_11_2022
SMB,36.54,"1,850.00","1,880.00","1,850.00","1,880.00","1,865.00",22.00,"1,885.00","41,030.00",4,-5.0,30.0,-0.27,1.62,0.8,"2,300.09","2,369.88","2,900.00","1,619.00",02_12_2022
SMB,44.14,"1,800.00","1,885.00","1,781.00","1,885.00","1,817.35",331.00,"1,800.00","601,542.00",15,85.0,104.0,4.72,5.84,3.59,"2,285.76","2,363.63","2,900.00","1,619.00",02_14_2022
SMB,42.92,"1,848.00","1,884.80","1,815.00","1,884.80","1,826.33",566.00,"1,885.00","1,033,702.00",18,-0.2,69.8,-0.01,3.85,3.1,"2,279.05","2,360.53","2,900.00","1,619.00",02_15_2022
SMB,53.35,"1,900.00","1,900.00","1,822.00","1,822.00","1,834.63",444.00,"1,884.80","814,574.60",10,-62.8,78.0,-3.33,4.28,-0.69,"2,271.53","2,356.54","2,900.00","1,619.00",02_16_2022
SMB,42.99,"1,820.00","1,857.90","1,787.00","1,837.00","1,816.66",127.00,"1,822.00","230,716.10",9,15.0,70.9,0.82,3.97,1.11,"2,263.58","2,353.02","2,900.00","1,619.00",02_17_2022
SMB,49.07,"1,820.00","1,857.90","1,787.00","1,837.00","1,816.66",127.00,"1,822.00","230,716.10",9,15.0,70.9,0.82,3.97,1.11,"2,263.58","2,353.02","2,900.00","1,619.00",02_18_2022
SMB,49.07,"1,820.00","1,857.90","1,787.00","1,837.00","1,816.66",127.00,"1,822.00","230,716.10",9,15.0,70.9,0.82,3.97,1.11,"2,263.58","2,353.02","2,900.00","1,619.00",02_19_2022
SMB,48.64,"1,801.00","1,822.70","1,766.00","1,788.00","1,789.98",290.00,"1,837.00","519,094.00",15,-49.0,56.7,-2.67,3.21,-0.11,"2,255.53","2,349.01","2,900.00","1,619.00",02_20_2022
SMB,36.45,"1,790.00","1,823.70","1,790.00","1,823.70","1,818.18",102.00,"1,788.00","185,454.00",5,35.7,33.7,2.0,1.88,0.3,"2,248.02","2,345.07","2,900.00","1,619.00",02_21_2022
SMB,36.1,"1,788.00","1,844.00","1,788.00","1,844.00","1,806.42",313.00,"1,823.70","565,410.00",20,20.3,56.0,1.11,3.13,2.04,"2,240.88","2,341.42","2,900.00","1,619.00",02_22_2022
SMB,54.9,"1,808.00","1,812.00","1,778.10","1,778.10","1,796.87",213.00,"1,844.00","382,733.30",11,-65.9,33.9,-3.57,1.91,-1.06,"2,233.21","2,337.28","2,900.00","1,619.00",02_23_2022
SMB,39.2,"1,813.60","1,813.60","1,764.00","1,764.00","1,790.01",297.00,"1,778.10","531,633.00",10,-14.1,49.6,-0.79,2.81,-1.47,"2,225.28","2,333.55","2,900.00","1,619.00",02_24_2022
SMB,43.48,"1,813.60","1,813.60","1,764.00","1,764.00","1,790.01",297.00,"1,778.10","531,633.00",10,-14.1,49.6,-0.79,2.81,-1.47,"2,225.28","2,333.55","2,900.00","1,619.00",02_25_2022
SMB,43.48,"1,813.60","1,813.60","1,764.00","1,764.00","1,790.01",297.00,"1,778.10","531,633.00",10,-14.1,49.6,-0.79,2.81,-1.47,"2,225.28","2,333.55","2,900.00","1,619.00",02_26_2022
SMB,43.13,"1,764.00","1,833.90","1,750.00","1,833.90","1,788.33",220.00,"1,764.00","393,433.00",11,69.9,83.90,3.96,4.79,2.48,"2,218.39","2,330.29","2,900.00","1,619.00",02_27_2022
SMB,47.14,"1,800.10","1,835.00","1,764.00","1,824.00","1,769.96",490.00,"1,833.90","867,279.50",13,-9.9,71.00,-0.54,4.02,2.96,"2,211.72","2,326.89","2,900.00","1,619.00",02_28_2022
SMB,45.73,"1,800.10","1,835.00","1,764.00","1,824.00","1,769.96",490.00,"1,833.90","867,279.50",13,-9.9,71.00,-0.54,4.02,2.96,"2,211.72","2,326.89","2,900.00","1,619.00",03_01_2022
SMB,45.55,"1,790.00","1,790.00","1,788.00","1,788.00","1,788.59",311.00,"1,824.00","556,250.00",8,-36.0,2.00,-1.97,0.11,-0.03,"2,204.95","2,323.27","2,900.00","1,619.00",03_02_2022
SMB,46.44,"1,790.00","1,790.00","1,788.00","1,788.00","1,788.59",311.00,"1,824.00","556,250.00",8,-36.0,2.00,-1.97,0.11,-0.03,"2,204.95","2,323.27","2,900.00","1,619.00",03_03_2022
SMB,46.44,"1,790.00","1,790.00","1,788.00","1,788.00","1,788.59",311.00,"1,824.00","556,250.00",8,-36.0,2.00,-1.97,0.11,-0.03,"2,204.95","2,323.27","2,900.00","1,619.00",03_04_2022
SMB,46.44,"1,790.00","1,790.00","1,788.00","1,788.00","1,788.59",311.00,"1,824.00","556,250.00",8,-36.0,2.00,-1.97,0.11,-0.03,"2,204.95","2,323.27","2,900.00","1,619.00",03_05_2022
SMB,43.81,"1,753.50","1,753.50","1,752.00","1,752.00","1,752.51",95.00,"1,788.00","166,488.00",6,-36.0,1.5,-2.01,0.09,-0.03,"2,196.59","2,319.14","2,900.00","1,619.00",03_06_2022
SMB,40.07,"1,750.00","1,822.70","1,720.00","1,762.80","1,759.04",502.00,"1,752.00","883,040.20",13,10.8,102.7,0.62,5.97,0.21,"2,189.20","2,315.07","2,900.00","1,619.00",03_07_2022
SMB,40.76,"1,750.00","1,822.70","1,720.00","1,762.80","1,759.04",502.00,"1,752.00","883,040.20",13,10.8,102.7,0.62,5.97,0.21,"2,189.20","2,315.07","2,900.00","1,619.00",03_08_2022
SMB,40.31,"1,762.60","1,762.60","1,700.00","1,762.60","1,726.91",287.00,"1,762.80","495,622.00",14,-0.2,62.6,-0.01,3.68,2.03,"2,181.79","2,311.12","2,900.00","1,619.00",03_09_2022
SMB,37.68,"1,797.00","1,798.20","1,762.00","1,798.20","1,778.42",83.00,"1,762.60","147,609.00",8,35.6,36.2,2.02,2.05,1.1,"2,174.70","2,307.47","2,900.00","1,619.00",03_10_2022
SMB,40.25,"1,797.00","1,798.20","1,762.00","1,798.20","1,778.42",83.00,"1,762.60","147,609.00",8,35.6,36.2,2.02,2.05,1.1,"2,174.70","2,307.47","2,900.00","1,619.00",03_11_2022
SMB,40.25,"1,797.00","1,798.20","1,762.00","1,798.20","1,778.42",83.00,"1,762.60","147,609.00",8,35.6,36.2,2.02,2.05,1.1,"2,174.70","2,307.47","2,900.00","1,619.00",03_12_2022
SMB,42.2,"1,773.00","1,850.00","1,773.00","1,850.00","1,834.79","1,142.00","1,798.20","2,095,334.80",23,51.80,77.00,2.88,4.34,0.82,"2,167.61","2,304.09","2,900.00","1,619.00",03_13_2022
SMB,54.91,"1,820.00","1,820.00","1,820.00","1,820.00","1,820.00",11.00,"1,850.00","20,020.00",1,-30.0,0.0,-1.62,0.0,0.0,"2,161.14","2,300.42","2,900.00","1,619.00",03_14_2022
SMB,48.8,"1,800.00","1,819.00","1,784.00","1,819.00","1,796.06",167.00,"1,820.00","299,942.40",10,-1.0,35.0,-0.05,1.96,1.26,"2,153.89","2,296.99","2,900.00","1,619.00",03_15_2022
SMB,48.53,"1,800.00","1,800.00","1,790.00","1,790.00","1,796.56",32.00,"1,819.00","57,490.00",3,-29.0,10.0,-1.59,0.56,-0.37,"2,147.05","2,293.43","2,900.00","1,619.00",03_16_2022
SMB,28.73,"1,800.00","1,800.00","1,790.00","1,790.00","1,796.56",32.00,"1,819.00","57,490.00",3,-29.0,10.0,-1.59,0.56,-0.37,"2,147.05","2,293.43","2,900.00","1,619.00",03_17_2022
SMB,28.73,"1,800.00","1,800.00","1,790.00","1,790.00","1,796.56",32.00,"1,819.00","57,490.00",3,-29.0,10.0,-1.59,0.56,-0.37,"2,147.05","2,293.43","2,900.00","1,619.00",03_18_2022
SMB,28.73,"1,800.00","1,800.00","1,790.00","1,790.00","1,796.56",32.00,"1,819.00","57,490.00",3,-29.0,10.0,-1.59,0.56,-0.37,"2,147.05","2,293.43","2,900.00","1,619.00",03_19_2022
SMB,31.0,"1,780.00","1,780.00","1,760.00","1,760.00","1,767.42",31.00,"1,790.00","54,790.00",3,-30.0,20.0,-1.68,1.14,-0.42,"2,140.08","2,289.67","2,900.00","1,619.00",03_20_2022
SMB,32.14,"1,775.00","1,795.00","1,740.00","1,795.00","1,770.81",316.00,"1,760.00","559,574.40",16,35.00,55.0,1.99,3.16,1.35,"2,133.50","2,286.18","2,900.00","1,619.00",03_21_2022
SMB,46.82,"1,820.00","1,820.00","1,764.20","1,764.40","1,780.66",93.00,"1,795.00","165,601.60",6,-30.6,55.8,-1.7,3.16,-0.92,"2,126.44","2,282.12","2,900.00","1,619.00",03_22_2022
SMB,34.03,"1,750.00","1,750.00","1,734.00","1,745.00","1,743.00",78.00,"1,764.40","135,954.00",7,-19.4,16.0,-1.1,0.92,0.11,"2,119.32","2,278.07","2,900.00","1,619.00",03_23_2022
SMB,37.48,"1,726.00","1,740.00","1,726.00","1,740.00","1,732.69",32.00,"1,745.00","55,446.10",4,-5.0,14.0,-0.29,0.81,0.42,"2,112.78","2,274.35","2,900.00","1,619.00",03_24_2022
SMB,37.48,"1,726.00","1,740.00","1,726.00","1,740.00","1,732.69",32.00,"1,745.00","55,446.10",4,-5.0,14.0,-0.29,0.81,0.42,"2,112.78","2,274.35","2,900.00","1,619.00",03_24_2022
SMB,37.48,"1,726.00","1,740.00","1,726.00","1,740.00","1,732.69",32.00,"1,745.00","55,446.10",4,-5.0,14.0,-0.29,0.81,0.42,"2,112.78","2,274.35","2,900.00","1,619.00",03_24_2022
SMB,37.48,"1,726.00","1,740.00","1,726.00","1,740.00","1,732.69",32.00,"1,745.00","55,446.10",4,-5.0,14.0,-0.29,0.81,0.42,"2,112.78","2,274.35","2,900.00","1,619.00",03_24_2022
SMB,34.44,"1,726.00","1,740.00","1,726.00","1,740.00","1,732.69",32.00,"1,745.00","55,446.10",4,-5.0,14.0,-0.29,0.81,0.42,"2,112.78","2,274.35","2,900.00","1,619.00",03_25_2022
SMB,34.44,"1,726.00","1,740.00","1,726.00","1,740.00","1,732.69",32.00,"1,745.00","55,446.10",4,-5.0,14.0,-0.29,0.81,0.42,"2,112.78","2,274.35","2,900.00","1,619.00",03_26_2022
SMB,33.79,"1,711.00","1,716.00","1,710.00","1,710.10","1,713.18",255.00,"1,740.00","436,861.20",10,-29.9,6.00,-1.72,0.35,-0.18,"2,106.23","2,270.57","2,900.00","1,619.00",03_27_2022
SMB,35.92,"1,690.00","1,719.00","1,681.00","1,715.00","1,703.65",83.00,"1,710.10","141,403.00",6,4.9,38.0,0.29,2.26,0.66,"2,100.34","2,266.70","2,900.00","1,619.00",03_28_2022
SMB,38.03,"1,715.00","1,748.00","1,715.00","1,748.00","1,726.19",183.00,"1,715.00","315,892.00",10,33.0,33.0,1.92,1.92,1.25,"2,093.99","2,263.25","2,900.00","1,619.00",03_29_2022
SMB,50.22,"1,716.00","1,781.00","1,716.00","1,781.00","1,747.77",132.00,"1,748.00","230,706.00",7,33.0,65.0,1.89,3.79,1.87,"2,088.00","2,260.08","2,900.00","1,619.00",03_30_2022
SMB,50.59,"1,813.90","1,814.00","1,800.00","1,800.00","1,812.68",231.00,"1,781.00","418,728.00",6,19.0,14.0,1.07,0.78,-0.7,"2,082.83","2,257.01","2,900.00","1,619.00",03_31_2022
SMB,52.41,"1,813.90","1,814.00","1,800.00","1,800.00","1,812.68",231.00,"1,781.00","418,728.00",6,19.0,14.0,1.07,0.78,-0.7,"2,082.83","2,257.01","2,900.00","1,619.00",04_01_2022
SMB,52.41,"1,813.90","1,814.00","1,800.00","1,800.00","1,812.68",231.00,"1,781.00","418,728.00",6,19.0,14.0,1.07,0.78,-0.7,"2,082.83","2,257.01","2,900.00","1,619.00",04_02_2022
SMB,50.71,"1,825.00","1,825.00","1,770.00","1,800.00","1,787.99",210.00,"1,800.00","375,478.60",9,0.0,55.0,0.0,3.11,0.67,"2,078.08","2,253.59","2,900.00","1,619.00",04_03_2022
SMB,49.95,"1,800.00","1,824.00","1,766.00","1,820.00","1,800.35",246.00,"1,800.00","442,887.00",11,20.0,58.0,1.11,3.28,1.08,"2,074.59","2,249.98","2,900.00","1,619.00",04_04_2022
SMB,51.44,"1,784.00","1,818.00","1,720.00","1,818.00","1,772.46",61.00,"1,820.00","108,120.00",5,-2.0,98.00,-0.11,5.7,2.51,"2,070.29","2,246.41","2,900.00","1,619.00",04_05_2022
SMB,40.8,"1,840.00","1,840.00","1,736.00","1,800.00","1,776.31",129.00,"1,818.00","229,144.00",8,-18.0,104.0,-0.99,5.99,1.32,"2,066.13","2,242.85","2,900.00","1,619.00",04_06_2022
SMB,34.6,"1,764.00","1,799.00","1,764.00","1,764.00","1,778.96",192.00,"1,800.00","341,560.00",12,-36.0,35.0,-2.0,1.98,-0.85,"2,063.03","2,239.32","2,900.00","1,619.00",04_07_2022
SMB,34.15,"1,764.00","1,799.00","1,764.00","1,764.00","1,778.96",192.00,"1,800.00","341,560.00",12,-36.0,35.0,-2.0,1.98,-0.85,"2,063.03","2,239.32","2,900.00","1,619.00",04_08_2022
SMB,34.15,"1,764.00","1,799.00","1,764.00","1,764.00","1,778.96",192.00,"1,800.00","341,560.00",12,-36.0,35.0,-2.0,1.98,-0.85,"2,063.03","2,239.32","2,900.00","1,619.00",04_09_2022
SMB,34.15,"1,764.00","1,799.00","1,764.00","1,764.00","1,778.96",192.00,"1,800.00","341,560.00",12,-36.0,35.0,-2.0,1.98,-0.85,"2,063.03","2,239.32","2,900.00","1,619.00",04_10_2022
SMB,33.81,"1,745.00","1,745.00","1,729.00","1,729.00","1,730.19",241.00,"1,764.00","416,975.00",5,-35.0,16.0,-1.98,0.93,-0.07,"2,057.86","2,235.76","2,900.00","1,619.00",04_11_2022
SMB,33.39,"1,696.00","1,696.00","1,663.00","1,663.00","1,680.46",331.00,"1,729.00","556,232.00",10,-66.0,33.0,-3.82,1.98,-1.05,"2,052.13","2,231.59","2,900.00","1,619.00",04_12_2022
SMB,32.91,"1,696.00","1,696.00","1,665.00","1,669.00","1,672.80",50.00,"1,663.00","83,640.00",3,6.00,31.0,0.36,1.86,-0.23,"2,044.48","2,227.53","2,900.00","1,619.00",04_13_2022
SMB,27.93,"1,696.00","1,696.00","1,665.00","1,669.00","1,672.80",50.00,"1,663.00","83,640.00",3,6.00,31.0,0.36,1.86,-0.23,"2,044.48","2,227.53","2,900.00","1,619.00",04_14_2022
SMB,27.93,"1,696.00","1,696.00","1,665.00","1,669.00","1,672.80",50.00,"1,663.00","83,640.00",3,6.00,31.0,0.36,1.86,-0.23,"2,044.48","2,227.53","2,900.00","1,619.00",04_15_2022
SMB,27.93,"1,696.00","1,696.00","1,665.00","1,669.00","1,672.80",50.00,"1,663.00","83,640.00",3,6.00,31.0,0.36,1.86,-0.23,"2,044.48","2,227.53","2,900.00","1,619.00",04_16_2022
SMB,30.5,"1,669.00","1,673.20","1,669.00","1,673.10","1,672.93",274.00,"1,669.00","458,382.30",10,4.10,4.2,0.25,0.25,0.01,"2,035.20","2,223.49","2,900.00","1,619.00",04_17_2022
SMB,36.58,"1,670.00","1,670.00","1,670.00","1,670.00","1,670.00",36.00,"1,673.10","60,120.00",2,-3.1,0.00,-0.19,0.0,0.0,"2,026.37","2,219.26","2,900.00","1,619.00",04_18_2022
SMB,30.08,"1,697.00","1,697.00","1,670.00","1,670.00","1,673.86",70.00,"1,670.00","117,170.00",5,0.0,27.0,0.0,1.62,-0.23,"2,017.79","2,215.14","2,900.00","1,619.00",04_19_2022
SMB,40.17,"1,641.10","1,643.00","1,637.00","1,637.00","1,640.52",145.00,"1,670.00","237,875.00",8,-33.0,6.0,-1.98,0.37,-0.21,"2,010.18","2,210.65","2,900.00","1,619.00",04_20_2022
SMB,37.49,"1,605.00","1,637.00","1,605.00","1,637.00","1,619.22",134.00,"1,637.00","216,976.00",7,0.0,32.00,0.0,1.99,1.09,"2,002.67","2,206.24","2,900.00","1,605.00",04_21_2022
SMB,36.52,"1,605.00","1,637.00","1,605.00","1,637.00","1,619.22",134.00,"1,637.00","216,976.00",7,0.0,32.00,0.0,1.99,1.09,"2,002.67","2,206.24","2,900.00","1,605.00",04_22_2022
SMB,36.52,"1,605.00","1,637.00","1,605.00","1,637.00","1,619.22",134.00,"1,637.00","216,976.00",7,0.0,32.00,0.0,1.99,1.09,"2,002.67","2,206.24","2,900.00","1,605.00",04_23_2022
SMB,37.04,"1,669.00","1,701.00","1,669.00","1,700.00","1,690.77",191.00,"1,637.00","322,938.00",7,63.00,32.00,3.85,1.92,0.54,"1,995.59","2,202.01","2,900.00","1,605.00",04_24_2022
SMB,47.58,"1,667.20","1,699.90","1,667.20","1,699.90","1,689.35",31.00,"1,700.00","52,369.90",3,-0.1,32.7,-0.01,1.96,0.62,"1,989.34","2,197.43","2,900.00","1,605.00",04_25_2022
SMB,40.83,"1,670.10","1,670.10","1,668.00","1,668.10","1,668.70",291.00,"1,699.90","485,591.00",7,-31.8,2.1,-1.87,0.13,-0.04,"1,981.15","2,192.55","2,900.00","1,605.00",04_26_2022
SMB,49.46,"1,640.10","1,640.10","1,640.10","1,640.10","1,640.10",25.00,"1,668.10","41,002.50",1,-28.0,0.0,-1.68,0.0,0.0,"1,972.95","2,187.80","2,900.00","1,605.00",04_27_2022
SMB,37.91,"1,640.00","1,672.90","1,590.00","1,672.90","1,611.00",246.00,"1,640.10","396,305.00",11,32.8,82.9,2.0,5.21,3.7,"1,964.59","2,182.81","2,900.00","1,590.00",05_02_2022
SMB,38.81,"1,640.00","1,672.90","1,590.00","1,672.90","1,611.00",246.00,"1,640.10","396,305.00",11,32.8,82.9,2.0,5.21,3.7,"1,964.59","2,182.81","2,900.00","1,590.00",05_03_2022
SMB,37.89,"1,650.10","1,650.10","1,650.00","1,650.00","1,650.08",40.00,"1,672.90","66,003.00",2,-22.9,0.1,-1.37,0.01,0.0,"1,956.00","2,176.28","2,900.00","1,590.00",05_04_2022
SMB,29.59,"1,650.00","1,650.00","1,617.00","1,617.00","1,639.32",148.00,"1,650.00","242,618.80",8,-33.0,33.0,-2.0,2.04,-1.38,"1,946.85","2,169.18","2,900.00","1,590.00",05_05_2022
SMB,34.46,"1,650.00","1,650.00","1,617.00","1,617.00","1,639.32",148.00,"1,650.00","242,618.80",8,-33.0,33.0,-2.0,2.04,-1.38,"1,946.85","2,169.18","2,900.00","1,590.00",05_06_2022
SMB,34.46,"1,650.00","1,650.00","1,617.00","1,617.00","1,639.32",148.00,"1,650.00","242,618.80",8,-33.0,33.0,-2.0,2.04,-1.38,"1,946.85","2,169.18","2,900.00","1,590.00",05_07_2022
SMB,34.46,"1,584.70","1,584.70","1,528.80","1,580.00","1,546.59",308.00,"1,617.00","476,350.10",14,-37.0,55.90,-2.29,3.66,2.11,"1,937.40","2,162.80","2,900.00","1,528.80",05_08_2022
SMB,38.18,"1,570.00","1,651.00","1,555.00","1,651.00","1,569.15",302.00,"1,580.00","473,884.00",9,71.0,96.0,4.49,6.17,4.96,"1,929.32","2,156.33","2,900.00","1,528.80",05_10_2022
SMB,42.66,"1,620.00","1,654.00","1,620.00","1,654.00","1,634.76",71.00,"1,651.00","116,068.00",5,3.0,34.0,0.18,2.1,1.16,"1,921.01","2,150.16","2,900.00","1,528.80",05_11_2022
SMB,40.52,"1,650.00","1,650.00","1,625.00","1,625.00","1,640.79",38.00,"1,654.00","62,350.00",3,-29.0,25.0,-1.75,1.54,-0.97,"1,912.82","2,143.63","2,900.00","1,528.80",05_12_2022
SMB,39.19,"1,650.00","1,650.00","1,625.00","1,625.00","1,640.79",38.00,"1,654.00","62,350.00",3,-29.0,25.0,-1.75,1.54,-0.97,"1,912.82","2,143.63","2,900.00","1,528.80",05_13_2022
SMB,39.19,"1,650.00","1,650.00","1,625.00","1,625.00","1,640.79",38.00,"1,654.00","62,350.00",3,-29.0,25.0,-1.75,1.54,-0.97,"1,912.82","2,143.63","2,900.00","1,528.80",05_14_2022
SMB,39.19,"1,650.00","1,650.00","1,625.00","1,625.00","1,640.79",38.00,"1,654.00","62,350.00",3,-29.0,25.0,-1.75,1.54,-0.97,"1,912.82","2,143.63","2,900.00","1,528.80",05_15_2022
SMB,39.19,"1,650.00","1,650.00","1,625.00","1,625.00","1,640.79",38.00,"1,654.00","62,350.00",3,-29.0,25.0,-1.75,1.54,-0.97,"1,912.82","2,143.63","2,900.00","1,528.80",05_16_2022
SMB,40.54,"1,625.00","1,625.00","1,592.50","1,592.50","1,602.82",126.00,"1,625.00","201,955.00",3,-32.50,32.5,-2.0,2.04,-0.65,"1,906.09","2,137.09","2,900.00","1,528.80",05_17_2022
SMB,44.25,"1,563.00","1,563.00","1,560.00","1,562.00","1,561.99",325.00,"1,592.50","507,648.00",5,-30.5,3.0,-1.92,0.19,0.0,"1,898.92","2,130.13","2,900.00","1,528.80",05_18_2022
SMB,37.95,"1,593.20","1,593.20","1,558.20","1,578.00","1,566.15",314.00,"1,562.00","491,770.00",10,16.0,35.0,1.02,2.25,0.75,"1,892.26","2,123.51","2,900.00","1,528.80",05_19_2022
SMB,33.85,"1,560.00","1,560.00","1,560.00","1,560.00","1,560.00",11.00,"1,578.00","17,160.00",1,-18.0,0.0,-1.14,0.0,0.0,"1,885.76","2,117.20","2,900.00","1,528.80",05_20_2022
SMB,27.84,"1,560.00","1,560.00","1,560.00","1,560.00","1,560.00",11.00,"1,578.00","17,160.00",1,-18.0,0.0,-1.14,0.0,0.0,"1,885.76","2,117.20","2,900.00","1,528.80",05_21_2022
SMB,27.84,"1,560.00","1,560.00","1,560.00","1,560.00","1,560.00",11.00,"1,578.00","17,160.00",1,-18.0,0.0,-1.14,0.0,0.0,"1,885.76","2,117.20","2,900.00","1,528.80",05_22_2022
SMB,27.59,"1,532.00","1,560.00","1,531.00","1,532.00","1,533.40",370.00,"1,560.00","567,359.00",12,-28.0,29.0,-1.79,1.89,-0.09,"1,878.96","2,110.72","2,900.00","1,528.80",05_23_2022
SMB,39.73,"1,532.00","1,532.00","1,502.00","1,531.00","1,524.09",43.00,"1,532.00","65,536.00",4,-1.0,30.00,-0.07,2.0,0.45,"1,871.92","2,104.45","2,900.00","1,502.00",05_24_2022
SMB,36.56,"1,533.00","1,533.00","1,533.00","1,533.00","1,533.00",21.00,"1,531.00","32,193.00",2,2.0,0.0,0.13,0.0,0.0,"1,864.95","2,097.71","2,900.00","1,502.00",05_25_2022
SMB,31.57,"1,505.00","1,535.00","1,505.00","1,535.00","1,516.33",43.00,"1,533.00","65,202.00",4,2.0,30.0,0.13,1.99,1.22,"1,857.74","2,091.30","2,900.00","1,502.00",05_26_2022
SMB,32.24,"1,512.00","1,512.00","1,512.00","1,512.00","1,512.00",40.00,"1,535.00","60,480.00",2,-23.0,0.0,-1.5,0.0,0.0,"1,850.67","2,084.56","2,900.00","1,502.00",05_27_2022
SMB,33.26,"1,512.00","1,512.00","1,512.00","1,512.00","1,512.00",40.00,"1,535.00","60,480.00",2,-23.0,0.0,-1.5,0.0,0.0,"1,850.67","2,084.56","2,900.00","1,502.00",05_28_2022
SMB,33.26,"1,512.00","1,512.00","1,512.00","1,512.00","1,512.00",40.00,"1,535.00","60,480.00",2,-23.0,0.0,-1.5,0.0,0.0,"1,850.67","2,084.56","2,900.00","1,502.00",05_29_2022
SMB,32.74,"1,500.00","1,510.00","1,500.00","1,510.00","1,505.00",20.00,"1,512.00","30,100.00",2,-2.0,10.0,-0.13,0.67,0.33,"1,843.51","2,077.45","2,900.00","1,500.00",05_30_2022
SMB,31.33,"1,479.80","1,479.80","1,479.80","1,479.80","1,479.80",100.00,"1,510.00","147,980.00",1,-30.2,0.0,-2.0,0.0,0.0,"1,836.46","2,070.36","2,900.00","1,479.80",05_31_2022
SMB,35.38,"1,455.00","1,455.00","1,426.10","1,455.00","1,447.63",160.00,"1,479.80","231,621.00",8,-24.8,28.9,-1.68,2.03,0.51,"1,829.13","2,063.31","2,900.00","1,426.10",06_01_2022
SMB,35.05,"1,440.00","1,450.00","1,430.00","1,433.00","1,438.06",232.00,"1,455.00","333,630.00",12,-22.0,20.0,-1.51,1.4,-0.35,"1,821.77","2,056.27","2,900.00","1,426.10",06_02_2022
SMB,35.96,"1,430.00","1,430.00","1,400.00","1,414.00","1,403.84",435.00,"1,433.00","610,670.90",19,-19.0,30.0,-1.33,2.14,0.72,"1,815.04","2,049.13","2,900.00","1,400.00",06_03_2022
SMB,37.78,"1,430.00","1,430.00","1,400.00","1,414.00","1,403.84",435.00,"1,433.00","610,670.90",19,-19.0,30.0,-1.33,2.14,0.72,"1,815.04","2,049.13","2,900.00","1,400.00",06_04_2022
SMB,37.78,"1,430.00","1,430.00","1,400.00","1,414.00","1,403.84",435.00,"1,433.00","610,670.90",19,-19.0,30.0,-1.33,2.14,0.72,"1,815.04","2,049.13","2,900.00","1,400.00",06_05_2022
SMB,37.35,"1,387.00","1,413.00","1,386.00","1,386.00","1,392.61",135.00,"1,414.00","188,002.10",8,-28.0,27.0,-1.98,1.95,-0.48,"1,808.34","2,041.75","2,900.00","1,386.00",06_06_2022
SMB,33.9,"1,359.00","1,359.00","1,300.00","1,303.00","1,323.01",308.00,"1,386.00","407,486.00",20,-83.0,59.0,-5.99,4.54,-1.54,"1,800.96","2,034.20","2,900.00","1,300.00",06_07_2022
SMB,34.73,"1,328.00","1,339.00","1,320.00","1,320.10","1,326.86",199.00,"1,303.00","264,045.50",9,17.1,19.00,1.31,1.44,-0.51,"1,793.92","2,026.95","2,900.00","1,300.00",06_08_2022
SMB,35.6,"1,346.00","1,346.50","1,320.00","1,320.00","1,336.20",210.00,"1,320.10","280,602.50",10,-0.1,26.5,-0.01,2.01,-1.23,"1,786.83","2,019.84","2,900.00","1,300.00",06_09_2022
SMB,37.73,"1,330.00","1,330.00","1,308.00","1,308.00","1,318.75",40.00,"1,320.00","52,750.00",3,-12.0,22.0,-0.91,1.68,-0.82,"1,780.20","2,011.80","2,900.00","1,300.00",06_10_2022
SMB,32.21,"1,330.00","1,330.00","1,308.00","1,308.00","1,318.75",40.00,"1,320.00","52,750.00",3,-12.0,22.0,-0.91,1.68,-0.82,"1,780.20","2,011.80","2,900.00","1,300.00",06_11_2022
SMB,32.21,"1,330.00","1,330.00","1,308.00","1,308.00","1,318.75",40.00,"1,320.00","52,750.00",3,-12.0,22.0,-0.91,1.68,-0.82,"1,780.20","2,011.80","2,900.00","1,300.00",06_12_2022
SMB,31.94,"1,300.00","1,349.00","1,283.00","1,349.00","1,297.51",197.00,"1,308.00","255,609.00",10,41.0,66.0,3.13,5.14,3.82,"1,773.19","2,004.57","2,900.00","1,283.00",06_13_2022
SMB,45.38,"1,322.10","1,322.10","1,272.00","1,307.00","1,289.02",130.00,"1,349.00","167,573.00",11,-42.0,50.1,-3.11,3.94,1.38,"1,766.12","1,997.10","2,900.00","1,272.00",06_14_2022
SMB,35.84,"1,329.00","1,329.00","1,230.00","1,254.00","1,271.75",308.00,"1,307.00","391,698.00",19,-53.0,99.00,-4.06,8.05,-1.42,"1,758.86","1,989.35","2,900.00","1,230.00",06_15_2022
SMB,38.82,"1,229.00","1,317.00","1,229.00","1,317.00","1,255.62",85.00,"1,254.00","106,728.00",7,63.0,88.0,5.02,7.16,4.66,"1,751.52","1,981.67","2,900.00","1,229.00",06_16_2022
SMB,36.86,"1,291.00","1,320.00","1,270.00","1,294.00","1,286.93",358.00,"1,317.00","460,721.00",13,-23.0,50.00,-1.75,3.94,0.55,"1,743.93","1,974.43","2,900.00","1,229.00",06_19_2022
SMB,38.93,"1,290.00","1,290.00","1,245.00","1,245.00","1,258.40",284.00,"1,294.00","357,386.00",9,-49.0,45.00,-3.79,3.61,-1.08,"1,736.22","1,966.41","2,900.00","1,229.00",06_20_2022
SMB,37.15,"1,245.00","1,269.90","1,245.00","1,269.90","1,267.04",135.00,"1,245.00","171,050.00",6,24.9,24.90,2.0,2.0,0.23,"1,727.85","1,958.96","2,900.00","1,229.00",06_21_2022
SMB,40.85,"1,245.00","1,245.00","1,220.00","1,225.00","1,224.58",92.00,"1,269.90","112,661.40",4,-44.9,25.0,-3.54,2.05,0.03,"1,718.89","1,951.34","2,900.00","1,220.00",06_22_2022
SMB,29.63,"1,201.00","1,222.00","1,180.00","1,180.00","1,188.28",465.00,"1,225.00","552,550.20",16,-45.0,42.0,-3.67,3.56,-0.7,"1,713.76","1,943.54","2,900.00","1,180.00",06_23_2022
SMB,55.62,"1,380.00","1,386.10","1,320.00","1,320.00","1,338.90",652.00,"1,359.00","872,963.80",17,-39.0,66.1,-2.87,5.01,-1.43,"1,675.76","1,879.31","2,900.00","1,180.00",07_05_2022
SMB,43.44,"1,300.00","1,320.00","1,300.00","1,300.00","1,308.65",71.00,"1,320.00","92,914.00",8,-20.0,20.0,-1.52,1.54,-0.67,"1,670.61","1,873.56","2,900.00","1,180.00",07_06_2022
SMB,28.09,"1,300.00","1,300.00","1,274.00","1,280.00","1,278.40",455.00,"1,300.00","581,672.00",12,-20.0,26.0,-1.54,2.04,0.12,"1,665.90","1,867.89","2,900.00","1,180.00",07_07_2022
SMB,36.32,"1,254.50","1,254.50","1,246.40","1,246.40","1,248.51",50.00,"1,280.00","62,425.30",3,-33.6,8.1,-2.62,0.65,-0.17,"1,661.01","1,862.95","2,900.00","1,180.00",07_08_2022
SMB,29.51,"1,254.50","1,254.50","1,246.40","1,246.40","1,248.51",50.00,"1,280.00","62,425.30",3,-33.6,8.1,-2.62,0.65,-0.17,"1,661.01","1,862.95","2,900.00","1,180.00",07_09_2022
SMB,29.51,"1,254.50","1,254.50","1,246.40","1,246.40","1,248.51",50.00,"1,280.00","62,425.30",3,-33.6,8.1,-2.62,0.65,-0.17,"1,661.01","1,862.95","2,900.00","1,180.00",07_10_2022
SMB,27.3,"1,260.00","1,260.00","1,236.00","1,236.00","1,251.45",31.00,"1,246.40","38,795.00",3,-10.4,24.0,-0.83,1.94,-1.25,"1,655.73","1,856.77","2,900.00","1,180.00",07_11_2022
SMB,25.68,"1,211.30","1,235.50","1,211.00","1,211.00","1,214.54",175.00,"1,236.00","212,544.10",5,-25.0,24.5,-2.02,2.02,-0.29,"1,650.02","1,850.44","2,900.00","1,180.00",07_12_2022
SMB,27.91,"1,235.20","1,279.00","1,235.20","1,265.00","1,264.33",134.00,"1,211.00","169,419.90",7,54.0,43.8,4.46,3.55,0.05,"1,643.84","1,843.10","2,900.00","1,180.00",07_13_2022
SMB,-,"1,280.00","1,290.20","1,264.00","1,264.00","1,283.26",167.00,"1,265.00","214,304.00",7,-1.0,26.20,-0.08,2.07,-1.52,"1,638.04","1,834.63","2,900.00","1,180.00",07_14_2022
SMB,49.66,"1,280.00","1,280.00","1,255.00","1,255.00","1,270.28",181.00,"1,264.00","229,920.00",6,-9.0,25.0,-0.71,1.99,-1.22,"1,631.54","1,826.44","2,900.00","1,180.00",07_15_2022
SMB,47.73,"1,280.00","1,280.00","1,255.00","1,255.00","1,270.28",181.00,"1,264.00","229,920.00",6,-9.0,25.0,-0.71,1.99,-1.22,"1,631.54","1,826.44","2,900.00","1,180.00",07_16_2022
SMB,44.96,"1,280.00","1,280.00","1,280.00","1,280.00","1,280.00",26.00,"1,255.00","33,280.00",2,25.0,0.0,1.99,0.0,0.0,"1,625.33","1,818.55","2,900.00","1,180.00",07_17_2022
SMB,38.38,"1,305.50","1,324.90","1,305.00","1,318.90","1,316.84",235.00,"1,280.00","309,457.20",10,38.90,19.9,3.04,1.52,0.16,"1,619.49","1,811.71","2,900.00","1,180.00",07_18_2022
SMB,39.5,"1,330.00","1,336.00","1,304.00","1,315.00","1,323.14",776.00,"1,318.90","1,026,754.50",23,-3.9,32.0,-0.3,2.45,-0.62,"1,613.95","1,804.92","2,900.00","1,180.00",07_19_2022
SMB,45.85,"1,300.00","1,315.00","1,300.00","1,300.10","1,305.09",78.00,"1,315.00","101,797.00",5,-14.9,15.0,-1.13,1.15,-0.38,"1,608.33","1,797.98","2,900.00","1,180.00",07_20_2022
SMB,44.98,"1,326.00","1,326.00","1,300.00","1,320.90","1,315.24",39.00,"1,300.10","51,294.40",3,20.8,26.0,1.6,2.0,0.43,"1,602.58","1,791.70","2,900.00","1,180.00",07_21_2022
SMB,43.96,"1,295.10","1,295.10","1,295.10","1,295.10","1,295.10",14.00,"1,320.90","18,131.40",1,-25.8,0.0,-1.95,0.0,0.0,"1,596.95","1,784.18","2,900.00","1,180.00",07_22_2022
SMB,26.77,"1,295.10","1,295.10","1,295.10","1,295.10","1,295.10",14.00,"1,320.90","18,131.40",1,-25.8,0.0,-1.95,0.0,0.0,"1,596.95","1,784.18","2,900.00","1,180.00",07_23_2022
SMB,23.97,"1,320.00","1,352.00","1,274.60","1,350.00","1,303.38",914.00,"1,295.10","1,191,289.20",27,54.9,77.4,4.24,6.07,3.45,"1,592.11","1,777.10","2,900.00","1,180.00",07_24_2022
SMB,50.17,"1,374.80","1,483.00","1,349.00","1,471.00","1,447.93","1,533.00","1,350.00","2,219,673.70",39,121.0,134.0,8.96,9.93,1.57,"1,588.25","1,770.40","2,900.00","1,180.00",07_25_2022
SMB,57.53,"1,484.00","1,485.00","1,424.00","1,424.10","1,436.75",512.00,"1,471.00","735,617.50",17,-46.9,61.0,-3.19,4.28,-0.89,"1,584.25","1,763.41","2,900.00","1,180.00",07_26_2022
SMB,50.75,"1,400.00","1,418.80","1,379.00","1,418.80","1,399.79",350.00,"1,424.10","489,927.40",13,-5.3,39.8,-0.37,2.89,1.34,"1,580.15","1,756.22","2,900.00","1,180.00",07_27_2022
SMB,52.9,"1,429.00","1,504.00","1,429.00","1,488.00","1,477.26",811.00,"1,418.80","1,198,058.00",28,69.2,75.00,4.88,5.25,0.72,"1,576.41","1,749.40","2,900.00","1,180.00",07_28_2022
SMB,54.25,"1,488.00","1,517.00","1,488.00","1,517.00","1,508.49",339.00,"1,488.00","511,377.00",14,29.0,29.00,1.95,1.95,0.56,"1,572.55","1,743.27","2,900.00","1,180.00",07_29_2022
SMB,41.32,"1,488.00","1,517.00","1,488.00","1,517.00","1,508.49",339.00,"1,488.00","511,377.00",14,29.0,29.00,1.95,1.95,0.56,"1,572.55","1,743.27","2,900.00","1,180.00",07_30_2022
SMB,38.89,"1,546.00","1,546.00","1,485.00","1,485.00","1,501.82",660.00,"1,517.00","991,201.90",18,-32.0,61.0,-2.11,4.11,-1.13,"1,568.31","1,736.80","2,890.00","1,180.00",07_31_2022
SMB,46.85,"1,456.00","1,514.70","1,427.00","1,510.00","1,501.41",527.00,"1,485.00","791,243.80",19,25.0,87.7,1.68,6.15,0.57,"1,564.31","1,730.70","2,890.00","1,180.00",08_01_2022
SMB,51.17,"1,479.80","1,479.80","1,451.00","1,459.00","1,462.56",576.00,"1,510.00","842,434.40",22,-51.0,28.8,-3.38,1.98,-0.24,"1,559.63","1,725.47","2,890.00","1,180.00",08_02_2022
SMB,42.63,"1,432.00","1,458.40","1,429.90","1,431.00","1,434.52",748.00,"1,459.00","1,073,020.00",21,-28.0,28.5,-1.92,1.99,-0.25,"1,555.35","1,719.96","2,890.00","1,180.00",08_03_2022
SMB,41.69,"1,420.00","1,420.00","1,410.00","1,410.00","1,415.25",40.00,"1,431.00","56,610.00",3,-21.0,10.0,-1.47,0.71,-0.37,"1,551.21","1,714.59","2,871.30","1,180.00",08_04_2022
SMB,33.61,"1,385.10","1,385.10","1,356.00","1,378.00","1,379.19",114.00,"1,410.00","157,228.00",8,-32.0,29.1,-2.27,2.15,-0.09,"1,546.99","1,709.24","2,844.60","1,180.00",08_05_2022
SMB,31.65,"1,385.10","1,385.10","1,356.00","1,378.00","1,379.19",114.00,"1,410.00","157,228.00",8,-32.0,29.1,-2.27,2.15,-0.09,"1,546.99","1,709.24","2,844.60","1,180.00",08_06_2022
SMB,28.38,"1,380.00","1,415.00","1,380.00","1,415.00","1,396.97",357.00,"1,378.00","498,719.90",14,37.0,35.0,2.69,2.54,1.27,"1,543.11","1,704.06","2,844.60","1,180.00",08_07_2022
SMB,32.8,"1,401.00","1,405.00","1,392.00","1,401.00","1,398.97",97.00,"1,415.00","135,700.00",8,-14.00,13.00,-0.99,0.93,0.14,"1,539.79","1,698.65","2,844.60","1,180.00",08_08_2022
SMB,31.67,"1,410.00","1,429.00","1,360.00","1,360.00","1,403.84",200.00,"1,401.00","280,767.50",10,-41.0,69.0,-2.93,5.07,-3.22,"1,535.41","1,693.04","2,844.60","1,180.00",08_09_2022
SMB,32.15,"1,340.00","1,365.00","1,340.00","1,340.00","1,348.07",238.00,"1,360.00","320,840.00",12,-20.0,25.00,-1.47,1.87,-0.6,"1,530.87","1,687.15","2,844.60","1,180.00",08_10_2022
SMB,31.03,"1,340.00","1,345.00","1,317.00","1,345.00","1,337.16",220.00,"1,340.00","294,175.00",10,5.00,28.00,0.37,2.13,0.58,"1,526.90","1,681.51","2,844.60","1,180.00",08_11_2022
SMB,28.64,"1,340.00","1,345.00","1,317.00","1,345.00","1,337.16",220.00,"1,340.00","294,175.00",10,5.00,28.00,0.37,2.13,0.58,"1,526.90","1,681.51","2,844.60","1,180.00",08_12_2022
SMB,28.64,"1,340.00","1,345.00","1,317.00","1,345.00","1,337.16",220.00,"1,340.00","294,175.00",10,5.00,28.00,0.37,2.13,0.58,"1,526.90","1,681.51","2,844.60","1,180.00",08_13_2022
SMB,25.16,"1,321.00","1,344.00","1,318.10","1,344.00","1,321.46",235.00,"1,345.00","310,542.70",9,-1.0,25.9,-0.07,1.96,1.68,"1,522.79","1,675.81","2,844.60","1,180.00",08_14_2022
SMB,26.65,"1,370.80","1,370.80","1,343.90","1,350.00","1,348.98",88.00,"1,344.00","118,710.00",5,6.0,26.9,0.45,2.0,0.08,"1,519.14","1,670.39","2,844.60","1,180.00",08_15_2022
SMB,27.58,"1,377.00","1,377.00","1,330.20","1,330.20","1,354.97",196.00,"1,350.00","265,574.70",11,-19.80,46.80,-1.47,3.52,-1.86,"1,515.03","1,664.81","2,844.60","1,180.00",08_16_2022
SMB,26.4,"1,356.70","1,463.20","1,356.70","1,463.00","1,393.37",190.00,"1,330.20","264,741.00",7,132.8,106.5,9.98,7.85,4.76,"1,511.85","1,660.07","2,844.60","1,180.00",08_17_2022
SMB,41.76,"1,435.00","1,435.00","1,390.00","1,415.00","1,412.35",534.00,"1,463.00","754,194.00",19,-48.0,45.0,-3.28,3.24,0.19,"1,508.83","1,655.59","2,844.60","1,180.00",08_18_2022
SMB,47.25,"1,435.00","1,435.00","1,390.00","1,415.00","1,412.35",534.00,"1,463.00","754,194.00",19,-48.0,45.0,-3.28,3.24,0.19,"1,508.83","1,655.59","2,844.60","1,180.00",08_19_2022
SMB,47.25,"1,435.00","1,435.00","1,390.00","1,415.00","1,412.35",534.00,"1,463.00","754,194.00",19,-48.0,45.0,-3.28,3.24,0.19,"1,508.83","1,655.59","2,844.60","1,180.00",08_20_2022
SMB,47.25,"1,443.30","1,443.30","1,368.00","1,385.00","1,398.30",56.00,"1,415.00","78,305.00",5,-30.0,75.3,-2.12,5.5,-0.96,"1,505.67","1,651.11","2,844.60","1,180.00",08_21_2022
SMB,-,"1,398.00","1,400.00","1,358.00","1,358.00","1,382.38",130.00,"1,385.00","179,710.00",8,-27.0,42.0,-1.95,3.09,-1.8,"1,501.70","1,646.50","2,844.60","1,180.00",08_22_2022
SMB,43.81,"1,385.00","1,385.00","1,340.00","1,366.80","1,345.08",218.00,"1,358.00","293,228.00",7,8.8,45.0,0.65,3.36,1.59,"1,497.89","1,642.06","2,844.60","1,180.00",08_23_2022
SMB,27.24,"1,340.00","1,390.00","1,340.00","1,390.00","1,364.23",213.00,"1,366.80","290,580.00",10,23.2,50.0,1.7,3.73,1.85,"1,494.58","1,637.73","2,844.60","1,180.00",08_24_2022
SMB,37.3,"1,417.80","1,417.80","1,345.00","1,371.90","1,400.36",226.00,"1,390.00","316,482.00",9,-18.1,72.8,-1.3,5.41,-2.07,"1,491.41","1,633.66","2,844.60","1,180.00",08_25_2022
SMB,39.52,"1,344.50","1,344.50","1,309.00","1,309.00","1,322.48",282.00,"1,371.90","372,939.00",8,-62.9,35.5,-4.58,2.71,-1.03,"1,487.63","1,628.77","2,844.60","1,180.00",08_28_2022
SMB,37.09,"1,320.00","1,320.00","1,283.00","1,315.00","1,305.48",178.00,"1,309.00","232,376.00",8,6.0,37.0,0.46,2.88,0.72,"1,483.90","1,624.10","2,844.60","1,180.00",08_29_2022
SMB,32.03,"1,300.00","1,305.00","1,300.00","1,305.00","1,301.43",70.00,"1,315.00","91,100.00",3,-10.0,5.0,-0.76,0.38,0.27,"1,479.79","1,619.55","2,844.60","1,180.00",08_30_2022
SMB,24.16,"1,303.00","1,303.00","1,285.00","1,285.00","1,288.86",173.00,"1,305.00","222,973.00",10,-20.0,18.0,-1.53,1.4,-0.3,"1,475.08","1,614.47","2,844.60","1,180.00",08_31_2022
SMB,64.18,"2,700.00","2,753.00","2,597.00","2,650.00","2,639.19",690.00,"2,755.00","1,821,039.00",35,-105.0,156.0,-3.81,6.01,0.41,"2,428.62","2,143.06","2,900.00",790.00,09_01_2021
SMB,27.58,"1,275.00","1,300.00","1,275.00","1,275.00","1,280.71",91.00,"1,285.00","116,545.00",7,-10.0,25.0,-0.78,1.96,-0.45,"1,470.54","1,609.31","2,844.60","1,180.00",09_01_2022
SMB,30.3,"1,300.50","1,402.50","1,300.50","1,400.00","1,360.42",60.00,"1,275.00","81,625.00",6,125.0,102.0,9.8,7.84,2.83,"1,467.05","1,605.03","2,844.60","1,180.00",09_02_2022
SMB,37.59,"1,300.50","1,402.50","1,300.50","1,400.00","1,360.42",60.00,"1,275.00","81,625.00",6,125.0,102.0,9.8,7.84,2.83,"1,467.05","1,605.03","2,844.60","1,180.00",09_03_2022
SMB,37.09,"1,372.00","1,372.00","1,344.60","1,360.00","1,353.33",49.00,"1,400.00","66,313.40",4,-40.0,27.4,-2.86,2.04,0.49,"1,463.46","1,599.95","2,844.60","1,180.00",09_04_2022
SMB,37.69,"1,340.00","1,340.00","1,335.00","1,335.00","1,338.80",46.00,"1,360.00","61,585.00",2,-25.0,5.0,-1.84,0.37,-0.28,"1,459.92","1,594.58","2,844.60","1,180.00",09_05_2022
SMB,37.72,"1,310.00","1,310.00","1,310.00","1,310.00","1,310.00",11.00,"1,335.00","14,410.00",1,-25.0,0.0,-1.87,0.0,0.0,"1,455.88","1,591.89","2,844.60","1,180.00",09_06_2022
SMB,34.23,"1,285.00","1,300.00","1,284.00","1,284.00","1,285.34",147.00,"1,310.00","188,945.00",10,-26.0,16.0,-1.98,1.25,-0.1,"1,451.88","1,589.28","2,844.60","1,180.00",09_07_2022
SMB,24.7,"1,260.00","1,285.00","1,260.00","1,280.00","1,278.75",104.00,"1,284.00","132,990.00",4,-4.0,25.0,-0.31,1.98,0.1,"1,448.00","1,586.60","2,844.60","1,180.00",09_08_2022
SMB,26.24,"1,260.00","1,285.00","1,260.00","1,280.00","1,278.75",104.00,"1,284.00","132,990.00",4,-4.0,25.0,-0.31,1.98,0.1,"1,448.00","1,586.60","2,844.60","1,180.00",09_09_2022
SMB,26.24,"1,260.00","1,285.00","1,260.00","1,280.00","1,278.75",104.00,"1,284.00","132,990.00",4,-4.0,25.0,-0.31,1.98,0.1,"1,448.00","1,586.60","2,844.60","1,180.00",09_10_2022
SMB,25.61,"1,280.00","1,280.00","1,280.00","1,280.00","1,259.00",3.00,"1,280.00","3,777.00",1,0.0,0.0,0.0,0.0,1.64,"1,444.17","1,583.96","2,844.60","1,180.00",09_11_2022
SMB,13.15,"1,263.10","1,280.00","1,263.10","1,264.00","1,266.74",99.00,"1,280.00","125,407.70",7,-16.0,16.9,-1.25,1.34,-0.22,"1,440.45","1,581.10","2,844.60","1,180.00",09_12_2022
SMB,21.26,"1,280.00","1,285.00","1,280.00","1,285.00","1,282.50",20.00,"1,264.00","25,650.00",2,21.0,5.0,1.66,0.39,0.19,"1,436.87","1,578.21","2,844.60","1,180.00",09_13_2022
SMB,28.11,"1,310.00","1,310.00","1,278.00","1,300.00","1,289.40",274.00,"1,285.00","353,295.00",17,15.0,32.0,1.17,2.5,0.82,"1,433.13","1,575.55","2,844.60","1,180.00",09_14_2022
SMB,44.3,"1,291.00","1,291.00","1,250.00","1,250.00","1,266.33",231.00,"1,300.00","292,523.00",12,-50.0,41.0,-3.85,3.28,-1.31,"1,428.71","1,572.80","2,844.60","1,180.00",09_15_2022
SMB,38.75,"1,250.00","1,250.00","1,250.00","1,250.00","1,247.73",11.00,"1,250.00","13,725.00",2,0.0,0.0,0.0,0.0,0.18,"1,424.13","1,570.24","2,844.60","1,180.00",09_16_2022
SMB,32.77,"1,250.00","1,250.00","1,250.00","1,250.00","1,247.73",11.00,"1,250.00","13,725.00",2,0.0,0.0,0.0,0.0,0.18,"1,424.13","1,570.24","2,844.60","1,180.00",09_17_2022
SMB,30.85,"1,265.00","1,265.00","1,240.00","1,240.00","1,245.03",159.00,"1,250.00","197,960.00",3,-10.0,25.0,-0.8,2.02,-0.41,"1,419.46","1,567.35","2,844.60","1,180.00",09_18_2022
SMB,31.78,"1,265.00","1,265.00","1,240.00","1,240.00","1,245.03",159.00,"1,250.00","197,960.00",3,-10.0,25.0,-0.8,2.02,-0.41,"1,419.46","1,567.35","2,844.60","1,180.00",09_19_2022
SMB,32.15,"1,218.10","1,218.10","1,218.00","1,218.00","1,218.05",21.00,"1,240.00","25,579.00",2,-22.0,0.1,-1.77,0.01,0.0,"1,414.44","1,563.89","2,844.60","1,180.00",09_20_2022
SMB,25.99,"1,218.00","1,218.00","1,187.00","1,187.00","1,194.92",159.00,"1,218.00","189,993.00",10,-31.0,31.0,-2.55,2.61,-0.67,"1,409.18","1,559.83","2,844.60","1,180.00",09_21_2022
SMB,36.08,"1,210.70","1,284.60","1,209.40","1,209.40","1,219.88",350.00,"1,187.00","426,959.00",14,22.4,75.20,1.89,6.22,-0.87,"1,404.26","1,556.30","2,844.60","1,180.00",09_22_2022
SMB,49.75,"2,612.00","2,699.00","2,608.00","2,608.00","2,642.04",955.00,"2,651.00","2,523,151.90",27,-43.0,91.0,-1.62,3.49,-1.31,"2,543.53","2,423.47","2,900.00",843.00,11_03_2021
SMB,46.91,"2,612.00","2,699.00","2,608.00","2,608.00","2,642.04",955.00,"2,651.00","2,523,151.90",27,-43.0,91.0,-1.62,3.49,-1.31,"2,543.53","2,423.47","2,900.00",843.00,11_05_2021
SMB,46.91,"2,612.00","2,699.00","2,608.00","2,608.00","2,642.04",955.00,"2,651.00","2,523,151.90",27,-43.0,91.0,-1.62,3.49,-1.31,"2,543.53","2,423.47","2,900.00",843.00,11_06_2021
SMB,46.91,"2,612.00","2,699.00","2,608.00","2,608.00","2,642.04",955.00,"2,651.00","2,523,151.90",27,-43.0,91.0,-1.62,3.49,-1.31,"2,543.53","2,423.47","2,900.00",843.00,11_07_2021
SMB,47.69,"2,650.00","2,650.00","2,400.50","2,400.50","2,468.07","11,119.00","2,608.00","27,442,458.80",210,-207.5,249.5,-7.96,10.39,-2.81,"2,542.36","2,423.50","2,900.00",843.00,11_08_2021
SMB,55.53,"2,440.00","2,537.00","2,275.00","2,422.50","2,374.26","6,892.00","2,400.50","16,363,385.00",157,22.0,262.0,0.92,11.52,1.99,"2,542.96","2,422.33","2,900.00",855.00,11_09_2021
SMB,52.61,"2,440.00","2,537.00","2,275.00","2,422.50","2,374.26","6,892.00","2,400.50","16,363,385.00",157,22.0,262.0,0.92,11.52,1.99,"2,542.96","2,422.33","2,900.00",855.00,11_10_2021
SMB,50.56,"2,422.50","2,422.50","2,320.00","2,377.00","2,375.59","1,736.00","2,422.50","4,124,019.90",48,-45.5,102.5,-1.88,4.42,0.06,"2,542.94","2,421.40","2,900.00",861.00,11_11_2021
SMB,44.36,"2,422.50","2,422.50","2,320.00","2,377.00","2,375.59","1,736.00","2,422.50","4,124,019.90",48,-45.5,102.5,-1.88,4.42,0.06,"2,542.94","2,421.40","2,900.00",861.00,11_12_2021
SMB,44.36,"2,422.50","2,422.50","2,320.00","2,377.00","2,375.59","1,736.00","2,422.50","4,124,019.90",48,-45.5,102.5,-1.88,4.42,0.06,"2,542.94","2,421.40","2,900.00",861.00,11_13_2021
SMB,42.31,"2,377.00","2,395.00","2,303.00","2,340.00","2,331.25","1,125.00","2,377.00","2,622,658.00",40,-37.00,92.00,-1.56,3.99,0.37,"2,542.29","2,420.82","2,900.00",861.00,11_14_2021
SMB,42.47,"2,300.00","2,433.00","2,300.00","2,348.00","2,353.78","1,543.00","2,340.00","3,631,886.00",56,8.00,133.00,0.34,5.78,-0.25,"2,541.85","2,420.81","2,900.00",861.00,11_15_2021
SMB,53.81,"2,389.00","2,389.00","2,350.00","2,375.00","2,362.54",490.00,"2,348.00","1,157,646.00",25,27.00,39.00,1.15,1.66,0.52,"2,541.65","2,422.25","2,900.00",861.00,11_16_2021
SMB,49.8,"2,400.00","2,401.00","2,365.00","2,370.00","2,387.98","1,154.00","2,375.00","2,755,728.00",31,-5.00,36.00,-0.21,1.52,-0.76,"2,541.30","2,424.76","2,900.00",861.00,11_17_2021
SMB,53.3,"2,326.00","2,415.00","2,326.00","2,400.00","2,389.48","1,507.00","2,370.00","3,600,940.00",49,30.0,89.0,1.27,3.83,0.44,"2,540.94","2,426.37","2,900.00",861.00,11_18_2021
SMB,60.07,"2,326.00","2,415.00","2,326.00","2,400.00","2,389.48","1,507.00","2,370.00","3,600,940.00",49,30.0,89.0,1.27,3.83,0.44,"2,540.94","2,426.37","2,900.00",861.00,11_19_2021
SMB,60.07,"2,326.00","2,415.00","2,326.00","2,400.00","2,389.48","1,507.00","2,370.00","3,600,940.00",49,30.0,89.0,1.27,3.83,0.44,"2,540.94","2,426.37","2,900.00",861.00,11_20_2021
SMB,55.37,"2,360.00","2,432.00","2,355.00","2,360.00","2,366.69",371.00,"2,400.00","878,041.00",11,-40.0,77.0,-1.67,3.27,-0.28,"2,539.44","2,427.51","2,900.00",861.00,11_21_2021
SMB,48.32,"2,361.10","2,408.00","2,361.10","2,370.00","2,382.63","1,312.00","2,360.00","3,126,016.80",27,10.0,46.9,0.42,1.99,-0.53,"2,538.61","2,428.85","2,900.00",861.00,11_22_2021
SMB,52.9,"2,340.00","2,340.00","2,325.00","2,325.00","2,333.05",512.00,"2,370.00","1,194,520.00",11,-45.0,15.0,-1.9,0.65,-0.35,"2,537.07","2,430.38","2,900.00",861.00,11_23_2021
SMB,42.88,"2,287.00","2,345.00","2,287.00","2,335.00","2,328.13",251.00,"2,325.00","584,361.30",15,10.00,58.0,0.43,2.54,0.29,"2,535.43","2,432.02","2,900.00",861.00,11_24_2021
SMB,45.17,"2,324.00","2,350.00","2,316.00","2,316.00","2,327.20",442.00,"2,335.00","1,028,622.00",17,-19.0,34.0,-0.81,1.47,-0.48,"2,533.89","2,433.78","2,900.00",865.00,11_25_2021
SMB,48.59,"2,324.00","2,350.00","2,316.00","2,316.00","2,327.20",442.00,"2,335.00","1,028,622.00",17,-19.0,34.0,-0.81,1.47,-0.48,"2,533.89","2,433.78","2,900.00",865.00,11_26_2021
SMB,48.59,"2,324.00","2,350.00","2,316.00","2,316.00","2,327.20",442.00,"2,335.00","1,028,622.00",17,-19.0,34.0,-0.81,1.47,-0.48,"2,533.89","2,433.78","2,900.00",865.00,11_27_2021
SMB,45.69,"2,270.00","2,290.10","2,222.00","2,222.00","2,250.75","1,776.00","2,316.00","3,997,323.20",39,-94.0,68.1,-4.06,3.06,-1.29,"2,531.36","2,434.80","2,900.00",895.00,11_28_2021
SMB,46.62,"2,200.00","2,250.00","2,190.00","2,190.00","2,205.58",800.00,"2,222.00","1,764,466.80",25,-32.0,60.0,-1.44,2.74,-0.71,"2,529.33","2,435.47","2,900.00",895.00,11_29_2021
SMB,44.47,"2,150.10","2,189.00","2,103.30","2,189.00","2,131.30",473.00,"2,190.00","1,008,104.60",23,-1.0,85.7,-0.05,4.07,2.64,"2,527.39","2,436.58","2,900.00",940.00,11_30_2021
SMB,41.34,"2,150.00","2,190.00","2,145.30","2,165.00","2,151.16","1,169.00","2,189.00","2,514,711.50",24,-24.0,44.7,-1.1,2.08,0.64,"2,525.14","2,437.61","2,900.00",940.00,12_01_2021
SMB,45.61,"2,207.00","2,252.10","2,160.00","2,170.00","2,176.05","1,219.00","2,165.00","2,652,606.00",41,5.0,92.1,0.23,4.26,-0.28,"2,522.89","2,438.66","2,900.00",940.00,12_02_2021
SMB,47.33,"2,207.00","2,252.10","2,160.00","2,170.00","2,176.05","1,219.00","2,165.00","2,652,606.00",41,5.0,92.1,0.23,4.26,-0.28,"2,522.89","2,438.66","2,900.00",940.00,12_03_2021
SMB,47.33,"2,207.00","2,252.10","2,160.00","2,170.00","2,176.05","1,219.00","2,165.00","2,652,606.00",41,5.0,92.1,0.23,4.26,-0.28,"2,522.89","2,438.66","2,900.00",940.00,12_04_2021
SMB,46.43,"2,213.40","2,213.40","2,085.00","2,104.00","2,106.94","2,001.00","2,170.00","4,215,988.40",45,-66.0,128.4,-3.04,6.16,-0.14,"2,519.63","2,439.63","2,900.00",940.00,12_05_2021
SMB,45.86,"2,146.00","2,190.00","2,105.00","2,190.00","2,136.46","1,216.00","2,104.00","2,597,940.90",39,86.0,85.00,4.09,4.04,2.44,"2,517.09","2,441.53","2,900.00",940.00,12_06_2021
SMB,47.65,"2,233.00","2,299.00","2,155.20","2,155.20","2,219.80","1,875.00","2,190.00","4,162,116.30",43,-34.8,143.80,-1.59,6.67,-3.0,"2,514.42","2,442.40","2,900.00",940.00,12_07_2021
SMB,48.56,"2,194.00","2,195.00","2,120.00","2,125.00","2,135.71",517.00,"2,155.20","1,104,163.00",12,-30.2,75.00,-1.4,3.54,-0.5,"2,511.67","2,443.49","2,900.00",940.00,12_08_2021
SMB,41.26,"2,160.00","2,198.00","2,100.00","2,198.00","2,141.12",558.00,"2,125.00","1,194,744.00",21,73.0,98.0,3.44,4.67,2.59,"2,509.50","2,445.53","2,900.00",950.00,12_09_2021
SMB,48.69,"2,160.00","2,198.00","2,100.00","2,198.00","2,141.12",558.00,"2,125.00","1,194,744.00",21,73.0,98.0,3.44,4.67,2.59,"2,509.50","2,445.53","2,900.00",950.00,12_10_2021
SMB,48.69,"2,160.00","2,198.00","2,100.00","2,198.00","2,141.12",558.00,"2,125.00","1,194,744.00",21,73.0,98.0,3.44,4.67,2.59,"2,509.50","2,445.53","2,900.00",950.00,12_11_2021
SMB,48.04,"2,241.00","2,250.00","2,078.00","2,205.00","2,163.29","1,150.00","2,198.00","2,487,784.60",32,7.00,172.00,0.32,8.28,1.89,"2,507.21","2,447.70","2,900.00",961.00,12_12_2021
SMB,46.47,"2,160.90","2,190.00","2,084.10","2,170.00","2,118.23","1,141.00","2,205.00","2,416,903.50",32,-35.00,105.90,-1.59,5.08,2.39,"2,505.00","2,449.45","2,900.00",961.00,12_13_2021
SMB,47.43,"2,130.00","2,275.00","2,130.00","2,275.00","2,262.94",702.00,"2,170.00","1,588,584.00",21,105.00,145.00,4.84,6.81,0.53,"2,503.69","2,452.16","2,900.00",961.00,12_14_2021
SMB,49.93,"2,320.50","2,412.00","2,188.40","2,300.00","2,335.88","5,496.00","2,275.00","12,838,011.80",174,25.0,223.6,1.1,10.22,-1.56,"2,502.55","2,454.45","2,900.00",961.00,12_15_2021
SMB,54.42,"1,741.00","1,794.90","1,740.00","1,794.90","1,765.42","2,317.00","1,769.23","4,090,483.10",57,25.67,54.9,1.45,3.16,1.64,"2,497.32","2,453.86","2,900.00",961.00,12_16_2021
SMB,36.45,"1,741.00","1,794.90","1,740.00","1,794.90","1,765.42","2,317.00","1,769.23","4,090,483.10",57,25.67,54.9,1.45,3.16,1.64,"2,497.32","2,453.86","2,900.00",961.00,12_17_2021
SMB,36.45,"1,741.00","1,794.90","1,740.00","1,794.90","1,765.42","2,317.00","1,769.23","4,090,483.10",57,25.67,54.9,1.45,3.16,1.64,"2,497.32","2,453.86","2,900.00",961.00,12_18_2021
SMB,36.45,"1,741.00","1,794.90","1,740.00","1,794.90","1,765.42","2,317.00","1,769.23","4,090,483.10",57,25.67,54.9,1.45,3.16,1.64,"2,497.32","2,453.86","2,900.00",961.00,12_19_2021
SMB,33.76,"1,790.00","1,790.00","1,619.00","1,753.50","1,678.19",447.00,"1,794.90","750,151.60",26,-41.4,171.0,-2.31,10.56,4.29,"2,491.14","2,452.72","2,900.00",961.00,12_20_2021
SMB,29.22,"1,725.00","1,762.00","1,725.00","1,762.00","1,752.04",875.00,"1,753.50","1,533,033.00",23,8.5,37.00,0.48,2.14,0.57,"2,485.20","2,450.70","2,900.00",961.00,12_21_2021
SMB,34.5,"1,790.00","1,797.00","1,726.80","1,755.10","1,746.25","1,080.00","1,762.00","1,885,952.90",16,-6.9,70.2,-0.39,4.07,0.5,"2,479.74","2,449.17","2,900.00",961.00,12_22_2021
SMB,34.91,"1,790.20","1,825.00","1,779.70","1,779.70","1,796.27",923.00,"1,755.10","1,657,954.20",17,24.6,45.3,1.4,2.55,-0.93,"2,474.66","2,447.74","2,900.00",961.00,12_23_2021
SMB,47.05,"1,790.20","1,825.00","1,779.70","1,779.70","1,796.27",923.00,"1,755.10","1,657,954.20",17,24.6,45.3,1.4,2.55,-0.93,"2,474.66","2,447.74","2,900.00",961.00,12_24_2021
SMB,47.05,"1,790.20","1,825.00","1,779.70","1,779.70","1,796.27",923.00,"1,755.10","1,657,954.20",17,24.6,45.3,1.4,2.55,-0.93,"2,474.66","2,447.74","2,900.00",961.00,12_25_2021
SMB,45.42,"1,779.00","1,815.00","1,779.00","1,805.00","1,803.39","1,185.00","1,779.70","2,137,014.00",30,25.30,36.00,1.42,2.02,0.09,"2,469.61","2,446.50","2,900.00",961.00,12_26_2021
SMB,50.35,"1,841.00","1,841.00","1,779.00","1,779.00","1,794.21",774.00,"1,805.00","1,388,719.00",19,-26.0,62.00,-1.44,3.49,-0.86,"2,464.68","2,444.00","2,900.00",961.00,12_27_2021
SMB,47.14,"1,750.00","1,755.00","1,745.10","1,745.10","1,750.17",398.00,"1,779.00","696,568.00",7,-33.9,9.9,-1.91,0.57,-0.29,"2,459.62","2,441.07","2,900.00",961.00,12_28_2021
SMB,42.99,"1,750.00","1,750.00","1,711.00","1,711.00","1,726.51",401.00,"1,745.10","692,330.50",17,-34.1,39.00,-1.95,2.28,-0.91,"2,454.29","2,437.25","2,900.00","1,015.00",12_29_2021
SMB,41.87,"1,750.00","1,750.00","1,711.00","1,711.00","1,726.51",401.00,"1,745.10","692,330.50",17,-34.1,39.00,-1.95,2.28,-0.91,"2,454.29","2,437.25","2,900.00","1,015.00",12_30_2021
SMB,41.87,"1,750.00","1,750.00","1,711.00","1,711.00","1,726.51",401.00,"1,745.10","692,330.50",17,-34.1,39.00,-1.95,2.28,-0.91,"2,454.29","2,437.25","2,900.00","1,015.00",12_31_2021
