SMFBS,47.95,"1,815.00","1,852.10","1,815.00","1,851.30","1,850.87",828.00,"1,851.30","1,532,523.80",11,0.0,37.10,0.0,2.04,0.02,"2,493.39","2,507.25","3,110.00","1,240.00",01_01_2022
SMFBS,49.49,"1,888.00","1,888.20","1,813.00","1,852.00","1,858.15",394.00,"1,851.30","732,110.00",16,0.70,75.20,0.04,4.15,-0.33,"2,488.41","2,502.85","3,110.00","1,290.00",01_02_2022
SMFBS,47.6,"1,852.00","1,920.00","1,846.00","1,920.00","1,898.42",885.00,"1,852.00","1,680,104.00",24,68.0,74.00,3.67,4.01,1.12,"2,483.74","2,498.42","3,110.00","1,290.00",01_03_2022
SMFBS,58.05,"1,920.00","2,100.00","1,920.00","2,000.00","1,979.02","1,181.00","1,920.00","2,337,226.50",46,80.0,180.00,4.17,9.38,1.05,"2,479.74","2,494.99","3,110.00","1,302.00",01_04_2022
SMFBS,58.08,"1,961.00","1,961.00","1,933.00","1,936.00","1,941.29",249.00,"2,000.00","483,382.00",13,-64.0,28.0,-3.2,1.45,-0.27,"2,475.33","2,491.65","3,110.00","1,312.00",01_05_2022
SMFBS,51.4,"1,897.40","1,970.00","1,897.30","1,970.00","1,931.15",178.00,"1,936.00","343,745.00",8,34.00,72.70,1.76,3.83,1.97,"2,471.41","2,488.40","3,110.00","1,350.00",01_06_2022
SMFBS,52.36,"1,897.40","1,970.00","1,897.30","1,970.00","1,931.15",178.00,"1,936.00","343,745.00",8,34.00,72.70,1.76,3.83,1.97,"2,471.41","2,488.40","3,110.00","1,350.00",01_07_2022
SMFBS,52.36,"1,897.40","1,970.00","1,897.30","1,970.00","1,931.15",178.00,"1,936.00","343,745.00",8,34.00,72.70,1.76,3.83,1.97,"2,471.41","2,488.40","3,110.00","1,350.00",01_08_2022
SMFBS,52.84,"2,000.00","2,000.00","1,970.00","1,978.00","1,976.14",184.00,"1,970.00","363,610.00",7,8.0,30.00,0.41,1.52,0.09,"2,467.80","2,485.00","3,110.00","1,468.00",01_09_2022
SMFBS,52.19,"1,961.00","1,999.00","1,950.00","1,980.00","1,979.43",620.00,"1,978.00","1,227,248.60",20,2.0,49.00,0.1,2.51,0.03,"2,464.01","2,481.56","3,110.00","1,468.00",01_10_2022
SMFBS,47.05,"1,999.10","2,057.90","1,990.00","2,015.00","2,016.95","1,491.00","1,980.00","3,007,265.00",42,35.0,67.90,1.77,3.41,-0.1,"2,460.92","2,478.05","3,110.00","1,468.00",01_11_2022
SMFBS,62.24,"2,015.00","2,015.00","1,980.00","1,990.00","2,000.17",230.00,"2,015.00","460,039.40",13,-25.0,35.00,-1.24,1.77,-0.51,"2,457.26","2,474.65","3,110.00","1,468.00",01_12_2022
SMFBS,46.95,"2,000.00","2,028.00","1,995.00","2,028.00","2,006.88",353.00,"1,990.00","708,428.00",18,38.0,33.0,1.91,1.65,1.04,"2,453.32","2,471.96","3,110.00","1,470.00",01_13_2022
SMFBS,52.87,"2,000.00","2,028.00","1,995.00","2,028.00","2,006.88",353.00,"1,990.00","708,428.00",18,38.0,33.0,1.91,1.65,1.04,"2,453.32","2,471.96","3,110.00","1,470.00",01_14_2022
SMFBS,52.87,"2,000.00","2,028.00","1,995.00","2,028.00","2,006.88",353.00,"1,990.00","708,428.00",18,38.0,33.0,1.91,1.65,1.04,"2,453.32","2,471.96","3,110.00","1,470.00",01_15_2022
SMFBS,54.07,"2,068.00","2,100.00","2,050.00","2,050.00","2,077.32","2,310.00","2,028.00","4,798,606.00",32,22.0,50.0,1.08,2.44,-1.33,"2,449.98","2,469.15","3,110.00","1,578.00",01_16_2022
SMFBS,61.92,"2,060.00","2,080.00","2,050.00","2,060.00","2,061.43",259.00,"2,050.00","533,910.00",10,10.0,30.0,0.49,1.46,-0.07,"2,446.56","2,466.54","3,110.00","1,578.00",01_17_2022
SMFBS,56.23,"2,030.00","2,060.00","2,020.00","2,040.00","2,034.14",896.00,"2,060.00","1,822,586.90",25,-20.0,40.0,-0.97,1.98,0.29,"2,442.67","2,463.60","3,110.00","1,670.00",01_18_2022
SMFBS,59.3,"2,003.00","2,043.00","1,980.00","1,980.00","2,000.30",253.00,"2,040.00","506,076.60",10,-60.0,63.0,-2.94,3.18,-1.03,"2,438.27","2,460.69","3,110.00","1,670.00",01_19_2022
SMFBS,47.68,"1,941.00","2,111.00","1,941.00","2,100.00","2,000.73",859.00,"1,980.00","1,718,631.00",13,120.0,170.0,6.06,8.76,4.73,"2,434.28","2,458.20","3,110.00","1,670.00",01_20_2022
SMFBS,60.93,"1,941.00","2,111.00","1,941.00","2,100.00","2,000.73",859.00,"1,980.00","1,718,631.00",13,120.0,170.0,6.06,8.76,4.73,"2,434.28","2,458.20","3,110.00","1,670.00",01_21_2022
SMFBS,60.93,"1,941.00","2,111.00","1,941.00","2,100.00","2,000.73",859.00,"1,980.00","1,718,631.00",13,120.0,170.0,6.06,8.76,4.73,"2,434.28","2,458.20","3,110.00","1,670.00",01_22_2022
SMFBS,62.76,"2,105.00","2,125.00","2,065.00","2,100.00","2,098.44",367.00,"2,100.00","770,129.00",14,0.0,60.00,0.0,2.91,0.07,"2,430.24","2,455.96","3,110.00","1,670.00",01_23_2022
SMFBS,55.82,"2,058.00","2,060.00","1,939.20","1,982.00","1,974.96","1,045.00","2,100.00","2,063,833.60",30,-118.0,120.8,-5.62,6.23,0.36,"2,425.51","2,453.41","3,110.00","1,670.00",01_24_2022
SMFBS,52.92,"1,960.00","2,014.50","1,960.00","2,000.00","1,988.86",362.00,"1,982.00","719,967.00",17,18.0,54.50,0.91,2.78,0.56,"2,421.01","2,450.47","3,110.00","1,670.00",01_25_2022
SMFBS,50.82,"1,960.00","1,998.00","1,921.00","1,998.00","1,937.75",186.00,"2,000.00","360,422.00",11,-2.0,77.0,-0.1,4.01,3.02,"2,415.16","2,447.76","3,110.00","1,670.00",01_26_2022
SMFBS,41.32,"1,998.00","1,998.00","1,960.00","1,961.00","1,962.53",224.00,"1,998.00","439,607.20",13,-37.0,38.0,-1.85,1.94,-0.08,"2,408.33","2,444.58","3,110.00","1,670.00",01_27_2022
SMFBS,40.47,"1,998.00","1,998.00","1,960.00","1,961.00","1,962.53",224.00,"1,998.00","439,607.20",13,-37.0,38.0,-1.85,1.94,-0.08,"2,408.33","2,444.58","3,110.00","1,670.00",01_28_2022
SMFBS,40.47,"1,998.00","1,998.00","1,960.00","1,961.00","1,962.53",224.00,"1,998.00","439,607.20",13,-37.0,38.0,-1.85,1.94,-0.08,"2,408.33","2,444.58","3,110.00","1,670.00",01_29_2022
SMFBS,41.67,"2,000.20","2,040.20","1,921.80","1,965.00","1,951.86",781.00,"1,961.00","1,524,400.70",34,4.0,118.4,0.2,6.16,0.67,"2,402.46","2,441.19","3,110.00","1,670.00",01_30_2022
SMFBS,49.78,"1,966.10","1,966.10","1,920.80","1,955.00","1,926.34","1,504.00","1,965.00","2,897,207.90",25,-10.0,45.3,-0.51,2.36,1.47,"2,396.60","2,437.51","3,110.00","1,670.00",01_31_2022
SMFBS,50.26,"1,955.00","1,994.00","1,930.10","1,994.00","1,976.01",979.00,"1,955.00","1,934,510.20",17,39.0,63.9,1.99,3.31,0.9,"2,391.75","2,433.70","3,110.00","1,670.00",02_01_2022
SMFBS,49.22,"1,955.00","1,994.00","1,930.10","1,994.00","1,976.01",979.00,"1,955.00","1,934,510.20",17,39.0,63.9,1.99,3.31,0.9,"2,391.75","2,433.70","3,110.00","1,670.00",02_02_2022
SMFBS,49.15,"1,994.00","1,994.00","1,925.00","1,950.00","1,954.02",958.00,"1,994.00","1,871,954.20",36,-44.0,69.0,-2.21,3.58,-0.21,"2,385.92","2,429.92","3,110.00","1,670.00",02_03_2022
SMFBS,46.2,"1,994.00","1,994.00","1,925.00","1,950.00","1,954.02",958.00,"1,994.00","1,871,954.20",36,-44.0,69.0,-2.21,3.58,-0.21,"2,385.92","2,429.92","3,110.00","1,670.00",02_04_2022
SMFBS,46.2,"1,994.00","1,994.00","1,925.00","1,950.00","1,954.02",958.00,"1,994.00","1,871,954.20",36,-44.0,69.0,-2.21,3.58,-0.21,"2,385.92","2,429.92","3,110.00","1,670.00",02_05_2022
SMFBS,46.05,"1,919.00","1,920.00","1,885.00","1,895.00","1,902.93",894.00,"1,950.00","1,701,220.00",21,-55.00,35.0,-2.82,1.86,-0.42,"2,379.18","2,426.14","3,110.00","1,670.00",02_06_2022
SMFBS,46.15,"1,900.00","1,932.00","1,900.00","1,932.00","1,906.54",52.00,"1,895.00","99,140.00",5,37.0,32.0,1.95,1.68,1.32,"2,372.21","2,422.75","3,110.00","1,670.00",02_07_2022
SMFBS,43.27,"1,970.60","2,010.00","1,881.00","1,965.00","1,932.78",343.00,"1,932.00","662,943.80",19,33.0,129.0,1.71,6.86,1.64,"2,365.97","2,419.69","3,110.00","1,670.00",02_08_2022
SMFBS,41.26,"1,925.70","1,930.00","1,915.00","1,915.00","1,920.80",279.00,"1,965.00","535,903.00",13,-50.0,15.0,-2.54,0.78,-0.3,"2,359.88","2,416.05","2,927.00","1,670.00",02_09_2022
SMFBS,48.3,"1,877.10","1,950.00","1,877.00","1,925.00","1,905.36",247.00,"1,915.00","470,623.00",12,10.0,73.0,0.52,3.89,1.02,"2,353.85","2,412.56","2,927.00","1,670.00",02_10_2022
SMFBS,55.68,"1,877.10","1,950.00","1,877.00","1,925.00","1,905.36",247.00,"1,915.00","470,623.00",12,10.0,73.0,0.52,3.89,1.02,"2,353.85","2,412.56","2,927.00","1,670.00",02_11_2022
SMFBS,55.68,"1,877.10","1,950.00","1,877.00","1,925.00","1,905.36",247.00,"1,915.00","470,623.00",12,10.0,73.0,0.52,3.89,1.02,"2,353.85","2,412.56","2,927.00","1,670.00",02_12_2022
SMFBS,51.57,"1,900.00","1,900.00","1,900.00","1,900.00","1,900.00",14.00,"1,925.00","26,600.00",1,-25.0,0.0,-1.3,0.0,0.0,"2,342.36","2,405.36","2,865.00","1,670.00",02_14_2022
SMFBS,32.93,"1,863.10","1,900.00","1,863.10","1,876.00","1,879.96",144.00,"1,900.00","270,714.00",12,-24.0,36.9,-1.26,1.98,-0.21,"2,335.95","2,401.43","2,865.00","1,670.00",02_15_2022
SMFBS,44.84,"1,860.00","1,951.30","1,860.00","1,915.00","1,912.03",176.00,"1,876.00","336,517.00",9,39.0,91.3,2.08,4.91,0.16,"2,330.47","2,397.63","2,865.00","1,670.00",02_16_2022
SMFBS,45.53,"1,953.30","1,992.30","1,881.10","1,881.10","1,916.60",122.00,"1,915.00","233,825.00",11,-33.9,111.2,-1.77,5.91,-1.89,"2,323.90","2,393.85","2,865.00","1,670.00",02_17_2022
SMFBS,36.86,"1,953.30","1,992.30","1,881.10","1,881.10","1,916.60",122.00,"1,915.00","233,825.00",11,-33.9,111.2,-1.77,5.91,-1.89,"2,323.90","2,393.85","2,865.00","1,670.00",02_18_2022
SMFBS,36.86,"1,953.30","1,992.30","1,881.10","1,881.10","1,916.60",122.00,"1,915.00","233,825.00",11,-33.9,111.2,-1.77,5.91,-1.89,"2,323.90","2,393.85","2,865.00","1,670.00",02_19_2022
SMFBS,36.44,"1,843.50","1,915.00","1,843.50","1,910.00","1,866.18",384.00,"1,881.10","716,611.50",23,28.9,71.5,1.54,3.88,2.29,"2,317.98","2,390.02","2,865.00","1,670.00",02_20_2022
SMFBS,47.51,"1,945.00","1,948.00","1,900.00","1,939.00","1,928.90",492.00,"1,910.00","949,019.40",24,29.0,48.0,1.52,2.53,0.52,"2,312.43","2,386.43","2,865.00","1,670.00",02_21_2022
SMFBS,53.99,"1,945.00","1,945.00","1,868.90","1,934.90","1,915.90",258.00,"1,939.00","494,302.40",18,-4.1,76.1,-0.21,4.07,0.98,"2,306.61","2,382.87","2,865.00","1,670.00",02_22_2022
SMFBS,53.93,"1,973.00","1,973.00","1,923.80","1,923.80","1,932.69",159.00,"1,934.90","307,298.40",12,-11.1,49.2,-0.57,2.56,-0.46,"2,300.72","2,379.47","2,865.00","1,670.00",02_23_2022
SMFBS,48.97,"1,885.40","1,885.40","1,848.10","1,875.00","1,859.11",482.00,"1,923.80","896,091.00",22,-48.8,37.3,-2.54,2.02,0.85,"2,294.51","2,376.13","2,865.00","1,670.00",02_24_2022
SMFBS,44.29,"1,885.40","1,885.40","1,848.10","1,875.00","1,859.11",482.00,"1,923.80","896,091.00",22,-48.8,37.3,-2.54,2.02,0.85,"2,294.51","2,376.13","2,865.00","1,670.00",02_25_2022
SMFBS,44.29,"1,885.40","1,885.40","1,848.10","1,875.00","1,859.11",482.00,"1,923.80","896,091.00",22,-48.8,37.3,-2.54,2.02,0.85,"2,294.51","2,376.13","2,865.00","1,670.00",02_26_2022
SMFBS,43.94,"1,912.00","1,947.00","1,870.90","1,871.00","1,888.22",267.00,"1,875.00","504,153.70",14,-4.0,76.10,-0.21,4.07,-0.92,"2,288.33","2,372.94","2,865.00","1,670.00",02_27_2022
SMFBS,33.21,"1,850.10","1,860.00","1,845.00","1,860.00","1,849.60",150.00,"1,871.00","277,440.40",10,-11.0,15.00,-0.59,0.81,0.56,"2,282.07","2,369.58","2,865.00","1,670.00",02_28_2022
SMFBS,31.65,"1,850.10","1,860.00","1,845.00","1,860.00","1,849.60",150.00,"1,871.00","277,440.40",10,-11.0,15.00,-0.59,0.81,0.56,"2,282.07","2,369.58","2,865.00","1,670.00",03_01_2022
SMFBS,31.47,"1,822.80","1,880.00","1,755.00","1,880.00","1,766.93","1,278.00","1,860.00","2,258,135.00",29,20.0,125.00,1.08,7.12,6.01,"2,276.39","2,366.25","2,865.00","1,670.00",03_02_2022
SMFBS,40.5,"1,822.80","1,880.00","1,755.00","1,880.00","1,766.93","1,278.00","1,860.00","2,258,135.00",29,20.0,125.00,1.08,7.12,6.01,"2,276.39","2,366.25","2,865.00","1,670.00",03_03_2022
SMFBS,40.5,"1,822.80","1,880.00","1,755.00","1,880.00","1,766.93","1,278.00","1,860.00","2,258,135.00",29,20.0,125.00,1.08,7.12,6.01,"2,276.39","2,366.25","2,865.00","1,670.00",03_04_2022
SMFBS,40.5,"1,822.80","1,880.00","1,755.00","1,880.00","1,766.93","1,278.00","1,860.00","2,258,135.00",29,20.0,125.00,1.08,7.12,6.01,"2,276.39","2,366.25","2,865.00","1,670.00",03_05_2022
SMFBS,37.87,"1,917.00","1,917.00","1,860.00","1,899.90","1,876.54",286.00,"1,880.00","536,691.60",17,19.9,57.0,1.06,3.06,1.23,"2,271.49","2,362.83","2,865.00","1,670.00",03_06_2022
SMFBS,49.75,"1,864.00","1,879.00","1,863.00","1,863.00","1,864.50",131.00,"1,899.90","244,250.00",7,-36.9,16.0,-1.94,0.86,-0.08,"2,265.98","2,358.92","2,865.00","1,670.00",03_07_2022
SMFBS,40.29,"1,864.00","1,879.00","1,863.00","1,863.00","1,864.50",131.00,"1,899.90","244,250.00",7,-36.9,16.0,-1.94,0.86,-0.08,"2,265.98","2,358.92","2,865.00","1,670.00",03_08_2022
SMFBS,39.84,"1,835.00","1,850.00","1,800.00","1,800.00","1,827.67",244.00,"1,863.00","445,951.00",13,-63.0,50.0,-3.38,2.78,-1.54,"2,259.81","2,354.75","2,865.00","1,670.00",03_09_2022
SMFBS,32.40,"1,765.10","1,872.00","1,765.10","1,872.00","1,833.43",379.00,"1,800.00","694,870.00",16,72.0,106.9,4.0,6.06,2.06,"2,254.74","2,351.17","2,865.00","1,670.00",03_10_2022
SMFBS,43.8,"1,765.10","1,872.00","1,765.10","1,872.00","1,833.43",379.00,"1,800.00","694,870.00",16,72.0,106.9,4.0,6.06,2.06,"2,254.74","2,351.17","2,865.00","1,670.00",03_11_2022
SMFBS,43.8,"1,765.10","1,872.00","1,765.10","1,872.00","1,833.43",379.00,"1,800.00","694,870.00",16,72.0,106.9,4.0,6.06,2.06,"2,254.74","2,351.17","2,865.00","1,670.00",03_12_2022
SMFBS,45.75,"1,909.00","1,940.00","1,890.00","1,900.00","1,908.51",88.00,"1,872.00","167,949.00",8,28.00,50.00,1.5,2.65,-0.45,"2,249.09","2,347.77","2,865.00","1,670.00",03_13_2022
SMFBS,44.67,"1,865.00","1,875.00","1,865.00","1,875.00","1,870.00",20.00,"1,900.00","37,400.00",2,-25.0,10.0,-1.32,0.54,0.27,"2,243.65","2,344.34","2,865.00","1,670.00",03_15_2022
SMFBS,44.27,"1,837.50","1,884.00","1,801.00","1,884.00","1,846.99",70.00,"1,875.00","129,289.00",7,9.0,83.0,0.48,4.61,1.96,"2,238.76","2,340.92","2,865.00","1,670.00",03_16_2022
SMFBS,45.75,"1,837.50","1,884.00","1,801.00","1,884.00","1,846.99",70.00,"1,875.00","129,289.00",7,9.0,83.0,0.48,4.61,1.96,"2,238.76","2,340.92","2,865.00","1,670.00",03_17_2022
SMFBS,45.75,"1,837.50","1,884.00","1,801.00","1,884.00","1,846.99",70.00,"1,875.00","129,289.00",7,9.0,83.0,0.48,4.61,1.96,"2,238.76","2,340.92","2,865.00","1,670.00",03_18_2022
SMFBS,45.75,"1,837.50","1,884.00","1,801.00","1,884.00","1,846.99",70.00,"1,875.00","129,289.00",7,9.0,83.0,0.48,4.61,1.96,"2,238.76","2,340.92","2,865.00","1,670.00",03_19_2022
SMFBS,48.03,"1,847.10","1,876.00","1,847.10","1,855.00","1,855.51",76.00,"1,884.00","141,018.40",6,-29.0,28.9,-1.54,1.56,-0.03,"2,233.13","2,337.61","2,865.00","1,670.00",03_20_2022
SMFBS,40.2,"1,818.00","1,880.00","1,818.00","1,880.00","1,845.39",156.00,"1,855.00","287,880.20",10,25.00,62.0,1.35,3.41,1.84,"2,227.67","2,334.39","2,865.00","1,670.00",03_21_2022
SMFBS,38.75,"1,890.00","1,890.00","1,860.00","1,880.00","1,870.14",85.00,"1,880.00","158,962.00",5,0.0,30.0,0.0,1.61,0.52,"2,222.13","2,331.02","2,865.00","1,670.00",03_22_2022
SMFBS,51.52,"1,880.00","1,880.00","1,850.00","1,860.00","1,864.09",480.00,"1,880.00","894,761.10",11,-20.0,30.0,-1.06,1.62,-0.22,"2,216.57","2,327.22","2,865.00","1,670.00",03_23_2022
SMFBS,43.88,"1,865.00","1,865.00","1,832.00","1,855.00","1,840.80",166.00,"1,860.00","305,572.80",13,-5.0,33.0,-0.27,1.8,0.77,"2,211.39","2,323.65","2,865.00","1,670.00",03_24_2022
SMFBS,43.88,"1,865.00","1,865.00","1,832.00","1,855.00","1,840.80",166.00,"1,860.00","305,572.80",13,-5.0,33.0,-0.27,1.8,0.77,"2,211.39","2,323.65","2,865.00","1,670.00",03_24_2022
SMFBS,43.88,"1,865.00","1,865.00","1,832.00","1,855.00","1,840.80",166.00,"1,860.00","305,572.80",13,-5.0,33.0,-0.27,1.8,0.77,"2,211.39","2,323.65","2,865.00","1,670.00",03_24_2022
SMFBS,43.88,"1,865.00","1,865.00","1,832.00","1,855.00","1,840.80",166.00,"1,860.00","305,572.80",13,-5.0,33.0,-0.27,1.8,0.77,"2,211.39","2,323.65","2,865.00","1,670.00",03_24_2022
SMFBS,46.05,"1,865.00","1,865.00","1,832.00","1,855.00","1,840.80",166.00,"1,860.00","305,572.80",13,-5.0,33.0,-0.27,1.8,0.77,"2,211.39","2,323.65","2,865.00","1,670.00",03_25_2022
SMFBS,46.05,"1,865.00","1,865.00","1,832.00","1,855.00","1,840.80",166.00,"1,860.00","305,572.80",13,-5.0,33.0,-0.27,1.8,0.77,"2,211.39","2,323.65","2,865.00","1,670.00",03_26_2022
SMFBS,45.4,"1,830.00","1,845.00","1,830.00","1,831.00","1,836.66",292.00,"1,855.00","536,304.00",10,-24.0,15.00,-1.29,0.82,-0.31,"2,206.36","2,320.31","2,865.00","1,670.00",03_27_2022
SMFBS,37.54,"1,831.00","1,831.00","1,810.00","1,810.00","1,821.69",238.00,"1,831.00","433,562.00",11,-21.0,21.0,-1.15,1.16,-0.65,"2,201.86","2,317.12","2,865.00","1,670.00",03_28_2022
SMFBS,38.93,"1,780.10","1,800.00","1,775.00","1,775.00","1,781.37",241.00,"1,810.00","429,310.50",17,-35.0,25.0,-1.93,1.41,-0.36,"2,196.97","2,313.26","2,865.00","1,670.00",03_29_2022
SMFBS,38.95,"1,760.00","1,785.00","1,745.00","1,780.00","1,765.11",248.00,"1,775.00","437,746.20",11,5.0,40.0,0.28,2.29,0.84,"2,190.60","2,309.81","2,865.00","1,670.00",03_30_2022
SMFBS,39.56,"1,770.00","1,780.00","1,752.10","1,756.10","1,759.58",348.00,"1,780.00","612,333.00",19,-23.9,27.9,-1.34,1.59,-0.2,"2,184.69","2,306.17","2,865.00","1,670.00",03_31_2022
SMFBS,38.56,"1,770.00","1,780.00","1,752.10","1,756.10","1,759.58",348.00,"1,780.00","612,333.00",19,-23.9,27.9,-1.34,1.59,-0.2,"2,184.69","2,306.17","2,865.00","1,670.00",04_01_2022
SMFBS,38.56,"1,770.00","1,780.00","1,752.10","1,756.10","1,759.58",348.00,"1,780.00","612,333.00",19,-23.9,27.9,-1.34,1.59,-0.2,"2,184.69","2,306.17","2,865.00","1,670.00",04_02_2022
SMFBS,36.86,"1,745.00","1,770.00","1,711.00","1,770.00","1,732.18",330.00,"1,756.10","571,618.00",16,13.9,59.0,0.79,3.45,2.14,"2,179.15","2,302.66","2,865.00","1,670.00",04_03_2022
SMFBS,40.3,"1,734.60","1,751.00","1,734.60","1,738.00","1,739.21",223.00,"1,770.00","387,844.80",17,-32.0,16.4,-1.81,0.95,-0.07,"2,174.38","2,298.71","2,865.00","1,670.00",04_04_2022
SMFBS,40.30,"1,760.00","1,760.00","1,657.70","1,724.30","1,696.40",572.00,"1,738.00","970,340.20",31,-13.7,102.30,-0.79,6.17,1.62,"2,169.38","2,294.51","2,865.00","1,657.70",04_05_2022
SMFBS,41.99,"1,689.90","1,700.00","1,666.00","1,667.00","1,676.52",466.00,"1,724.30","781,256.00",28,-57.3,34.0,-3.32,2.04,-0.57,"2,163.78","2,289.99","2,865.00","1,657.70",04_06_2022
SMFBS,42.2,"1,665.00","1,700.00","1,665.00","1,689.00","1,691.00",405.00,"1,667.00","684,857.00",21,22.0,35.0,1.32,2.1,-0.12,"2,158.35","2,285.68","2,865.00","1,657.70",04_07_2022
SMFBS,41.19,"1,665.00","1,700.00","1,665.00","1,689.00","1,691.00",405.00,"1,667.00","684,857.00",21,22.0,35.0,1.32,2.1,-0.12,"2,158.35","2,285.68","2,865.00","1,657.70",04_08_2022
SMFBS,41.19,"1,665.00","1,700.00","1,665.00","1,689.00","1,691.00",405.00,"1,667.00","684,857.00",21,22.0,35.0,1.32,2.1,-0.12,"2,158.35","2,285.68","2,865.00","1,657.70",04_09_2022
SMFBS,41.19,"1,665.00","1,700.00","1,665.00","1,689.00","1,691.00",405.00,"1,667.00","684,857.00",21,22.0,35.0,1.32,2.1,-0.12,"2,158.35","2,285.68","2,865.00","1,657.70",04_10_2022
SMFBS,40.86,"1,675.00","1,720.00","1,660.00","1,664.00","1,668.85",276.00,"1,689.00","460,602.80",17,-25.0,60.0,-1.48,3.61,-0.29,"2,151.54","2,281.37","2,865.00","1,657.70",04_11_2022
SMFBS,35.94,"1,635.00","1,665.00","1,635.00","1,647.00","1,645.80",219.00,"1,664.00","360,431.10",12,-17.0,30.0,-1.02,1.83,0.07,"2,143.58","2,277.12","2,865.00","1,635.00",04_12_2022
SMFBS,37.02,"1,651.00","1,670.00","1,633.00","1,670.00","1,663.56",663.00,"1,647.00","1,102,942.40",20,23.00,37.0,1.4,2.27,0.39,"2,134.71","2,272.87","2,865.00","1,633.00",04_13_2022
SMFBS,48.78,"1,651.00","1,670.00","1,633.00","1,670.00","1,663.56",663.00,"1,647.00","1,102,942.40",20,23.00,37.0,1.4,2.27,0.39,"2,134.71","2,272.87","2,865.00","1,633.00",04_14_2022
SMFBS,48.78,"1,651.00","1,670.00","1,633.00","1,670.00","1,663.56",663.00,"1,647.00","1,102,942.40",20,23.00,37.0,1.4,2.27,0.39,"2,134.71","2,272.87","2,865.00","1,633.00",04_15_2022
SMFBS,48.78,"1,651.00","1,670.00","1,633.00","1,670.00","1,663.56",663.00,"1,647.00","1,102,942.40",20,23.00,37.0,1.4,2.27,0.39,"2,134.71","2,272.87","2,865.00","1,633.00",04_16_2022
SMFBS,51.36,"1,700.00","1,700.00","1,636.60","1,680.00","1,655.04",373.00,"1,670.00","617,331.30",15,10.00,63.4,0.6,3.87,1.49,"2,125.37","2,268.95","2,865.00","1,633.00",04_17_2022
SMFBS,44.85,"1,698.00","1,698.00","1,633.00","1,665.00","1,655.03",286.00,"1,680.00","473,340.00",10,-15.0,65.00,-0.89,3.98,0.6,"2,116.75","2,264.70","2,865.00","1,633.00",04_18_2022
SMFBS,42.05,"1,632.20","1,660.00","1,631.80","1,650.00","1,647.79",268.00,"1,665.00","441,606.60",10,-15.0,28.2,-0.9,1.73,0.13,"2,108.12","2,259.98","2,865.00","1,631.80",04_19_2022
SMFBS,41.79,"1,630.00","1,649.30","1,617.00","1,619.00","1,621.95",250.00,"1,650.00","405,488.20",16,-31.0,32.3,-1.88,2.0,-0.18,"2,098.99","2,255.36","2,865.00","1,617.00",04_20_2022
SMFBS,36.78,"1,650.00","1,650.00","1,575.00","1,635.00","1,598.05",699.00,"1,619.00","1,117,035.30",27,16.0,75.00,0.99,4.76,2.26,"2,090.82","2,250.72","2,865.00","1,575.00",04_21_2022
SMFBS,42.1,"1,650.00","1,650.00","1,575.00","1,635.00","1,598.05",699.00,"1,619.00","1,117,035.30",27,16.0,75.00,0.99,4.76,2.26,"2,090.82","2,250.72","2,865.00","1,575.00",04_22_2022
SMFBS,42.1,"1,650.00","1,650.00","1,575.00","1,635.00","1,598.05",699.00,"1,619.00","1,117,035.30",27,16.0,75.00,0.99,4.76,2.26,"2,090.82","2,250.72","2,865.00","1,575.00",04_23_2022
SMFBS,42.63,"1,605.00","1,683.00","1,584.80","1,668.00","1,633.73",586.00,"1,635.00","957,368.40",18,33.00,98.20,2.02,6.2,2.05,"2,082.99","2,246.06","2,865.00","1,575.00",04_24_2022
SMFBS,45.49,"1,700.00","1,734.00","1,570.00","1,617.00","1,622.48",821.00,"1,668.00","1,332,055.10",34,-51.0,164.0,-3.06,10.45,-0.34,"2,074.30","2,241.11","2,865.00","1,570.00",04_25_2022
SMFBS,44.48,"1,625.00","1,625.00","1,600.00","1,600.00","1,608.51",89.00,"1,617.00","143,157.60",9,-17.0,25.0,-1.05,1.56,-0.53,"2,065.55","2,235.67","2,865.00","1,570.00",04_26_2022
SMFBS,38.39,"1,600.00","1,601.00","1,600.00","1,600.00","1,600.32",85.00,"1,600.00","136,027.50",4,0.0,1.0,0.0,0.06,-0.02,"2,056.80","2,230.20","2,865.00","1,570.00",04_27_2022
SMFBS,35.12,"1,568.10","1,600.00","1,568.10","1,600.00","1,595.97",335.00,"1,600.00","534,648.40",13,0.0,31.9,0.0,2.03,0.25,"2,047.88","2,224.92","2,865.00","1,568.10",04_28_2022
SMFBS,33.69,"1,568.10","1,600.00","1,568.10","1,600.00","1,595.97",335.00,"1,600.00","534,648.40",13,0.0,31.9,0.0,2.03,0.25,"2,047.88","2,224.92","2,865.00","1,568.10",04_29_2022
SMFBS,33.69,"1,568.10","1,600.00","1,568.10","1,600.00","1,595.97",335.00,"1,600.00","534,648.40",13,0.0,31.9,0.0,2.03,0.25,"2,047.88","2,224.92","2,865.00","1,568.10",04_30_2022
SMFBS,33.69,"1,568.10","1,600.00","1,568.10","1,600.00","1,595.97",335.00,"1,600.00","534,648.40",13,0.0,31.9,0.0,2.03,0.25,"2,047.88","2,224.92","2,865.00","1,568.10",05_01_2022
SMFBS,35.09,"1,632.00","1,664.00","1,545.00","1,598.00","1,571.04",374.00,"1,600.00","587,567.60",22,-2.0,119.0,-0.13,7.7,1.69,"2,038.80","2,219.69","2,865.00","1,545.00",05_02_2022
SMFBS,40.56,"1,632.00","1,664.00","1,545.00","1,598.00","1,571.04",374.00,"1,600.00","587,567.60",22,-2.0,119.0,-0.13,7.7,1.69,"2,038.80","2,219.69","2,865.00","1,545.00",05_03_2022
SMFBS,39.65,"1,566.10","1,566.10","1,538.00","1,538.00","1,555.14",36.00,"1,598.00","55,985.00",3,-60.0,28.1,-3.75,1.83,-1.11,"2,029.11","2,213.23","2,865.00","1,538.00",05_04_2022
SMFBS,28.69,"1,520.00","1,536.00","1,505.10","1,530.00","1,520.43",236.00,"1,538.00","358,822.00",13,-8.0,30.9,-0.52,2.05,0.63,"2,019.32","2,206.29","2,865.00","1,505.10",05_05_2022
SMFBS,32.78,"1,520.00","1,536.00","1,505.10","1,530.00","1,520.43",236.00,"1,538.00","358,822.00",13,-8.0,30.9,-0.52,2.05,0.63,"2,019.32","2,206.29","2,865.00","1,505.10",05_06_2022
SMFBS,32.78,"1,520.00","1,536.00","1,505.10","1,530.00","1,520.43",236.00,"1,538.00","358,822.00",13,-8.0,30.9,-0.52,2.05,0.63,"2,019.32","2,206.29","2,865.00","1,505.10",05_07_2022
SMFBS,32.78,"1,560.60","1,560.60","1,507.00","1,537.00","1,534.41",186.00,"1,530.00","285,400.00",12,7.0,53.60,0.46,3.56,0.17,"2,008.80","2,200.00","2,865.00","1,505.10",05_08_2022
SMFBS,32.64,"1,537.00","1,596.00","1,520.00","1,575.00","1,568.75",204.00,"1,537.00","320,025.00",17,38.0,76.0,2.47,5.0,0.4,"1,999.06","2,193.98","2,865.00","1,505.10",05_09_2022
SMFBS,35.53,"1,600.00","1,605.00","1,572.60","1,572.60","1,598.19",108.00,"1,575.00","172,605.00",12,-2.4,32.4,-0.15,2.06,-1.63,"1,989.67","2,188.40","2,865.00","1,505.10",05_10_2022
SMFBS,40.63,"1,600.00","1,631.00","1,580.00","1,604.00","1,593.79",214.00,"1,572.60","341,071.00",8,31.4,51.0,2.0,3.23,0.64,"1,980.54","2,182.59","2,865.00","1,505.10",05_11_2022
SMFBS,45.42,"1,636.00","1,636.00","1,593.00","1,593.00","1,603.84",302.00,"1,604.00","484,361.00",24,-11.0,43.0,-0.69,2.7,-0.68,"1,971.14","2,176.43","2,865.00","1,505.10",05_12_2022
SMFBS,47.0,"1,636.00","1,636.00","1,593.00","1,593.00","1,603.84",302.00,"1,604.00","484,361.00",24,-11.0,43.0,-0.69,2.7,-0.68,"1,971.14","2,176.43","2,865.00","1,505.10",05_13_2022
SMFBS,47.0,"1,636.00","1,636.00","1,593.00","1,593.00","1,603.84",302.00,"1,604.00","484,361.00",24,-11.0,43.0,-0.69,2.7,-0.68,"1,971.14","2,176.43","2,865.00","1,505.10",05_14_2022
SMFBS,47.0,"1,636.00","1,636.00","1,593.00","1,593.00","1,603.84",302.00,"1,604.00","484,361.00",24,-11.0,43.0,-0.69,2.7,-0.68,"1,971.14","2,176.43","2,865.00","1,505.10",05_15_2022
SMFBS,47.0,"1,636.00","1,636.00","1,593.00","1,593.00","1,603.84",302.00,"1,604.00","484,361.00",24,-11.0,43.0,-0.69,2.7,-0.68,"1,971.14","2,176.43","2,865.00","1,505.10",05_16_2022
SMFBS,48.35,"1,593.00","1,624.80","1,562.00","1,563.00","1,572.83",238.00,"1,593.00","374,333.60",13,-30.00,62.8,-1.88,4.02,-0.63,"1,962.00","2,169.73","2,865.00","1,505.10",05_17_2022
SMFBS,40.25,"1,540.00","1,569.00","1,540.00","1,550.00","1,552.72",69.00,"1,563.00","107,138.00",6,-13.0,29.0,-0.83,1.88,-0.18,"1,952.85","2,163.26","2,865.00","1,505.10",05_18_2022
SMFBS,35.15,"1,531.00","1,580.00","1,500.50","1,580.00","1,533.39",415.00,"1,550.00","636,355.30",18,30.0,79.5,1.94,5.3,2.95,"1,944.02","2,157.34","2,865.00","1,500.50",05_19_2022
SMFBS,41.0,"1,549.00","1,599.00","1,518.10","1,599.00","1,530.17",458.00,"1,580.00","700,816.70",20,19.0,80.9,1.2,5.33,4.3,"1,934.96","2,151.51","2,865.00","1,500.50",05_20_2022
SMFBS,47.13,"1,549.00","1,599.00","1,518.10","1,599.00","1,530.17",458.00,"1,580.00","700,816.70",20,19.0,80.9,1.2,5.33,4.3,"1,934.96","2,151.51","2,865.00","1,500.50",05_21_2022
SMFBS,47.13,"1,549.00","1,599.00","1,518.10","1,599.00","1,530.17",458.00,"1,580.00","700,816.70",20,19.0,80.9,1.2,5.33,4.3,"1,934.96","2,151.51","2,865.00","1,500.50",05_22_2022
SMFBS,46.88,"1,568.10","1,568.10","1,520.00","1,548.00","1,540.84",155.00,"1,599.00","238,830.00",10,-51.0,48.1,-3.19,3.16,0.46,"1,925.67","2,145.67","2,865.00","1,500.50",05_23_2022
SMFBS,36.98,"1,548.00","1,548.00","1,520.00","1,520.00","1,525.33",102.00,"1,548.00","155,583.50",5,-28.0,28.00,-1.81,1.84,-0.35,"1,915.86","2,139.64","2,865.00","1,500.50",05_24_2022
SMFBS,33.6,"1,550.00","1,550.40","1,520.10","1,550.00","1,538.76",122.00,"1,520.00","187,728.80",10,30.0,30.3,1.97,1.99,0.73,"1,906.45","2,133.56","2,865.00","1,500.50",05_25_2022
SMFBS,32.77,"1,550.00","1,550.00","1,523.00","1,523.10","1,549.36","1,927.00","1,550.00","2,985,618.90",5,-26.9,27.0,-1.74,1.77,-1.72,"1,897.05","2,127.73","2,865.00","1,500.50",05_26_2022
SMFBS,38.1,"1,553.50","1,553.50","1,523.00","1,549.90","1,536.10",70.00,"1,523.10","107,527.00",6,26.8,30.5,1.76,2.0,0.89,"1,887.64","2,121.51","2,865.00","1,500.50",05_27_2022
SMFBS,39.74,"1,553.50","1,553.50","1,523.00","1,549.90","1,536.10",70.00,"1,523.10","107,527.00",6,26.8,30.5,1.76,2.0,0.89,"1,887.64","2,121.51","2,865.00","1,500.50",05_28_2022
SMFBS,39.74,"1,553.50","1,553.50","1,523.00","1,549.90","1,536.10",70.00,"1,523.10","107,527.00",6,26.8,30.5,1.76,2.0,0.89,"1,887.64","2,121.51","2,865.00","1,500.50",05_29_2022
SMFBS,39.21,"1,560.00","1,560.00","1,528.80","1,528.80","1,540.09",47.00,"1,549.90","72,384.00",2,-21.1,31.2,-1.36,2.04,-0.74,"1,878.16","2,115.45","2,865.00","1,500.50",05_30_2022
SMFBS,39.83,"1,529.00","1,529.00","1,520.00","1,520.00","1,526.70",215.00,"1,528.80","328,241.00",10,-8.8,9.0,-0.58,0.59,-0.44,"1,869.04","2,109.42","2,865.00","1,500.50",05_31_2022
SMFBS,34.11,"1,495.10","1,530.00","1,495.10","1,530.00","1,505.66",40.00,"1,520.00","60,226.50",3,10.0,34.9,0.66,2.33,1.59,"1,860.13","2,103.28","2,865.00","1,495.10",06_01_2022
SMFBS,41.27,"1,520.00","1,520.00","1,500.00","1,500.00","1,503.32",223.00,"1,530.00","335,239.40",12,-30.0,20.0,-1.96,1.33,-0.22,"1,851.71","2,097.01","2,865.00","1,495.10",06_02_2022
SMFBS,32.21,"1,500.00","1,500.00","1,480.00","1,495.00","1,483.14",153.00,"1,500.00","226,921.00",7,-5.0,20.0,-0.33,1.35,0.79,"1,842.50","2,090.76","2,865.00","1,480.00",06_03_2022
SMFBS,26.41,"1,500.00","1,500.00","1,480.00","1,495.00","1,483.14",153.00,"1,500.00","226,921.00",7,-5.0,20.0,-0.33,1.35,0.79,"1,842.50","2,090.76","2,865.00","1,480.00",06_04_2022
SMFBS,26.41,"1,500.00","1,500.00","1,480.00","1,495.00","1,483.14",153.00,"1,500.00","226,921.00",7,-5.0,20.0,-0.33,1.35,0.79,"1,842.50","2,090.76","2,865.00","1,480.00",06_05_2022
SMFBS,25.99,"1,500.00","1,500.00","1,480.00","1,499.00","1,493.91",78.00,"1,495.00","116,525.00",8,4.0,20.0,0.27,1.35,0.34,"1,833.71","2,084.57","2,865.00","1,480.00",06_06_2022
SMFBS,24.08,"1,510.00","1,510.00","1,470.00","1,470.00","1,486.24",222.00,"1,499.00","329,946.00",7,-29.0,40.0,-1.93,2.72,-1.1,"1,824.21","2,078.23","2,865.00","1,470.00",06_07_2022
SMFBS,27.47,"1,475.00","1,591.00","1,475.00","1,591.00","1,505.44",444.00,"1,470.00","668,415.00",13,121.0,116.00,8.23,7.86,5.38,"1,816.18","2,072.83","2,865.00","1,470.00",06_08_2022
SMFBS,48.03,"1,605.00","1,605.00","1,576.00","1,576.00","1,578.01",556.00,"1,591.00","877,371.00",8,-15.0,29.0,-0.94,1.84,-0.13,"1,808.09","2,067.77","2,865.00","1,470.00",06_09_2022
SMFBS,48.4,"1,576.00","1,576.00","1,545.00","1,545.00","1,560.50",20.00,"1,576.00","31,210.00",2,-31.0,31.0,-1.97,2.01,-1.0,"1,799.21","2,062.33","2,865.00","1,470.00",06_10_2022
SMFBS,38.69,"1,576.00","1,576.00","1,545.00","1,545.00","1,560.50",20.00,"1,576.00","31,210.00",2,-31.0,31.0,-1.97,2.01,-1.0,"1,799.21","2,062.33","2,865.00","1,470.00",06_11_2022
SMFBS,38.69,"1,576.00","1,576.00","1,545.00","1,545.00","1,560.50",20.00,"1,576.00","31,210.00",2,-31.0,31.0,-1.97,2.01,-1.0,"1,799.21","2,062.33","2,865.00","1,470.00",06_12_2022
SMFBS,38.42,"1,545.00","1,545.00","1,516.10","1,516.10","1,524.91",82.00,"1,545.00","125,042.70",6,-28.9,28.9,-1.87,1.91,-0.58,"1,790.02","2,056.64","2,865.00","1,470.00",06_13_2022
SMFBS,40.66,"1,487.00","1,515.00","1,486.00","1,515.00","1,489.44",279.00,"1,516.10","415,553.00",15,-1.1,29.0,-0.07,1.95,1.69,"1,781.48","2,051.28","2,865.00","1,470.00",06_14_2022
SMFBS,25.44,"1,485.10","1,494.00","1,461.00","1,490.00","1,481.01",289.00,"1,515.00","428,012.00",15,-25.0,33.00,-1.65,2.26,0.6,"1,778.52","2,045.23","2,865.00","1,461.00",06_15_2022
SMFBS,27.88,"1,471.00","1,480.10","1,471.00","1,476.10","1,476.52",71.00,"1,490.00","104,833.10",6,-13.9,9.1,-0.93,0.62,-0.03,"1,775.14","2,039.39","2,865.00","1,461.00",06_16_2022
SMFBS,24.41,"1,505.60","1,505.60","1,505.60","1,505.60","1,505.60",10.00,"1,476.10","15,056.00",1,29.5,0.0,2.0,0.0,0.0,"1,773.57","2,034.02","2,865.00","1,461.00",06_17_2022
SMFBS,29.81,"1,505.60","1,505.60","1,505.60","1,505.60","1,505.60",10.00,"1,476.10","15,056.00",1,29.5,0.0,2.0,0.0,0.0,"1,773.57","2,034.02","2,865.00","1,461.00",06_18_2022
SMFBS,29.31,"1,475.50","1,505.00","1,457.00","1,505.00","1,473.08",165.00,"1,505.60","243,058.00",9,-0.6,48.00,-0.04,3.29,2.12,"1,771.15","2,028.33","2,865.00","1,457.00",06_19_2022
SMFBS,32.55,"1,500.00","1,500.00","1,446.00","1,499.00","1,472.86",713.00,"1,505.00","1,050,151.90",21,-6.0,54.00,-0.4,3.73,1.74,"1,769.17","2,022.57","2,865.00","1,446.00",06_20_2022
SMFBS,44.79,"1,475.00","1,495.00","1,445.50","1,495.00","1,458.31",313.00,"1,499.00","456,450.30",15,-4.0,49.50,-0.27,3.42,2.45,"1,766.38","2,016.74","2,865.00","1,445.50",06_21_2022
SMFBS,44.48,"1,466.00","1,466.00","1,458.00","1,462.10","1,460.96",166.00,"1,495.00","242,518.60",6,-32.9,8.0,-2.2,0.55,0.08,"1,763.98","2,010.83","2,865.00","1,445.50",06_22_2022
SMFBS,23.04,"1,432.90","1,460.00","1,331.00","1,460.00","1,391.63",206.00,"1,462.10","286,675.20",19,-2.1,129.0,-0.14,9.69,4.68,"1,761.52","2,005.18","2,865.00","1,331.00",06_23_2022
SMFBS,52.08,"1,611.60","1,708.00","1,525.00","1,708.00","1,545.89",547.00,"1,580.00","845,601.60",29,128.0,183.0,8.1,12.0,9.49,"1,738.73","1,964.84","2,865.00","1,331.00",07_05_2022
SMFBS,48.4,"1,673.90","1,673.90","1,566.10","1,611.00","1,587.90",481.00,"1,708.00","763,779.20",19,-97.0,107.8,-5.68,6.88,1.43,"1,736.02","1,960.79","2,865.00","1,331.00",07_06_2022
SMFBS,35.38,"1,579.00","1,636.90","1,573.00","1,604.00","1,587.64",114.00,"1,611.00","180,991.00",7,-7.0,63.9,-0.43,4.06,1.02,"1,732.97","1,955.91","2,865.00","1,331.00",07_07_2022
SMFBS,30.77,"1,572.00","1,575.00","1,542.20","1,575.00","1,561.08",195.00,"1,604.00","304,411.40",11,-29.0,32.8,-1.81,2.13,0.88,"1,729.62","1,950.21","2,865.00","1,331.00",07_08_2022
SMFBS,34.61,"1,572.00","1,575.00","1,542.20","1,575.00","1,561.08",195.00,"1,604.00","304,411.40",11,-29.0,32.8,-1.81,2.13,0.88,"1,729.62","1,950.21","2,865.00","1,331.00",07_09_2022
SMFBS,34.61,"1,572.00","1,575.00","1,542.20","1,575.00","1,561.08",195.00,"1,604.00","304,411.40",11,-29.0,32.8,-1.81,2.13,0.88,"1,729.62","1,950.21","2,865.00","1,331.00",07_10_2022
SMFBS,32.4,"1,545.00","1,545.00","1,495.20","1,500.00","1,517.52",144.00,"1,575.00","218,522.50",8,-75.0,49.8,-4.76,3.33,-1.17,"1,725.62","1,943.35","2,865.00","1,331.00",07_11_2022
SMFBS,28.87,"1,520.00","1,530.00","1,499.40","1,501.00","1,513.84",98.00,"1,500.00","148,356.70",8,1.0,30.6,0.07,2.04,-0.86,"1,721.33","1,936.13","2,865.00","1,331.00",07_12_2022
SMFBS,25.66,"1,531.00","1,625.00","1,505.00","1,625.00","1,533.94",331.00,"1,501.00","507,734.20",19,124.0,120.0,8.26,7.97,5.6,"1,718.29","1,930.16","2,865.00","1,331.00",07_13_2022
SMFBS,-,"1,593.00","1,593.00","1,593.00","1,593.00","1,593.00",10.00,"1,625.00","15,930.00",1,-32.0,0.00,-1.97,0.0,0.0,"1,714.67","1,924.09","2,865.00","1,331.00",07_14_2022
SMFBS,33.34,"1,565.00","1,565.00","1,561.20","1,561.20","1,561.02",66.00,"1,593.00","103,027.00",4,-31.8,3.8,-2.0,0.24,0.01,"1,710.59","1,917.68","2,865.00","1,331.00",07_15_2022
SMFBS,42.94,"1,565.00","1,565.00","1,561.20","1,561.20","1,561.02",66.00,"1,593.00","103,027.00",4,-31.8,3.8,-2.0,0.24,0.01,"1,710.59","1,917.68","2,865.00","1,331.00",07_16_2022
SMFBS,40.16,"1,561.20","1,561.20","1,561.20","1,561.20","1,565.05",6.00,"1,561.20","9,390.30",2,0.0,0.0,0.0,0.0,-0.25,"1,706.44","1,911.83","2,865.00","1,331.00",07_17_2022
SMFBS,37.04,"1,560.00","1,560.00","1,550.00","1,550.00","1,554.77",132.00,"1,561.20","205,229.00",7,-11.20,10.0,-0.72,0.65,-0.31,"1,702.35","1,905.95","2,865.00","1,331.00",07_18_2022
SMFBS,27.2,"1,535.00","1,581.00","1,505.00","1,575.00","1,531.42",538.00,"1,550.00","823,901.40",34,25.0,76.0,1.61,5.05,2.77,"1,698.98","1,899.92","2,865.00","1,331.00",07_19_2022
SMFBS,31.67,"1,580.00","1,580.00","1,555.00","1,555.00","1,567.14",91.00,"1,575.00","142,609.50",11,-20.0,25.0,-1.27,1.61,-0.78,"1,694.44","1,893.84","2,865.00","1,331.00",07_20_2022
SMFBS,31.75,"1,555.50","1,586.00","1,555.50","1,557.00","1,563.12",151.00,"1,555.00","236,031.00",4,2.0,30.5,0.13,1.96,-0.39,"1,689.91","1,887.77","2,865.00","1,331.00",07_21_2022
SMFBS,36.31,"1,560.00","1,562.00","1,550.00","1,550.00","1,556.70",94.00,"1,557.00","146,330.00",6,-7.0,12.0,-0.45,0.77,-0.43,"1,686.31","1,881.54","2,865.00","1,331.00",07_22_2022
SMFBS,41.96,"1,560.00","1,562.00","1,550.00","1,550.00","1,556.70",94.00,"1,557.00","146,330.00",6,-7.0,12.0,-0.45,0.77,-0.43,"1,686.31","1,881.54","2,865.00","1,331.00",07_23_2022
SMFBS,39.16,"1,541.00","1,700.00","1,520.00","1,700.00","1,585.11",285.00,"1,550.00","451,755.00",18,150.0,180.0,9.68,11.84,6.76,"1,683.81","1,876.05","2,865.00","1,331.00",07_24_2022
SMFBS,49.71,"1,700.00","1,729.00","1,679.00","1,700.00","1,698.10",580.00,"1,700.00","984,897.00",30,0.0,50.0,0.0,2.98,0.11,"1,681.33","1,870.49","2,865.00","1,331.00",07_25_2022
SMFBS,55.25,"1,690.00","1,690.00","1,626.00","1,674.10","1,648.21",233.00,"1,700.00","384,033.90",12,-25.9,64.0,-1.52,3.94,1.55,"1,678.94","1,864.77","2,865.00","1,331.00",07_26_2022
SMFBS,49.44,"1,675.00","1,699.00","1,641.50","1,695.00","1,670.90",624.00,"1,674.10","1,042,644.00",18,20.9,57.5,1.25,3.5,1.42,"1,676.69","1,858.63","2,865.00","1,331.00",07_27_2022
SMFBS,58.24,"1,695.00","1,724.00","1,665.00","1,687.00","1,707.84",378.00,"1,695.00","645,565.00",23,-8.0,59.00,-0.47,3.54,-1.24,"1,674.45","1,852.77","2,865.00","1,331.00",07_28_2022
SMFBS,39.4,"1,654.00","1,693.00","1,653.50","1,693.00","1,660.37",347.00,"1,687.00","576,149.90",11,6.0,39.50,0.36,2.39,1.93,"1,671.94","1,847.17","2,865.00","1,331.00",07_29_2022
SMFBS,40.14,"1,654.00","1,693.00","1,653.50","1,693.00","1,660.37",347.00,"1,687.00","576,149.90",11,6.0,39.50,0.36,2.39,1.93,"1,671.94","1,847.17","2,865.00","1,331.00",07_30_2022
SMFBS,37.72,"1,726.80","1,862.00","1,645.00","1,862.00","1,694.01","1,237.00","1,693.00","2,095,487.00",46,169.0,217.0,9.98,13.19,9.02,"1,671.21","1,842.52","2,865.00","1,331.00",07_31_2022
SMFBS,55.39,"1,824.80","1,824.80","1,750.00","1,765.00","1,766.35","1,724.00","1,862.00","3,045,184.00",56,-97.0,74.8,-5.21,4.27,-0.08,"1,670.13","1,837.21","2,865.00","1,331.00",08_01_2022
SMFBS,55.46,"1,765.00","1,765.00","1,730.00","1,745.00","1,750.24",229.00,"1,765.00","400,805.10",12,-20.0,35.0,-1.13,2.02,-0.3,"1,668.57","1,832.13","2,865.00","1,331.00",08_02_2022
SMFBS,45.98,"1,744.00","1,778.00","1,710.50","1,710.50","1,719.95",807.00,"1,745.00","1,388,002.00",28,-34.5,67.5,-1.98,3.95,-0.55,"1,666.45","1,826.92","2,865.00","1,331.00",08_03_2022
SMFBS,45.75,"1,715.00","1,715.00","1,613.50","1,646.00","1,666.66",996.00,"1,710.50","1,659,996.60",35,-64.5,101.5,-3.77,6.29,-1.26,"1,664.21","1,821.40","2,865.00","1,331.00",08_04_2022
SMFBS,35.34,"1,678.90","1,710.00","1,632.00","1,670.00","1,663.91",224.00,"1,646.00","372,716.20",12,24.0,78.0,1.46,4.78,0.36,"1,662.08","1,815.75","2,848.00","1,331.00",08_07_2022
SMFBS,32.54,"1,699.00","1,699.00","1,642.00","1,642.00","1,652.61",293.00,"1,670.00","484,215.00",18,-28.00,57.00,-1.68,3.47,-0.65,"1,659.72","1,810.08","2,848.00","1,331.00",08_08_2022
SMFBS,34.75,"1,610.00","1,610.00","1,577.80","1,577.80","1,598.19","1,221.00","1,642.00","1,951,392.70",42,-64.2,32.2,-3.91,2.04,-1.29,"1,657.04","1,803.86","2,848.00","1,331.00",08_09_2022
SMFBS,39.56,"1,547.00","1,581.00","1,547.00","1,550.00","1,559.29",259.00,"1,577.80","403,857.00",13,-27.8,34.00,-1.76,2.2,-0.6,"1,654.32","1,797.59","2,848.00","1,331.00",08_10_2022
SMFBS,30.98,"1,530.00","1,581.00","1,530.00","1,560.00","1,557.24",487.00,"1,550.00","758,377.00",14,10.00,51.00,0.65,3.33,0.18,"1,651.36","1,791.52","2,848.00","1,331.00",08_11_2022
SMFBS,31.05,"1,530.00","1,581.00","1,530.00","1,560.00","1,557.24",487.00,"1,550.00","758,377.00",14,10.00,51.00,0.65,3.33,0.18,"1,651.36","1,791.52","2,848.00","1,331.00",08_12_2022
SMFBS,31.05,"1,530.00","1,581.00","1,530.00","1,560.00","1,557.24",487.00,"1,550.00","758,377.00",14,10.00,51.00,0.65,3.33,0.18,"1,651.36","1,791.52","2,848.00","1,331.00",08_13_2022
SMFBS,27.58,"1,560.00","1,560.00","1,559.00","1,560.00","1,559.92",375.00,"1,560.00","584,970.00",5,0.0,1.0,0.0,0.06,0.01,"1,648.69","1,785.31","2,848.00","1,331.00",08_14_2022
SMFBS,26.82,"1,560.00","1,622.00","1,560.00","1,612.00","1,606.96",406.00,"1,560.00","652,427.00",15,52.0,62.0,3.33,3.97,0.31,"1,646.20","1,779.45","2,848.00","1,331.00",08_15_2022
SMFBS,46.36,"1,644.00","1,676.80","1,580.00","1,676.80","1,597.64",229.00,"1,612.00","365,860.00",19,64.80,96.80,4.02,6.13,4.72,"1,644.02","1,774.25","2,848.00","1,331.00",08_16_2022
SMFBS,42.18,"1,680.00","1,680.00","1,645.00","1,650.00","1,660.30",67.00,"1,676.80","111,240.00",6,-26.8,35.0,-1.6,2.13,-0.62,"1,641.65","1,768.97","2,848.00","1,331.00",08_17_2022
SMFBS,38.14,"1,625.00","1,683.00","1,625.00","1,655.00","1,649.15",403.00,"1,650.00","664,608.00",15,5.0,58.0,0.3,3.57,0.35,"1,639.41","1,764.22","2,848.00","1,331.00",08_18_2022
SMFBS,46.13,"1,625.00","1,683.00","1,625.00","1,655.00","1,649.15",403.00,"1,650.00","664,608.00",15,5.0,58.0,0.3,3.57,0.35,"1,639.41","1,764.22","2,848.00","1,331.00",08_19_2022
SMFBS,46.13,"1,625.00","1,683.00","1,625.00","1,655.00","1,649.15",403.00,"1,650.00","664,608.00",15,5.0,58.0,0.3,3.57,0.35,"1,639.41","1,764.22","2,848.00","1,331.00",08_20_2022
SMFBS,46.13,"1,655.00","1,698.00","1,636.00","1,636.00","1,681.86",490.00,"1,655.00","824,112.60",19,-19.0,62.0,-1.15,3.79,-2.8,"1,637.41","1,758.86","2,848.00","1,331.00",08_21_2022
SMFBS,-,"1,621.00","1,636.00","1,621.00","1,636.00","1,628.50",20.00,"1,636.00","32,570.00",2,0.0,15.0,0.0,0.93,0.46,"1,635.46","1,753.76","2,848.00","1,331.00",08_22_2022
SMFBS,23.04,"1,667.00","1,690.00","1,623.10","1,655.00","1,647.17",121.00,"1,636.00","199,307.20",8,19.0,66.9,1.16,4.12,0.47,"1,633.75","1,748.46","2,848.00","1,331.00",08_23_2022
SMFBS,37.91,"1,623.00","1,683.00","1,622.00","1,680.00","1,652.87",160.00,"1,655.00","264,459.60",15,25.0,61.0,1.51,3.76,1.61,"1,632.08","1,743.60","2,848.00","1,331.00",08_24_2022
SMFBS,41.73,"1,680.00","1,680.00","1,646.40","1,646.40","1,660.86",103.00,"1,680.00","171,069.00",6,-33.6,33.6,-2.0,2.04,-0.88,"1,629.97","1,738.59","2,848.00","1,331.00",08_25_2022
SMFBS,40.81,"1,614.00","1,630.00","1,614.00","1,630.00","1,619.29",38.00,"1,646.40","61,533.00",3,-16.4,16.0,-1.0,0.99,0.66,"1,628.03","1,733.15","2,848.00","1,331.00",08_26_2022
SMFBS,33.73,"1,614.00","1,630.00","1,614.00","1,630.00","1,619.29",38.00,"1,646.40","61,533.00",3,-16.4,16.0,-1.0,0.99,0.66,"1,628.03","1,733.15","2,848.00","1,331.00",08_27_2022
SMFBS,33.73,"1,599.00","1,625.00","1,566.10","1,625.00","1,593.45",98.00,"1,630.00","156,158.30",7,-5.0,58.9,-0.31,3.76,1.94,"1,626.57","1,727.63","2,848.00","1,331.00",08_28_2022
SMFBS,32.54,"1,600.00","1,620.00","1,592.00","1,592.00","1,600.09",94.00,"1,625.00","150,408.00",6,-33.0,28.0,-2.03,1.76,-0.51,"1,624.23","1,722.36","2,848.00","1,331.00",08_29_2022
SMFBS,25.88,"1,600.00","1,600.00","1,565.00","1,565.00","1,571.91",291.00,"1,592.00","457,425.00",10,-27.0,35.0,-1.7,2.24,-0.44,"1,621.44","1,720.80","2,848.00","1,331.00",08_30_2022
SMFBS,29.52,"1,534.00","1,545.00","1,534.00","1,541.00","1,540.80",118.00,"1,565.00","181,814.00",6,-24.0,11.0,-1.53,0.72,0.01,"1,618.66","1,718.91","2,848.00","1,331.00",08_31_2022
SMFBS,44.15,"2,500.00","2,525.00","2,500.00","2,525.00","2,514.57",432.00,"2,487.00","1,086,296.00",25,38.0,25.0,1.53,1.0,0.41,"2,483.13","2,264.20","3,110.00",940.00,09_01_2021
SMFBS,23.89,"1,520.00","1,601.00","1,520.00","1,569.00","1,568.67",79.00,"1,541.00","123,925.00",7,28.0,81.0,1.82,5.33,0.02,"1,616.03","1,718.22","2,848.00","1,331.00",09_01_2022
SMFBS,24.97,"1,545.20","1,545.20","1,542.00","1,542.00","1,544.12",59.00,"1,569.00","91,103.00",4,-27.0,3.2,-1.72,0.21,-0.14,"1,613.43","1,716.81","2,848.00","1,331.00",09_02_2022
SMFBS,23.94,"1,545.20","1,545.20","1,542.00","1,542.00","1,544.12",59.00,"1,569.00","91,103.00",4,-27.0,3.2,-1.72,0.21,-0.14,"1,613.43","1,716.81","2,848.00","1,331.00",09_03_2022
SMFBS,23.44,"1,548.00","1,581.00","1,542.00","1,550.00","1,558.22",236.00,"1,542.00","367,740.20",15,8.0,39.0,0.52,2.53,-0.53,"1,610.68","1,715.77","2,848.00","1,331.00",09_04_2022
SMFBS,30.37,"1,551.00","1,551.00","1,530.00","1,550.00","1,537.68",242.00,"1,550.00","372,118.50",11,0.0,21.0,0.0,1.37,0.79,"1,607.93","1,714.21","2,848.00","1,331.00",09_05_2022
SMFBS,35.94,"1,531.00","1,532.10","1,531.00","1,532.00","1,531.75",53.00,"1,550.00","81,183.00",5,-18.0,1.1,-1.16,0.07,0.02,"1,605.19","1,713.00","2,848.00","1,331.00",09_06_2022
SMFBS,20.61,"1,562.00","1,562.00","1,501.40","1,520.00","1,518.40",318.00,"1,532.00","482,851.50",18,-12.0,60.6,-0.78,4.04,0.11,"1,602.40","1,711.70","2,848.00","1,331.00",09_07_2022
SMFBS,31.09,"1,530.00","1,530.00","1,530.00","1,530.00","1,530.00",16.00,"1,520.00","24,480.00",1,10.0,0.0,0.66,0.0,0.0,"1,599.89","1,709.48","2,848.00","1,331.00",09_08_2022
SMFBS,29.95,"1,530.00","1,530.00","1,530.00","1,530.00","1,530.00",16.00,"1,520.00","24,480.00",1,10.0,0.0,0.66,0.0,0.0,"1,599.89","1,709.48","2,848.00","1,331.00",09_09_2022
SMFBS,29.95,"1,530.00","1,530.00","1,530.00","1,530.00","1,530.00",16.00,"1,520.00","24,480.00",1,10.0,0.0,0.66,0.0,0.0,"1,599.89","1,709.48","2,848.00","1,331.00",09_10_2022
SMFBS,29.32,"1,535.00","1,535.00","1,503.00","1,530.00","1,526.03",89.00,"1,530.00","135,817.00",6,0.0,32.0,0.0,2.13,0.26,"1,597.56","1,707.34","2,848.00","1,331.00",09_11_2022
SMFBS,33.21,"1,501.00","1,531.00","1,501.00","1,525.00","1,519.55",55.00,"1,530.00","83,575.00",3,-5.0,30.0,-0.33,2.0,0.36,"1,595.48","1,705.25","2,848.00","1,331.00",09_12_2022
SMFBS,32.67,"1,525.00","1,540.00","1,500.00","1,540.00","1,517.85",289.00,"1,525.00","438,660.00",20,15.0,40.0,0.98,2.67,1.44,"1,593.48","1,703.70","2,848.00","1,331.00",09_13_2022
SMFBS,44.48,"1,540.00","1,569.90","1,540.00","1,569.90","1,554.95",20.00,"1,540.00","31,099.00",2,29.9,29.9,1.94,1.94,0.95,"1,591.92","1,702.14","2,848.00","1,331.00",09_14_2022
SMFBS,37.87,"1,555.50","1,555.50","1,510.00","1,511.00","1,534.48",153.00,"1,569.90","234,776.00",11,-58.9,45.5,-3.75,3.01,-1.55,"1,589.77","1,700.25","2,848.00","1,331.00",09_15_2022
SMFBS,38.6,"1,481.00","1,540.00","1,480.00","1,540.00","1,487.92",154.00,"1,511.00","229,139.50",8,29.0,60.0,1.92,4.05,3.38,"1,588.12","1,698.52","2,848.00","1,331.00",09_16_2022
SMFBS,43.35,"1,481.00","1,540.00","1,480.00","1,540.00","1,487.92",154.00,"1,511.00","229,139.50",8,29.0,60.0,1.92,4.05,3.38,"1,588.12","1,698.52","2,848.00","1,331.00",09_17_2022
SMFBS,41.42,"1,509.20","1,509.20","1,480.00","1,480.00","1,490.07",29.00,"1,540.00","43,212.00",2,-60.0,29.2,-3.9,1.97,-0.68,"1,586.08","1,696.07","2,848.00","1,331.00",09_18_2022
SMFBS,27.01,"1,509.20","1,509.20","1,480.00","1,480.00","1,490.07",29.00,"1,540.00","43,212.00",2,-60.0,29.2,-3.9,1.97,-0.68,"1,586.08","1,696.07","2,848.00","1,331.00",09_19_2022
SMFBS,27.39,"1,509.60","1,539.00","1,422.00","1,538.00","1,449.65",235.00,"1,480.00","340,668.60",18,58.0,117.0,3.92,8.23,5.74,"1,585.01","1,693.50","2,848.00","1,331.00",09_20_2022
SMFBS,35.24,"1,534.00","1,534.00","1,476.90","1,505.00","1,493.55",93.00,"1,538.00","138,899.90",7,-33.0,57.1,-2.15,3.87,0.76,"1,583.47","1,691.11","2,848.00","1,331.00",09_21_2022
SMFBS,37.73,"1,505.00","1,505.00","1,450.00","1,450.00","1,460.24",81.00,"1,505.00","118,279.10",8,-55.0,55.00,-3.65,3.79,-0.71,"1,581.69","1,688.22","2,848.00","1,331.00",09_22_2022
SMFBS,50.1,"2,754.00","2,754.00","2,690.00","2,700.00","2,700.52",384.00,"2,700.00","1,036,999.80",21,0.0,64.0,0.0,2.38,-0.02,"2,552.32","2,481.17","3,110.00",990.00,11_03_2021
SMFBS,46.17,"2,754.00","2,754.00","2,690.00","2,700.00","2,700.52",384.00,"2,700.00","1,036,999.80",21,0.0,64.0,0.0,2.38,-0.02,"2,552.32","2,481.17","3,110.00",990.00,11_05_2021
SMFBS,46.17,"2,754.00","2,754.00","2,690.00","2,700.00","2,700.52",384.00,"2,700.00","1,036,999.80",21,0.0,64.0,0.0,2.38,-0.02,"2,552.32","2,481.17","3,110.00",990.00,11_06_2021
SMFBS,46.17,"2,754.00","2,754.00","2,690.00","2,700.00","2,700.52",384.00,"2,700.00","1,036,999.80",21,0.0,64.0,0.0,2.38,-0.02,"2,552.32","2,481.17","3,110.00",990.00,11_07_2021
SMFBS,46.95,"2,725.00","2,779.50","2,700.00","2,720.00","2,734.22",503.00,"2,700.00","1,375,314.00",20,20.0,79.5,0.74,2.94,-0.52,"2,553.53","2,480.72","3,110.00",990.00,11_08_2021
SMFBS,44.49,"2,675.00","2,680.00","2,613.00","2,660.00","2,640.64",853.00,"2,720.00","2,252,465.40",29,-60.0,67.0,-2.21,2.56,0.73,"2,554.50","2,478.53","3,110.00",990.00,11_09_2021
SMFBS,43.84,"2,675.00","2,680.00","2,613.00","2,660.00","2,640.64",853.00,"2,720.00","2,252,465.40",29,-60.0,67.0,-2.21,2.56,0.73,"2,554.50","2,478.53","3,110.00",990.00,11_10_2021
SMFBS,41.79,"2,607.00","2,659.10","2,557.00","2,648.00","2,625.02",279.00,"2,660.00","732,381.20",17,-12.0,102.1,-0.45,3.99,0.87,"2,555.61","2,477.19","3,110.00",990.00,11_11_2021
SMFBS,40.93,"2,607.00","2,659.10","2,557.00","2,648.00","2,625.02",279.00,"2,660.00","732,381.20",17,-12.0,102.1,-0.45,3.99,0.87,"2,555.61","2,477.19","3,110.00",990.00,11_12_2021
SMFBS,40.93,"2,607.00","2,659.10","2,557.00","2,648.00","2,625.02",279.00,"2,660.00","732,381.20",17,-12.0,102.1,-0.45,3.99,0.87,"2,555.61","2,477.19","3,110.00",990.00,11_13_2021
SMFBS,38.88,"2,655.00","2,679.90","2,640.00","2,640.00","2,648.40",258.00,"2,648.00","683,286.40",14,-8.00,39.90,-0.3,1.51,-0.32,"2,556.19","2,476.47","3,110.00",990.00,11_14_2021
SMFBS,43.71,"2,640.00","2,686.00","2,640.00","2,686.00","2,662.24",126.00,"2,640.00","335,442.00",10,46.00,46.00,1.74,1.74,0.88,"2,557.29","2,475.91","3,110.00",990.00,11_15_2021
SMFBS,37.0,"2,686.00","2,695.00","2,661.00","2,663.00","2,675.74",299.00,"2,686.00","800,047.50",19,-23.00,34.00,-0.86,1.28,-0.48,"2,558.32","2,475.15","3,110.00",990.00,11_16_2021
SMFBS,54.0,"2,663.00","2,700.00","2,655.00","2,697.00","2,686.38",529.00,"2,663.00","1,421,093.00",20,34.00,45.00,1.28,1.69,0.39,"2,559.29","2,478.36","3,110.00",990.00,11_17_2021
SMFBS,59.55,"2,647.00","2,679.90","2,647.00","2,679.90","2,657.31",160.00,"2,697.00","425,170.00",9,-17.1,32.9,-0.63,1.24,0.84,"2,560.09","2,480.29","3,110.00",990.00,11_18_2021
SMFBS,52.52,"2,647.00","2,679.90","2,647.00","2,679.90","2,657.31",160.00,"2,697.00","425,170.00",9,-17.1,32.9,-0.63,1.24,0.84,"2,560.09","2,480.29","3,110.00",990.00,11_19_2021
SMFBS,52.52,"2,647.00","2,679.90","2,647.00","2,679.90","2,657.31",160.00,"2,697.00","425,170.00",9,-17.1,32.9,-0.63,1.24,0.84,"2,560.09","2,480.29","3,110.00",990.00,11_20_2021
SMFBS,47.82,"2,650.00","2,670.00","2,650.00","2,651.00","2,655.42",397.00,"2,679.90","1,054,202.60",21,-28.9,20.0,-1.08,0.75,-0.17,"2,560.52","2,482.72","3,110.00","1,011.00",11_21_2021
SMFBS,39.26,"2,660.00","2,695.00","2,651.00","2,679.00","2,659.81",499.00,"2,651.00","1,327,245.00",11,28.0,44.0,1.06,1.66,0.72,"2,561.51","2,485.65","3,110.00","1,011.00",11_22_2021
SMFBS,57.47,"2,632.00","2,670.00","2,565.00","2,666.00","2,604.90",530.00,"2,679.00","1,380,595.40",23,-13.0,105.0,-0.49,4.09,2.29,"2,562.06","2,488.41","3,110.00","1,012.00",11_23_2021
SMFBS,41.04,"2,615.00","2,651.00","2,613.00","2,614.00","2,621.43",445.00,"2,666.00","1,166,538.00",21,-52.00,38.0,-1.95,1.45,-0.28,"2,562.30","2,491.12","3,110.00","1,012.00",11_24_2021
SMFBS,41.61,"2,580.00","2,600.00","2,580.00","2,600.00","2,599.12",593.00,"2,614.00","1,541,280.00",7,-14.0,20.0,-0.54,0.78,0.03,"2,562.50","2,494.16","3,110.00","1,058.00",11_25_2021
SMFBS,43.31,"2,580.00","2,600.00","2,580.00","2,600.00","2,599.12",593.00,"2,614.00","1,541,280.00",7,-14.0,20.0,-0.54,0.78,0.03,"2,562.50","2,494.16","3,110.00","1,058.00",11_26_2021
SMFBS,43.31,"2,580.00","2,600.00","2,580.00","2,600.00","2,599.12",593.00,"2,614.00","1,541,280.00",7,-14.0,20.0,-0.54,0.78,0.03,"2,562.50","2,494.16","3,110.00","1,058.00",11_27_2021
SMFBS,40.41,"2,548.10","2,598.00","2,500.00","2,510.00","2,546.60","1,125.00","2,600.00","2,864,924.00",26,-90.0,98.0,-3.46,3.92,-1.46,"2,562.29","2,496.89","3,110.00","1,065.00",11_28_2021
SMFBS,42.28,"2,520.00","2,716.60","2,508.00","2,600.00","2,526.92","1,248.00","2,510.00","3,153,597.00",30,90.0,208.6,3.59,8.32,2.81,"2,563.32","2,500.11","3,110.00","1,065.00",11_29_2021
SMFBS,44.43,"2,629.00","2,629.00","2,554.00","2,554.00","2,570.02",370.00,"2,600.00","950,908.00",12,-46.0,75.0,-1.77,2.94,-0.63,"2,564.22","2,503.09","3,110.00","1,066.00",11_30_2021
SMFBS,42.65,"2,605.00","2,655.00","2,605.00","2,610.00","2,626.66",771.00,"2,554.00","2,025,154.40",36,56.0,50.0,2.19,1.92,-0.64,"2,565.43","2,506.84","3,110.00","1,066.00",12_01_2021
SMFBS,54.58,"2,561.00","2,660.00","2,555.00","2,555.00","2,589.16","1,454.00","2,610.00","3,764,638.40",40,-55.0,105.0,-2.11,4.11,-1.34,"2,566.06","2,510.14","3,110.00","1,080.00",12_02_2021
SMFBS,60.76,"2,561.00","2,660.00","2,555.00","2,555.00","2,589.16","1,454.00","2,610.00","3,764,638.40",40,-55.0,105.0,-2.11,4.11,-1.34,"2,566.06","2,510.14","3,110.00","1,080.00",12_03_2021
SMFBS,60.76,"2,561.00","2,660.00","2,555.00","2,555.00","2,589.16","1,454.00","2,610.00","3,764,638.40",40,-55.0,105.0,-2.11,4.11,-1.34,"2,566.06","2,510.14","3,110.00","1,080.00",12_04_2021
SMFBS,59.86,"2,512.00","2,548.00","2,470.00","2,547.00","2,508.43","2,069.00","2,555.00","5,189,949.50",50,-8.0,78.0,-0.31,3.16,1.51,"2,566.32","2,513.99","3,110.00","1,086.00",12_05_2021
SMFBS,47.84,"2,500.00","2,610.00","2,440.00","2,610.00","2,575.67",938.00,"2,547.00","2,415,978.50",29,63.0,170.00,2.47,6.97,1.32,"2,566.68","2,518.28","3,110.00","1,086.00",12_06_2021
SMFBS,55.47,"2,612.00","2,660.00","2,555.40","2,619.00","2,611.25",828.00,"2,610.00","2,162,115.00",24,9.0,104.60,0.34,4.09,0.3,"2,567.25","2,521.88","3,110.00","1,086.00",12_07_2021
SMFBS,46.64,"1,390.70","1,390.70","1,370.00","1,375.00","1,375.84",186.00,"1,419.00","255,905.90",12,-44.0,20.7,-3.1,1.51,-0.06,"1,543.54","1,579.13","2,660.00","1,331.00",12_07_2022
SMFBS,51.53,"2,619.00","2,620.00","2,495.00","2,540.00","2,551.05","2,681.00","2,619.00","6,839,353.70",101,-79.0,125.00,-3.02,5.01,-0.43,"2,567.45","2,525.37","3,110.00","1,112.00",12_08_2021
SMFBS,50.85,"1,882.00","1,882.00","1,809.00","1,845.00","1,827.08",775.00,"1,919.88","1,415,987.90",37,-74.88,73.0,-3.9,4.04,0.97,"2,561.89","2,525.26","3,110.00","1,112.00",12_09_2021
SMFBS,34.27,"1,882.00","1,882.00","1,809.00","1,845.00","1,827.08",775.00,"1,919.88","1,415,987.90",37,-74.88,73.0,-3.9,4.04,0.97,"2,561.89","2,525.26","3,110.00","1,112.00",12_10_2021
SMFBS,34.27,"1,882.00","1,882.00","1,809.00","1,845.00","1,827.08",775.00,"1,919.88","1,415,987.90",37,-74.88,73.0,-3.9,4.04,0.97,"2,561.89","2,525.26","3,110.00","1,112.00",12_11_2021
SMFBS,33.62,"1,809.00","1,881.90","1,670.00","1,881.90","1,716.90","1,535.00","1,845.00","2,635,442.00",51,36.90,211.90,2.0,12.69,8.77,"2,556.81","2,525.44","3,110.00","1,130.00",12_12_2021
SMFBS,34.85,"1,845.00","1,845.00","1,693.90","1,693.90","1,710.99","1,494.00","1,881.90","2,556,219.90",51,-188.00,151.10,-9.99,8.92,-1.01,"2,550.09","2,524.71","3,110.00","1,130.00",12_13_2021
SMFBS,35.69,"1,695.00","1,795.20","1,670.00","1,795.20","1,716.08",275.00,"1,693.90","471,921.80",15,101.30,125.20,5.98,7.5,4.41,"2,544.62","2,524.52","3,110.00","1,170.00",12_14_2021
SMFBS,33.29,"1,831.10","1,876.80","1,737.00","1,737.00","1,829.93",371.00,"1,795.20","678,902.60",21,-58.2,139.8,-3.24,8.05,-5.35,"2,538.60","2,523.89","3,110.00","1,218.00",12_15_2021
SMFBS,38.71,"1,750.00","1,830.00","1,740.00","1,830.00","1,757.26",633.00,"1,737.00","1,112,344.00",16,93.0,90.0,5.35,5.17,3.97,"2,533.14","2,523.35","3,110.00","1,218.00",12_16_2021
SMFBS,42.32,"1,750.00","1,830.00","1,740.00","1,830.00","1,757.26",633.00,"1,737.00","1,112,344.00",16,93.0,90.0,5.35,5.17,3.97,"2,533.14","2,523.35","3,110.00","1,218.00",12_17_2021
SMFBS,42.32,"1,750.00","1,830.00","1,740.00","1,830.00","1,757.26",633.00,"1,737.00","1,112,344.00",16,93.0,90.0,5.35,5.17,3.97,"2,533.14","2,523.35","3,110.00","1,218.00",12_18_2021
SMFBS,42.32,"1,750.00","1,830.00","1,740.00","1,830.00","1,757.26",633.00,"1,737.00","1,112,344.00",16,93.0,90.0,5.35,5.17,3.97,"2,533.14","2,523.35","3,110.00","1,218.00",12_19_2021
SMFBS,39.64,"1,800.00","1,800.00","1,729.00","1,750.00","1,757.18",131.00,"1,830.00","230,191.00",7,-80.0,71.0,-4.37,4.11,-0.41,"2,526.52","2,522.19","3,110.00","1,218.00",12_20_2021
SMFBS,38.52,"1,750.00","1,782.00","1,750.00","1,755.00","1,775.22","1,003.00","1,750.00","1,780,541.00",30,5.0,32.00,0.29,1.83,-1.15,"2,520.33","2,519.98","3,110.00","1,218.00",12_21_2021
SMFBS,46.29,"1,730.00","1,930.00","1,730.00","1,930.00","1,799.15",640.00,"1,755.00","1,151,454.00",25,175.0,200.0,9.97,11.56,6.78,"2,516.15","2,518.82","3,110.00","1,240.00",12_22_2021
SMFBS,49.96,"1,895.00","1,915.00","1,853.60","1,915.00","1,867.79",825.00,"1,930.00","1,540,928.80",34,-15.0,61.4,-0.78,3.31,2.47,"2,512.24","2,517.27","3,110.00","1,240.00",12_23_2021
SMFBS,51.83,"1,895.00","1,915.00","1,853.60","1,915.00","1,867.79",825.00,"1,930.00","1,540,928.80",34,-15.0,61.4,-0.78,3.31,2.47,"2,512.24","2,517.27","3,110.00","1,240.00",12_24_2021
SMFBS,51.83,"1,895.00","1,915.00","1,853.60","1,915.00","1,867.79",825.00,"1,930.00","1,540,928.80",34,-15.0,61.4,-0.78,3.31,2.47,"2,512.24","2,517.27","3,110.00","1,240.00",12_25_2021
SMFBS,50.21,"1,925.00","1,925.00","1,887.00","1,900.00","1,906.99",199.00,"1,915.00","379,491.00",13,-15.00,38.00,-0.78,2.01,-0.37,"2,507.49","2,515.33","3,110.00","1,240.00",12_26_2021
SMFBS,46.41,"1,920.00","1,920.00","1,819.10","1,819.10","1,865.03",536.00,"1,900.00","999,657.60",13,-80.9,100.90,-4.26,5.55,-2.53,"2,502.63","2,513.10","3,110.00","1,240.00",12_27_2021
SMFBS,48.43,"1,783.00","1,851.30","1,780.00","1,851.30","1,803.77",110.00,"1,819.10","198,415.00",8,32.2,71.3,1.77,4.01,2.57,"2,497.98","2,510.77","3,110.00","1,240.00",12_28_2021
SMFBS,38.87,"1,815.00","1,852.10","1,815.00","1,851.30","1,850.87",828.00,"1,851.30","1,532,523.80",11,0.0,37.10,0.0,2.04,0.02,"2,493.39","2,507.25","3,110.00","1,240.00",12_29_2021
SMFBS,47.95,"1,815.00","1,852.10","1,815.00","1,851.30","1,850.87",828.00,"1,851.30","1,532,523.80",11,0.0,37.10,0.0,2.04,0.02,"2,493.39","2,507.25","3,110.00","1,240.00",12_30_2021
SMFBS,47.95,"1,815.00","1,852.10","1,815.00","1,851.30","1,850.87",828.00,"1,851.30","1,532,523.80",11,0.0,37.10,0.0,2.04,0.02,"2,493.39","2,507.25","3,110.00","1,240.00",12_31_2021
