SMFDB,59.23,"1,452.00","1,479.00","1,450.10","1,460.00","1,459.75","8,258.00","1,452.00","12,054,590.50",134,8.0,28.90,0.55,1.99,0.02,"1,510.95","1,556.45","1,938.00",920.00,01_01_2022
SMFDB,60.76,"1,166.00","1,187.00","1,166.00","1,170.00","1,173.88","2,026.00","1,165.34","2,378,286.60",38,4.66,21.00,0.4,1.8,-0.33,"1,506.91","1,554.07","1,938.00",925.00,01_02_2022
SMFDB,40.83,"1,190.00","1,230.00","1,190.00","1,195.00","1,201.41","1,531.00","1,170.00","1,839,360.00",27,25.0,40.00,2.14,3.36,-0.54,"1,502.94","1,552.10","1,938.00",925.00,01_03_2022
SMFDB,41.52,"1,218.00","1,245.00","1,201.00","1,225.00","1,223.85","1,838.00","1,195.00","2,249,444.00",27,30.0,44.00,2.51,3.66,0.09,"1,499.49","1,550.35","1,938.00",938.00,01_04_2022
SMFDB,40.67,"1,249.00","1,249.00","1,194.70","1,194.70","1,205.37",368.00,"1,225.00","443,576.10",15,-30.3,54.3,-2.47,4.55,-0.89,"1,495.88","1,548.61","1,938.00",938.00,01_05_2022
SMFDB,38.05,"1,210.00","1,210.00","1,175.00","1,208.00","1,192.63","1,698.00","1,194.70","2,025,080.00",17,13.30,35.00,1.11,2.98,1.27,"1,492.50","1,546.77","1,938.00",950.00,01_06_2022
SMFDB,58.39,"1,210.00","1,210.00","1,175.00","1,208.00","1,192.63","1,698.00","1,194.70","2,025,080.00",17,13.30,35.00,1.11,2.98,1.27,"1,492.50","1,546.77","1,938.00",950.00,01_07_2022
SMFDB,58.39,"1,210.00","1,210.00","1,175.00","1,208.00","1,192.63","1,698.00","1,194.70","2,025,080.00",17,13.30,35.00,1.11,2.98,1.27,"1,492.50","1,546.77","1,938.00",950.00,01_08_2022
SMFDB,58.87,"1,232.00","1,232.00","1,210.00","1,219.00","1,217.35","2,289.00","1,208.00","2,786,524.00",31,11.0,22.00,0.91,1.82,0.14,"1,489.49","1,545.06","1,938.00","1,016.00",01_09_2022
SMFDB,61.02,"1,212.00","1,267.00","1,200.00","1,235.00","1,219.20","2,122.00","1,219.00","2,587,147.00",24,16.0,67.00,1.31,5.58,1.28,"1,486.20","1,543.26","1,938.00","1,016.00",01_10_2022
SMFDB,60.61,"1,230.00","1,310.00","1,230.00","1,300.00","1,278.76","3,740.00","1,235.00","4,782,554.00",53,65.0,80.00,5.26,6.5,1.63,"1,483.41","1,541.61","1,938.00","1,016.00",01_11_2022
SMFDB,67.25,"1,276.10","1,300.10","1,265.00","1,265.00","1,279.86","2,178.00","1,300.00","2,787,530.30",42,-35.0,35.10,-2.69,2.77,-1.17,"1,480.32","1,539.83","1,938.00","1,016.00",01_12_2022
SMFDB,63.61,"1,261.10","1,331.00","1,260.00","1,331.00","1,293.28","5,574.00","1,265.00","7,208,740.50",42,66.0,71.0,5.22,5.63,2.83,"1,477.53","1,538.52","1,938.00","1,020.00",01_13_2022
SMFDB,69.45,"1,261.10","1,331.00","1,260.00","1,331.00","1,293.28","5,574.00","1,265.00","7,208,740.50",42,66.0,71.0,5.22,5.63,2.83,"1,477.53","1,538.52","1,938.00","1,020.00",01_14_2022
SMFDB,69.45,"1,261.10","1,331.00","1,260.00","1,331.00","1,293.28","5,574.00","1,265.00","7,208,740.50",42,66.0,71.0,5.22,5.63,2.83,"1,477.53","1,538.52","1,938.00","1,020.00",01_15_2022
SMFDB,70.65,"1,357.00","1,384.00","1,336.00","1,336.00","1,361.81","1,379.00","1,331.00","1,877,931.00",25,5.0,48.0,0.38,3.59,-1.93,"1,474.91","1,537.39","1,938.00","1,034.00",01_16_2022
SMFDB,65.16,"1,350.00","1,362.00","1,284.00","1,300.00","1,303.95","2,605.00","1,336.00","3,396,799.00",37,-36.0,78.0,-2.69,6.07,-0.3,"1,471.88","1,536.18","1,938.00","1,034.00",01_17_2022
SMFDB,64.64,"1,300.00","1,301.50","1,296.00","1,296.00","1,299.80",295.00,"1,300.00","383,440.00",7,-4.0,5.5,-0.31,0.42,-0.29,"1,468.79","1,534.98","1,938.00","1,064.00",01_18_2022
SMFDB,63.11,"1,321.00","1,347.00","1,270.10","1,290.00","1,293.23","2,965.00","1,296.00","3,834,413.00",26,-6.0,76.9,-0.46,6.05,-0.25,"1,465.42","1,533.86","1,938.00","1,064.00",01_19_2022
SMFDB,53.71,"1,291.00","1,310.00","1,266.00","1,299.00","1,293.54","1,860.00","1,290.00","2,405,990.00",16,9.0,44.0,0.7,3.48,0.42,"1,461.74","1,532.75","1,938.00","1,064.00",01_20_2022
SMFDB,55.14,"1,291.00","1,310.00","1,266.00","1,299.00","1,293.54","1,860.00","1,290.00","2,405,990.00",16,9.0,44.0,0.7,3.48,0.42,"1,461.74","1,532.75","1,938.00","1,064.00",01_21_2022
SMFDB,55.14,"1,291.00","1,310.00","1,266.00","1,299.00","1,293.54","1,860.00","1,290.00","2,405,990.00",16,9.0,44.0,0.7,3.48,0.42,"1,461.74","1,532.75","1,938.00","1,064.00",01_22_2022
SMFDB,56.96,"1,324.90","1,345.00","1,291.10","1,291.10","1,302.70",978.00,"1,299.00","1,274,041.80",22,-7.9,53.90,-0.61,4.17,-0.9,"1,458.17","1,531.83","1,938.00","1,100.00",01_23_2022
SMFDB,58.46,"1,316.00","1,316.00","1,240.00","1,258.00","1,248.87","2,445.00","1,291.10","3,053,486.00",35,-33.1,76.0,-2.56,6.13,0.73,"1,454.74","1,530.96","1,938.00","1,100.00",01_24_2022
SMFDB,59.9,"1,233.10","1,257.00","1,208.40","1,218.00","1,230.40","2,729.00","1,258.00","3,357,752.00",32,-40.0,48.60,-3.18,4.02,-1.02,"1,450.76","1,529.10","1,938.00","1,100.00",01_25_2022
SMFDB,55.38,"1,197.00","1,217.00","1,177.00","1,204.00","1,192.23","4,888.00","1,218.00","5,827,600.40",75,-14.0,40.0,-1.15,3.4,0.98,"1,446.29","1,527.40","1,938.00","1,100.00",01_26_2022
SMFDB,53.96,"1,180.20","1,227.00","1,167.90","1,226.00","1,173.51","7,614.00","1,204.00","8,935,122.60",120,22.0,59.1,1.83,5.06,4.28,"1,441.93","1,525.72","1,938.00","1,100.00",01_27_2022
SMFDB,56.72,"1,180.20","1,227.00","1,167.90","1,226.00","1,173.51","7,614.00","1,204.00","8,935,122.60",120,22.0,59.1,1.83,5.06,4.28,"1,441.93","1,525.72","1,938.00","1,100.00",01_28_2022
SMFDB,56.72,"1,180.20","1,227.00","1,167.90","1,226.00","1,173.51","7,614.00","1,204.00","8,935,122.60",120,22.0,59.1,1.83,5.06,4.28,"1,441.93","1,525.72","1,938.00","1,100.00",01_29_2022
SMFDB,57.92,"1,241.00","1,289.00","1,241.00","1,280.00","1,271.71","4,600.00","1,226.00","5,849,887.00",71,54.0,48.0,4.4,3.87,0.65,"1,438.49","1,524.28","1,938.00","1,100.00",01_30_2022
SMFDB,56.4,"1,290.00","1,290.00","1,265.00","1,267.00","1,273.48","2,398.00","1,280.00","3,053,801.00",32,-13.0,25.0,-1.02,1.98,-0.51,"1,434.97","1,522.82","1,938.00","1,100.00",01_31_2022
SMFDB,63.6,"1,245.00","1,318.00","1,245.00","1,276.00","1,277.16","2,541.00","1,267.00","3,245,251.00",31,9.0,73.0,0.71,5.86,-0.09,"1,431.41","1,521.17","1,938.00","1,100.00",02_01_2022
SMFDB,62.73,"1,245.00","1,318.00","1,245.00","1,276.00","1,277.16","2,541.00","1,267.00","3,245,251.00",31,9.0,73.0,0.71,5.86,-0.09,"1,431.41","1,521.17","1,938.00","1,100.00",02_02_2022
SMFDB,62.67,"1,301.00","1,326.00","1,226.50","1,241.00","1,254.76","2,995.00","1,276.00","3,758,011.50",53,-35.0,99.5,-2.74,8.11,-1.11,"1,427.64","1,519.27","1,938.00","1,100.00",02_03_2022
SMFDB,54.58,"1,301.00","1,326.00","1,226.50","1,241.00","1,254.76","2,995.00","1,276.00","3,758,011.50",53,-35.0,99.5,-2.74,8.11,-1.11,"1,427.64","1,519.27","1,938.00","1,100.00",02_04_2022
SMFDB,54.58,"1,301.00","1,326.00","1,226.50","1,241.00","1,254.76","2,995.00","1,276.00","3,758,011.50",53,-35.0,99.5,-2.74,8.11,-1.11,"1,427.64","1,519.27","1,938.00","1,100.00",02_05_2022
SMFDB,54.43,"1,220.00","1,235.00","1,210.00","1,232.00","1,219.84",938.00,"1,241.00","1,144,210.00",25,-9.00,25.0,-0.73,2.07,0.99,"1,423.58","1,517.56","1,938.00","1,100.00",02_06_2022
SMFDB,40.58,"1,250.00","1,250.00","1,227.00","1,227.00","1,230.43",397.00,"1,232.00","488,480.50",9,-5.0,23.0,-0.41,1.87,-0.28,"1,419.07","1,515.95","1,938.00","1,100.00",02_07_2022
SMFDB,36.9,"1,250.00","1,250.00","1,200.00","1,203.00","1,212.74","1,998.00","1,227.00","2,423,061.00",49,-24.0,50.0,-1.96,4.17,-0.81,"1,414.74","1,514.13","1,938.00","1,100.00",02_08_2022
SMFDB,43.15,"1,200.00","1,225.80","1,170.00","1,212.80","1,184.69","2,428.00","1,203.00","2,876,432.00",48,9.8,55.8,0.81,4.77,2.32,"1,410.72","1,512.26","1,938.00","1,100.00",02_09_2022
SMFDB,52.84,"1,200.00","1,200.00","1,176.00","1,200.00","1,181.51","4,220.00","1,212.80","4,985,953.50",65,-12.8,24.0,-1.06,2.04,1.54,"1,406.88","1,510.35","1,938.00","1,100.00",02_10_2022
SMFDB,48.49,"1,200.00","1,200.00","1,176.00","1,200.00","1,181.51","4,220.00","1,212.80","4,985,953.50",65,-12.8,24.0,-1.06,2.04,1.54,"1,406.88","1,510.35","1,938.00","1,100.00",02_11_2022
SMFDB,48.49,"1,200.00","1,200.00","1,176.00","1,200.00","1,181.51","4,220.00","1,212.80","4,985,953.50",65,-12.8,24.0,-1.06,2.04,1.54,"1,406.88","1,510.35","1,938.00","1,100.00",02_12_2022
SMFDB,42.25,"1,178.00","1,180.00","1,147.00","1,155.20","1,162.56","1,537.00","1,155.00","1,786,853.00",30,0.2,33.0,0.02,2.88,-0.64,"1,398.84","1,505.83","1,938.00","1,100.00",02_14_2022
SMFDB,41.71,"1,155.00","1,200.00","1,155.00","1,200.00","1,173.75","1,055.00","1,155.20","1,238,309.50",21,44.8,45.0,3.88,3.9,2.19,"1,395.09","1,503.47","1,938.00","1,100.00",02_15_2022
SMFDB,47.86,"1,185.00","1,185.00","1,176.00","1,176.00","1,179.82",274.00,"1,200.00","323,270.00",8,-24.0,9.0,-2.0,0.77,-0.32,"1,391.39","1,500.20","1,938.00","1,100.00",02_16_2022
SMFDB,41.16,"1,176.00","1,195.00","1,172.00","1,195.00","1,186.96",81.00,"1,176.00","96,144.00",6,19.0,23.0,1.62,1.96,0.67,"1,387.44","1,496.75","1,938.00","1,100.00",02_17_2022
SMFDB,45.29,"1,176.00","1,195.00","1,172.00","1,195.00","1,186.96",81.00,"1,176.00","96,144.00",6,19.0,23.0,1.62,1.96,0.67,"1,387.44","1,496.75","1,938.00","1,100.00",02_18_2022
SMFDB,45.29,"1,176.00","1,195.00","1,172.00","1,195.00","1,186.96",81.00,"1,176.00","96,144.00",6,19.0,23.0,1.62,1.96,0.67,"1,387.44","1,496.75","1,938.00","1,100.00",02_19_2022
SMFDB,44.87,"1,171.10","1,175.00","1,165.00","1,166.00","1,169.95",405.00,"1,195.00","473,831.50",13,-29.0,10.0,-2.43,0.86,-0.34,"1,383.43","1,493.30","1,938.00","1,100.00",02_20_2022
SMFDB,42.84,"1,155.00","1,171.00","1,151.40","1,171.00","1,160.86",720.00,"1,166.00","835,818.50",12,5.0,19.6,0.43,1.7,0.87,"1,379.39","1,489.80","1,938.00","1,100.00",02_21_2022
SMFDB,43.25,"1,185.00","1,195.00","1,151.00","1,151.00","1,170.25","2,889.00","1,171.00","3,380,838.30",41,-20.0,44.0,-1.71,3.82,-1.67,"1,375.36","1,486.33","1,938.00","1,100.00",02_22_2022
SMFDB,47.65,"1,174.00","1,190.00","1,170.00","1,170.00","1,173.00",920.00,"1,151.00","1,079,160.00",17,19.0,20.0,1.65,1.71,-0.26,"1,371.15","1,482.63","1,938.00","1,100.00",02_23_2022
SMFDB,36.76,"1,150.10","1,152.10","1,150.00","1,150.00","1,150.64",775.00,"1,170.00","891,742.50",17,-20.0,2.1,-1.71,0.18,-0.06,"1,366.90","1,479.08","1,938.00","1,100.00",02_24_2022
SMFDB,38.8,"1,150.10","1,152.10","1,150.00","1,150.00","1,150.64",775.00,"1,170.00","891,742.50",17,-20.0,2.1,-1.71,0.18,-0.06,"1,366.90","1,479.08","1,938.00","1,100.00",02_25_2022
SMFDB,38.8,"1,150.10","1,152.10","1,150.00","1,150.00","1,150.64",775.00,"1,170.00","891,742.50",17,-20.0,2.1,-1.71,0.18,-0.06,"1,366.90","1,479.08","1,938.00","1,100.00",02_26_2022
SMFDB,38.45,"1,160.00","1,160.00","1,140.00","1,141.00","1,149.36",513.00,"1,150.00","589,623.70",8,-9.0,20.00,-0.78,1.75,-0.73,"1,362.91","1,475.62","1,938.00","1,100.00",02_27_2022
SMFDB,36.67,"1,163.80","1,187.00","1,122.20","1,135.00","1,126.41","1,635.00","1,141.00","1,841,680.00",32,-6.0,64.80,-0.53,5.77,0.76,"1,358.95","1,472.40","1,938.00","1,100.00",02_28_2022
SMFDB,46.44,"1,163.80","1,187.00","1,122.20","1,135.00","1,126.41","1,635.00","1,141.00","1,841,680.00",32,-6.0,64.80,-0.53,5.77,0.76,"1,358.95","1,472.40","1,938.00","1,100.00",03_01_2022
SMFDB,46.26,"1,113.40","1,113.40","1,089.00","1,106.00","1,096.35","1,134.00","1,135.00","1,243,255.30",30,-29.0,24.40,-2.56,2.24,0.87,"1,355.08","1,468.26","1,938.00","1,089.00",03_02_2022
SMFDB,39.28,"1,113.40","1,113.40","1,089.00","1,106.00","1,096.35","1,134.00","1,135.00","1,243,255.30",30,-29.0,24.40,-2.56,2.24,0.87,"1,355.08","1,468.26","1,938.00","1,089.00",03_03_2022
SMFDB,39.28,"1,113.40","1,113.40","1,089.00","1,106.00","1,096.35","1,134.00","1,135.00","1,243,255.30",30,-29.0,24.40,-2.56,2.24,0.87,"1,355.08","1,468.26","1,938.00","1,089.00",03_04_2022
SMFDB,39.28,"1,113.40","1,113.40","1,089.00","1,106.00","1,096.35","1,134.00","1,135.00","1,243,255.30",30,-29.0,24.40,-2.56,2.24,0.87,"1,355.08","1,468.26","1,938.00","1,089.00",03_05_2022
SMFDB,36.66,"1,095.00","1,100.00","1,083.00","1,085.00","1,087.90",805.00,"1,106.00","875,762.00",23,-21.0,17.0,-1.9,1.57,-0.27,"1,351.43","1,463.71","1,938.00","1,083.00",03_06_2022
SMFDB,37.67,"1,085.00","1,106.00","1,080.00","1,084.00","1,086.56",90.00,"1,085.00","97,790.00",5,-1.0,26.0,-0.09,2.41,-0.24,"1,347.78","1,459.38","1,938.00","1,080.00",03_07_2022
SMFDB,31.26,"1,085.00","1,106.00","1,080.00","1,084.00","1,086.56",90.00,"1,085.00","97,790.00",5,-1.0,26.0,-0.09,2.41,-0.24,"1,347.78","1,459.38","1,938.00","1,080.00",03_08_2022
SMFDB,30.81,"1,070.00","1,070.00","1,065.10","1,070.00","1,067.95",300.00,"1,084.00","320,386.00",10,-14.0,4.9,-1.29,0.46,0.19,"1,344.20","1,454.94","1,938.00","1,065.10",03_09_2022
SMFDB,31.40,"1,091.40","1,128.00","1,051.00","1,128.00","1,072.18","1,554.00","1,070.00","1,666,165.50",33,58.0,77.0,5.42,7.33,4.95,"1,341.43","1,450.82","1,938.00","1,051.00",03_10_2022
SMFDB,49.27,"1,091.40","1,128.00","1,051.00","1,128.00","1,072.18","1,554.00","1,070.00","1,666,165.50",33,58.0,77.0,5.42,7.33,4.95,"1,341.43","1,450.82","1,938.00","1,051.00",03_11_2022
SMFDB,49.27,"1,091.40","1,128.00","1,051.00","1,128.00","1,072.18","1,554.00","1,070.00","1,666,165.50",33,58.0,77.0,5.42,7.33,4.95,"1,341.43","1,450.82","1,938.00","1,051.00",03_12_2022
SMFDB,51.22,"1,150.50","1,165.00","1,123.10","1,145.00","1,140.13","1,320.00","1,128.00","1,504,975.00",27,17.00,41.90,1.51,3.73,0.43,"1,338.62","1,446.74","1,938.00","1,051.00",03_13_2022
SMFDB,52.38,"1,150.00","1,150.00","1,150.00","1,150.00","1,150.00",10.00,"1,145.00","11,500.00",1,5.0,0.0,0.44,0.0,0.0,"1,335.70","1,442.71","1,938.00","1,051.00",03_14_2022
SMFDB,45.79,"1,170.00","1,170.00","1,128.00","1,128.00","1,133.53",299.00,"1,150.00","338,926.00",14,-22.0,42.0,-1.91,3.72,-0.49,"1,332.56","1,438.84","1,938.00","1,051.00",03_15_2022
SMFDB,46.41,"1,134.40","1,134.40","1,107.00","1,107.00","1,115.10",310.00,"1,128.00","345,680.00",7,-21.0,27.4,-1.86,2.48,-0.73,"1,329.41","1,435.12","1,938.00","1,051.00",03_16_2022
SMFDB,35.51,"1,134.40","1,134.40","1,107.00","1,107.00","1,115.10",310.00,"1,128.00","345,680.00",7,-21.0,27.4,-1.86,2.48,-0.73,"1,329.41","1,435.12","1,938.00","1,051.00",03_17_2022
SMFDB,35.51,"1,134.40","1,134.40","1,107.00","1,107.00","1,115.10",310.00,"1,128.00","345,680.00",7,-21.0,27.4,-1.86,2.48,-0.73,"1,329.41","1,435.12","1,938.00","1,051.00",03_18_2022
SMFDB,35.51,"1,134.40","1,134.40","1,107.00","1,107.00","1,115.10",310.00,"1,128.00","345,680.00",7,-21.0,27.4,-1.86,2.48,-0.73,"1,329.41","1,435.12","1,938.00","1,051.00",03_19_2022
SMFDB,37.79,"1,129.10","1,151.60","1,109.00","1,124.00","1,126.37",871.00,"1,107.00","981,072.00",17,17.0,42.6,1.54,3.84,-0.21,"1,325.91","1,431.56","1,938.00","1,051.00",03_20_2022
SMFDB,39.18,"1,128.00","1,130.00","1,128.00","1,129.50","1,128.93",70.00,"1,124.00","79,025.00",4,5.50,2.0,0.49,0.18,0.05,"1,322.49","1,428.14","1,938.00","1,051.00",03_21_2022
SMFDB,39.6,"1,150.00","1,150.00","1,135.00","1,148.00","1,136.45",335.00,"1,129.50","380,711.00",11,18.5,15.0,1.64,1.32,1.01,"1,319.31","1,424.74","1,938.00","1,051.00",03_22_2022
SMFDB,51.78,"1,170.00","1,170.00","1,121.00","1,121.00","1,148.25",555.00,"1,148.00","637,276.00",26,-27.0,49.0,-2.35,4.37,-2.43,"1,315.96","1,421.20","1,938.00","1,051.00",03_23_2022
SMFDB,53.25,"1,142.00","1,142.00","1,112.30","1,125.00","1,118.64",110.00,"1,121.00","123,050.00",6,4.0,29.7,0.36,2.67,0.57,"1,313.34","1,417.91","1,938.00","1,051.00",03_24_2022
SMFDB,53.25,"1,142.00","1,142.00","1,112.30","1,125.00","1,118.64",110.00,"1,121.00","123,050.00",6,4.0,29.7,0.36,2.67,0.57,"1,313.34","1,417.91","1,938.00","1,051.00",03_24_2022
SMFDB,53.25,"1,142.00","1,142.00","1,112.30","1,125.00","1,118.64",110.00,"1,121.00","123,050.00",6,4.0,29.7,0.36,2.67,0.57,"1,313.34","1,417.91","1,938.00","1,051.00",03_24_2022
SMFDB,53.25,"1,142.00","1,142.00","1,112.30","1,125.00","1,118.64",110.00,"1,121.00","123,050.00",6,4.0,29.7,0.36,2.67,0.57,"1,313.34","1,417.91","1,938.00","1,051.00",03_24_2022
SMFDB,42.26,"1,142.00","1,142.00","1,112.30","1,125.00","1,118.64",110.00,"1,121.00","123,050.00",6,4.0,29.7,0.36,2.67,0.57,"1,313.34","1,417.91","1,938.00","1,051.00",03_25_2022
SMFDB,42.26,"1,142.00","1,142.00","1,112.30","1,125.00","1,118.64",110.00,"1,121.00","123,050.00",6,4.0,29.7,0.36,2.67,0.57,"1,313.34","1,417.91","1,938.00","1,051.00",03_26_2022
SMFDB,41.61,"1,135.00","1,135.00","1,078.00","1,078.00","1,089.52","1,341.00","1,125.00","1,461,048.90",33,-47.0,57.00,-4.18,5.29,-1.07,"1,310.74","1,414.84","1,938.00","1,051.00",03_27_2022
SMFDB,38.69,"1,061.50","1,077.00","1,060.00","1,076.00","1,063.54",270.00,"1,078.00","287,155.00",9,-2.0,17.0,-0.19,1.6,1.16,"1,308.04","1,411.60","1,938.00","1,051.00",03_28_2022
SMFDB,32.1,"1,097.00","1,097.00","1,055.60","1,077.00","1,066.25",745.00,"1,076.00","794,357.00",18,1.0,41.4,0.09,3.92,1.0,"1,305.22","1,408.63","1,938.00","1,051.00",03_29_2022
SMFDB,41.15,"1,090.00","1,111.80","1,080.00","1,108.00","1,088.98",527.00,"1,077.00","573,892.00",12,31.0,31.8,2.88,2.94,1.72,"1,302.79","1,405.93","1,938.00","1,051.00",03_30_2022
SMFDB,40.91,"1,090.00","1,109.00","1,069.00","1,107.00","1,085.59","1,194.00","1,108.00","1,296,190.00",16,-1.0,40.0,-0.09,3.74,1.93,"1,300.51","1,403.19","1,938.00","1,051.00",03_31_2022
SMFDB,55.77,"1,090.00","1,109.00","1,069.00","1,107.00","1,085.59","1,194.00","1,108.00","1,296,190.00",16,-1.0,40.0,-0.09,3.74,1.93,"1,300.51","1,403.19","1,938.00","1,051.00",04_01_2022
SMFDB,55.77,"1,090.00","1,109.00","1,069.00","1,107.00","1,085.59","1,194.00","1,108.00","1,296,190.00",16,-1.0,40.0,-0.09,3.74,1.93,"1,300.51","1,403.19","1,938.00","1,051.00",04_02_2022
SMFDB,54.07,"1,085.00","1,085.00","1,064.00","1,064.00","1,076.89",823.00,"1,107.00","886,283.20",18,-43.0,21.0,-3.88,1.97,-1.21,"1,298.13","1,399.92","1,938.00","1,051.00",04_03_2022
SMFDB,43.98,"1,085.00","1,085.20","1,043.40","1,045.00","1,061.70","1,185.00","1,064.00","1,258,120.00",21,-19.0,41.8,-1.79,4.01,-1.6,"1,295.92","1,396.43","1,938.00","1,043.40",04_04_2022
SMFDB,41.20,"1,025.10","1,027.00","1,000.00","1,007.00","1,011.12","1,775.00","1,045.00","1,794,730.00",34,-38.0,27.00,-3.64,2.7,-0.41,"1,293.18","1,392.92","1,938.00","1,000.00",04_05_2022
SMFDB,37.37,987.00,987.00,980.00,987.00,986.87,"1,421.00","1,007.00","1,402,349.00",22,-20.0,7.0,-1.99,0.71,0.01,"1,290.57","1,389.37","1,938.00",980.00,04_06_2022
SMFDB,36.09,985.00,"1,020.00",980.00,980.00,"1,000.95","2,235.00",987.00,"2,237,123.00",34,-7.0,40.0,-0.71,4.08,-2.14,"1,288.23","1,385.84","1,938.00",980.00,04_07_2022
SMFDB,39.56,985.00,"1,020.00",980.00,980.00,"1,000.95","2,235.00",987.00,"2,237,123.00",34,-7.0,40.0,-0.71,4.08,-2.14,"1,288.23","1,385.84","1,938.00",980.00,04_08_2022
SMFDB,39.56,985.00,"1,020.00",980.00,980.00,"1,000.95","2,235.00",987.00,"2,237,123.00",34,-7.0,40.0,-0.71,4.08,-2.14,"1,288.23","1,385.84","1,938.00",980.00,04_09_2022
SMFDB,39.56,985.00,"1,020.00",980.00,980.00,"1,000.95","2,235.00",987.00,"2,237,123.00",34,-7.0,40.0,-0.71,4.08,-2.14,"1,288.23","1,385.84","1,938.00",980.00,04_10_2022
SMFDB,39.22,999.00,"1,000.00",985.00,985.00,991.29,736.00,980.00,"729,590.00",15,5.0,15.0,0.51,1.52,-0.64,"1,285.61","1,382.54","1,938.00",980.00,04_11_2022
SMFDB,36.62,980.00,989.00,970.00,980.00,982.88,"1,000.00",985.00,"982,878.00",17,-5.0,19.0,-0.51,1.96,-0.29,"1,282.11","1,378.93","1,938.00",970.00,04_12_2022
SMFDB,40.87,970.00,"1,004.70",970.00,"1,004.70",987.54,"1,460.00",980.00,"1,441,815.00",24,24.70,34.7,2.52,3.58,1.71,"1,277.77","1,375.42","1,938.00",970.00,04_13_2022
SMFDB,48.48,970.00,"1,004.70",970.00,"1,004.70",987.54,"1,460.00",980.00,"1,441,815.00",24,24.70,34.7,2.52,3.58,1.71,"1,277.77","1,375.42","1,938.00",970.00,04_14_2022
SMFDB,48.48,970.00,"1,004.70",970.00,"1,004.70",987.54,"1,460.00",980.00,"1,441,815.00",24,24.70,34.7,2.52,3.58,1.71,"1,277.77","1,375.42","1,938.00",970.00,04_15_2022
SMFDB,48.48,970.00,"1,004.70",970.00,"1,004.70",987.54,"1,460.00",980.00,"1,441,815.00",24,24.70,34.7,2.52,3.58,1.71,"1,277.77","1,375.42","1,938.00",970.00,04_16_2022
SMFDB,51.06,"1,024.70","1,024.70","1,010.00","1,010.00","1,011.12",875.00,"1,004.70","884,731.00",15,5.30,14.7,0.53,1.46,-0.11,"1,273.89","1,371.95","1,938.00",970.00,04_17_2022
SMFDB,48.89,995.00,995.00,995.00,995.00,995.00,146.00,"1,010.00","145,270.00",3,-15.0,0.00,-1.49,0.0,0.0,"1,270.10","1,368.22","1,938.00",970.00,04_18_2022
SMFDB,38.87,982.00,"1,010.00",980.00,"1,010.00",992.83,740.00,995.00,"734,696.00",13,15.0,30.0,1.51,3.06,1.7,"1,266.59","1,364.66","1,938.00",970.00,04_19_2022
SMFDB,45.2,992.10,992.10,975.00,975.00,987.67,535.00,"1,010.00","528,405.00",11,-35.0,17.1,-3.47,1.75,-1.3,"1,263.22","1,360.84","1,938.00",970.00,04_20_2022
SMFDB,35.36,975.00,"1,049.00",975.00,"1,049.00",991.66,"1,165.00",975.00,"1,155,284.00",19,74.0,74.00,7.59,7.59,5.47,"1,261.21","1,357.41","1,938.00",970.00,04_21_2022
SMFDB,47.77,975.00,"1,049.00",975.00,"1,049.00",991.66,"1,165.00",975.00,"1,155,284.00",19,74.0,74.00,7.59,7.59,5.47,"1,261.21","1,357.41","1,938.00",970.00,04_22_2022
SMFDB,47.77,975.00,"1,049.00",975.00,"1,049.00",991.66,"1,165.00",975.00,"1,155,284.00",19,74.0,74.00,7.59,7.59,5.47,"1,261.21","1,357.41","1,938.00",970.00,04_23_2022
SMFDB,48.29,"1,050.00","1,142.00","1,040.00","1,127.90","1,060.86","2,018.00","1,049.00","2,140,819.30",39,78.90,102.00,7.52,9.81,5.94,"1,259.40","1,354.26","1,938.00",970.00,04_24_2022
SMFDB,48.67,"1,110.00","1,149.00","1,098.00","1,110.00","1,126.08",480.00,"1,127.90","540,519.00",16,-17.9,51.0,-1.59,4.64,-1.45,"1,257.36","1,350.76","1,938.00",970.00,04_25_2022
SMFDB,43.48,"1,125.00","1,125.00","1,035.00","1,075.00","1,067.31","1,350.00","1,110.00","1,440,862.00",29,-35.0,90.0,-3.15,8.7,0.72,"1,255.08","1,347.17","1,938.00",970.00,04_26_2022
SMFDB,48.51,"1,053.50","1,081.00","1,032.50","1,081.00","1,047.97",90.00,"1,075.00","94,317.00",6,6.0,48.5,0.56,4.7,3.06,"1,252.38","1,343.90","1,938.00",970.00,04_27_2022
SMFDB,40.63,"1,102.00","1,102.00",998.00,"1,049.90","1,018.16","1,297.00","1,081.00","1,320,549.50",38,-31.1,104.0,-2.88,10.42,3.02,"1,248.86","1,340.32","1,938.00",970.00,04_28_2022
SMFDB,29.97,"1,102.00","1,102.00",998.00,"1,049.90","1,018.16","1,297.00","1,081.00","1,320,549.50",38,-31.1,104.0,-2.88,10.42,3.02,"1,248.86","1,340.32","1,938.00",970.00,04_29_2022
SMFDB,29.97,"1,102.00","1,102.00",998.00,"1,049.90","1,018.16","1,297.00","1,081.00","1,320,549.50",38,-31.1,104.0,-2.88,10.42,3.02,"1,248.86","1,340.32","1,938.00",970.00,04_30_2022
SMFDB,29.97,"1,102.00","1,102.00",998.00,"1,049.90","1,018.16","1,297.00","1,081.00","1,320,549.50",38,-31.1,104.0,-2.88,10.42,3.02,"1,248.86","1,340.32","1,938.00",970.00,05_01_2022
SMFDB,31.37,"1,029.10","1,029.10","1,009.00","1,029.00","1,017.12",74.00,"1,049.90","75,267.00",6,-20.9,20.1,-1.99,1.99,1.15,"1,245.17","1,336.37","1,938.00",970.00,05_02_2022
SMFDB,23.11,"1,029.10","1,029.10","1,009.00","1,029.00","1,017.12",74.00,"1,049.90","75,267.00",6,-20.9,20.1,-1.99,1.99,1.15,"1,245.17","1,336.37","1,938.00",970.00,05_03_2022
SMFDB,22.2,"1,025.00","1,025.00","1,004.00","1,004.00","1,012.45",285.00,"1,029.00","288,548.40",7,-25.0,21.0,-2.43,2.09,-0.84,"1,241.12","1,332.22","1,938.00",970.00,05_04_2022
SMFDB,24.2,995.00,995.00,977.00,985.00,985.76,500.00,"1,004.00","492,881.00",15,-19.0,18.0,-1.89,1.84,-0.08,"1,236.17","1,328.30","1,938.00",970.00,05_05_2022
SMFDB,25.01,995.00,995.00,977.00,985.00,985.76,500.00,"1,004.00","492,881.00",15,-19.0,18.0,-1.89,1.84,-0.08,"1,236.17","1,328.30","1,938.00",970.00,05_06_2022
SMFDB,25.01,995.00,995.00,977.00,985.00,985.76,500.00,"1,004.00","492,881.00",15,-19.0,18.0,-1.89,1.84,-0.08,"1,236.17","1,328.30","1,938.00",970.00,05_07_2022
SMFDB,25.01,970.00,"1,003.60",965.00,"1,003.60",974.84,747.00,985.00,"728,204.50",17,18.6,38.60,1.89,4.0,2.87,"1,231.70","1,324.48","1,938.00",965.00,05_08_2022
SMFDB,28.24,"1,023.00","1,042.00","1,020.00","1,020.00","1,021.12",124.00,"1,003.60","126,619.00",6,16.4,22.0,1.63,2.16,-0.11,"1,227.28","1,320.69","1,938.00",965.00,05_09_2022
SMFDB,21.19,"1,025.00","1,025.00","1,005.00","1,005.00","1,015.00",400.00,"1,020.00","406,000.00",3,-15.0,20.0,-1.47,1.99,-1.0,"1,222.95","1,316.87","1,938.00",965.00,05_10_2022
SMFDB,30.69,"1,025.00","1,055.00","1,024.90","1,024.90","1,028.91",157.00,"1,005.00","161,539.00",8,19.9,30.1,1.98,2.94,-0.39,"1,218.82","1,313.00","1,938.00",965.00,05_11_2022
SMFDB,40.86,"1,005.20","1,010.00",995.00,995.00,"1,002.95","1,275.00","1,024.90","1,278,763.00",22,-29.9,15.0,-2.92,1.51,-0.8,"1,214.87","1,308.71","1,938.00",965.00,05_12_2022
SMFDB,30.89,"1,005.20","1,010.00",995.00,995.00,"1,002.95","1,275.00","1,024.90","1,278,763.00",22,-29.9,15.0,-2.92,1.51,-0.8,"1,214.87","1,308.71","1,938.00",965.00,05_13_2022
SMFDB,30.89,"1,005.20","1,010.00",995.00,995.00,"1,002.95","1,275.00","1,024.90","1,278,763.00",22,-29.9,15.0,-2.92,1.51,-0.8,"1,214.87","1,308.71","1,938.00",965.00,05_14_2022
SMFDB,30.89,"1,005.20","1,010.00",995.00,995.00,"1,002.95","1,275.00","1,024.90","1,278,763.00",22,-29.9,15.0,-2.92,1.51,-0.8,"1,214.87","1,308.71","1,938.00",965.00,05_15_2022
SMFDB,30.89,"1,005.20","1,010.00",995.00,995.00,"1,002.95","1,275.00","1,024.90","1,278,763.00",22,-29.9,15.0,-2.92,1.51,-0.8,"1,214.87","1,308.71","1,938.00",965.00,05_16_2022
SMFDB,32.24,"1,014.90","1,014.90",975.00,975.00,988.07,"1,094.00",995.00,"1,080,950.00",13,-20.00,39.9,-2.01,4.09,-1.34,"1,210.70","1,304.55","1,938.00",965.00,05_17_2022
SMFDB,33.09,975.00,975.00,975.00,975.00,975.00,220.00,975.00,"214,500.00",5,0.0,0.0,0.0,0.0,0.0,"1,206.91","1,300.55","1,938.00",965.00,05_18_2022
SMFDB,27.37,961.00,970.00,960.00,970.00,961.36,429.00,975.00,"412,424.00",14,-5.0,10.0,-0.51,1.04,0.89,"1,202.96","1,296.72","1,938.00",960.00,05_19_2022
SMFDB,28.72,989.00,989.00,969.30,970.00,977.32,185.00,970.00,"180,805.00",4,0.0,19.7,0.0,2.03,-0.76,"1,198.92","1,293.06","1,938.00",960.00,05_20_2022
SMFDB,26.41,989.00,989.00,969.30,970.00,977.32,185.00,970.00,"180,805.00",4,0.0,19.7,0.0,2.03,-0.76,"1,198.92","1,293.06","1,938.00",960.00,05_21_2022
SMFDB,26.41,989.00,989.00,969.30,970.00,977.32,185.00,970.00,"180,805.00",4,0.0,19.7,0.0,2.03,-0.76,"1,198.92","1,293.06","1,938.00",960.00,05_22_2022
SMFDB,26.16,960.00,988.80,958.00,988.80,960.38,550.00,970.00,"528,208.00",8,18.8,30.8,1.94,3.22,2.87,"1,195.03","1,289.40","1,938.00",958.00,05_23_2022
SMFDB,45.8,995.00,995.00,990.00,990.00,992.79,340.00,988.80,"337,550.00",4,1.2,5.00,0.12,0.51,-0.28,"1,191.35","1,285.74","1,938.00",958.00,05_24_2022
SMFDB,44.48,991.00,991.00,972.00,972.00,983.40,25.00,990.00,"24,585.00",2,-18.0,19.0,-1.82,1.95,-1.17,"1,187.64","1,282.14","1,938.00",958.00,05_25_2022
SMFDB,34.85,991.40,991.40,973.00,976.00,980.63,320.00,972.00,"313,800.00",5,4.0,18.4,0.41,1.89,-0.47,"1,183.98","1,278.29","1,938.00",958.00,05_26_2022
SMFDB,40.34,960.00,961.00,960.00,961.00,960.20,250.00,976.00,"240,050.00",5,-15.0,1.0,-1.54,0.1,0.08,"1,179.98","1,274.48","1,938.00",958.00,05_27_2022
SMFDB,34.68,960.00,961.00,960.00,961.00,960.20,250.00,976.00,"240,050.00",5,-15.0,1.0,-1.54,0.1,0.08,"1,179.98","1,274.48","1,938.00",958.00,05_28_2022
SMFDB,34.68,960.00,961.00,960.00,961.00,960.20,250.00,976.00,"240,050.00",5,-15.0,1.0,-1.54,0.1,0.08,"1,179.98","1,274.48","1,938.00",958.00,05_29_2022
SMFDB,34.15,952.00,952.00,942.00,942.00,946.46,466.00,961.00,"441,049.00",13,-19.0,10.0,-1.98,1.06,-0.47,"1,176.06","1,270.51","1,938.00",942.00,05_30_2022
SMFDB,33.77,940.00,940.00,940.00,940.00,940.00,10.00,942.00,"9,400.00",1,-2.0,0.0,-0.21,0.0,0.0,"1,172.33","1,266.65","1,938.00",940.00,05_31_2022
SMFDB,28.6,935.00,935.00,935.00,935.00,935.00,190.00,940.00,"177,650.00",3,-5.0,0.0,-0.53,0.0,0.0,"1,168.79","1,262.54","1,938.00",935.00,06_01_2022
SMFDB,31.83,925.00,925.00,922.00,922.00,924.55,396.00,935.00,"366,120.00",8,-13.0,3.0,-1.39,0.33,-0.28,"1,165.27","1,258.44","1,938.00",922.00,06_02_2022
SMFDB,35.84,905.00,910.00,901.00,910.00,903.09,275.00,922.00,"248,350.00",7,-12.0,9.0,-1.3,1.0,0.76,"1,161.02","1,254.50","1,938.00",901.00,06_03_2022
SMFDB,33.23,905.00,910.00,901.00,910.00,903.09,275.00,922.00,"248,350.00",7,-12.0,9.0,-1.3,1.0,0.76,"1,161.02","1,254.50","1,938.00",901.00,06_04_2022
SMFDB,33.23,905.00,910.00,901.00,910.00,903.09,275.00,922.00,"248,350.00",7,-12.0,9.0,-1.3,1.0,0.76,"1,161.02","1,254.50","1,938.00",901.00,06_05_2022
SMFDB,32.81,892.10,900.00,892.10,900.00,895.12,525.00,910.00,"469,936.50",8,-10.0,7.9,-1.1,0.89,0.54,"1,156.72","1,250.55","1,900.00",892.10,06_06_2022
SMFDB,33.37,882.10,899.00,850.00,899.00,877.04,958.00,900.00,"840,208.10",14,-1.0,49.0,-0.11,5.76,2.44,"1,152.62","1,246.82","1,900.00",850.00,06_07_2022
SMFDB,36.93,910.00,979.20,905.00,974.00,912.29,"1,295.00",899.00,"1,181,412.00",22,75.0,74.20,8.34,8.2,6.34,"1,149.17","1,243.77","1,900.00",850.00,06_08_2022
SMFDB,51.86,954.60,985.00,921.20,925.00,951.33,220.00,974.00,"209,292.00",16,-49.0,63.8,-5.03,6.93,-2.85,"1,144.87","1,240.46","1,900.00",850.00,06_09_2022
SMFDB,43.68,935.00,935.00,924.00,924.00,927.83,60.00,925.00,"55,670.00",5,-1.0,11.0,-0.11,1.19,-0.41,"1,140.83","1,237.26","1,900.00",850.00,06_10_2022
SMFDB,41.46,935.00,935.00,924.00,924.00,927.83,60.00,925.00,"55,670.00",5,-1.0,11.0,-0.11,1.19,-0.41,"1,140.83","1,237.26","1,900.00",850.00,06_11_2022
SMFDB,41.46,935.00,935.00,924.00,924.00,927.83,60.00,925.00,"55,670.00",5,-1.0,11.0,-0.11,1.19,-0.41,"1,140.83","1,237.26","1,900.00",850.00,06_12_2022
SMFDB,41.19,910.00,910.00,910.00,910.00,910.00,10.00,924.00,"9,100.00",1,-14.0,0.0,-1.52,0.0,0.0,"1,136.98","1,234.20","1,850.00",850.00,06_13_2022
SMFDB,38.59,892.00,892.00,892.00,892.00,892.00,94.00,910.00,"83,848.00",4,-18.0,0.0,-1.98,0.0,0.0,"1,132.87","1,230.92","1,850.00",850.00,06_14_2022
SMFDB,20.89,875.00,875.00,858.00,875.00,867.21,235.00,892.00,"203,795.00",4,-17.0,17.00,-1.91,1.98,0.89,"1,128.85","1,227.45","1,850.00",850.00,06_15_2022
SMFDB,30.64,892.50,892.50,859.00,859.00,869.22,60.00,875.00,"52,153.00",6,-16.0,33.5,-1.83,3.9,-1.19,"1,125.05","1,223.86","1,850.00",850.00,06_16_2022
SMFDB,22.78,842.00,842.00,825.00,825.00,830.10,224.00,859.00,"185,942.00",5,-34.0,17.00,-3.96,2.06,-0.62,"1,120.10","1,220.19","1,799.40",825.00,06_19_2022
SMFDB,27.37,809.00,815.00,796.00,811.00,799.70,"2,484.00",825.00,"1,986,462.50",30,-14.0,19.00,-1.7,2.39,1.39,"1,115.21","1,216.12","1,799.40",796.00,06_20_2022
SMFDB,35.25,805.00,821.00,795.00,812.00,818.46,"1,220.00",811.00,"998,521.00",13,1.0,26.00,0.12,3.27,-0.8,"1,110.56","1,212.07","1,799.40",795.00,06_21_2022
SMFDB,38.25,804.20,804.20,800.00,804.00,803.12,393.00,812.00,"315,624.80",11,-8.0,4.2,-0.99,0.53,0.11,"1,106.09","1,208.05","1,799.40",795.00,06_22_2022
SMFDB,31.09,788.00,788.00,773.00,784.00,777.14,100.00,804.00,"77,714.00",5,-20.0,15.0,-2.49,1.94,0.88,"1,101.26","1,203.94","1,799.40",773.00,06_23_2022
SMFDB,55.21,856.00,884.00,846.00,862.00,862.97,"1,661.00",862.60,"1,433,385.00",35,-0.6,38.0,-0.07,4.49,-0.11,"1,059.53","1,174.63","1,799.40",770.00,07_05_2022
SMFDB,40.11,860.00,860.00,846.00,860.00,855.88,813.00,862.00,"695,830.00",10,-2.0,14.0,-0.23,1.65,0.48,"1,056.63","1,172.40","1,799.40",770.00,07_06_2022
SMFDB,37.53,848.00,875.00,815.00,815.30,838.99,"2,885.00",860.00,"2,420,476.70",40,-44.7,60.0,-5.2,7.36,-2.91,"1,053.27","1,169.71","1,799.40",770.00,07_07_2022
SMFDB,35.73,824.90,831.00,799.10,799.10,813.41,"1,717.00",815.30,"1,396,625.50",30,-16.2,31.9,-1.99,3.99,-1.79,"1,049.63","1,166.37","1,799.40",770.00,07_08_2022
SMFDB,33.67,824.90,831.00,799.10,799.10,813.41,"1,717.00",815.30,"1,396,625.50",30,-16.2,31.9,-1.99,3.99,-1.79,"1,049.63","1,166.37","1,799.40",770.00,07_09_2022
SMFDB,33.67,824.90,831.00,799.10,799.10,813.41,"1,717.00",815.30,"1,396,625.50",30,-16.2,31.9,-1.99,3.99,-1.79,"1,049.63","1,166.37","1,799.40",770.00,07_10_2022
SMFDB,31.46,790.40,791.00,765.00,780.00,775.44,"2,690.00",799.10,"2,085,926.50",51,-19.1,26.0,-2.39,3.4,0.58,"1,045.30","1,162.23","1,799.40",765.00,07_11_2022
SMFDB,33.16,795.60,795.60,792.10,792.10,793.27,300.00,780.00,"237,980.00",5,12.1,3.5,1.55,0.44,-0.15,"1,041.36","1,158.43","1,799.40",765.00,07_12_2022
SMFDB,24.37,800.00,810.00,790.00,810.00,800.10,"3,090.00",792.10,"2,472,295.50",37,17.9,20.0,2.26,2.53,1.22,"1,037.02","1,154.88","1,799.40",765.00,07_13_2022
SMFDB,-,820.00,835.00,784.00,785.00,796.18,"2,645.00",810.00,"2,105,906.40",54,-25.0,51.00,-3.09,6.51,-1.42,"1,032.43","1,151.29","1,799.40",765.00,07_14_2022
SMFDB,38.11,790.00,821.10,790.00,821.00,815.53,"1,110.00",785.00,"905,238.00",22,36.0,31.1,4.59,3.94,0.67,"1,028.43","1,148.18","1,799.40",765.00,07_15_2022
SMFDB,45.8,790.00,821.10,790.00,821.00,815.53,"1,110.00",785.00,"905,238.00",22,36.0,31.1,4.59,3.94,0.67,"1,028.43","1,148.18","1,799.40",765.00,07_16_2022
SMFDB,43.03,834.90,845.00,815.10,836.00,826.60,"2,243.00",821.00,"1,854,064.00",29,15.0,29.9,1.83,3.67,1.12,"1,024.60","1,145.66","1,799.40",765.00,07_17_2022
SMFDB,45.78,840.00,840.00,820.00,834.00,831.57,"1,370.00",836.00,"1,139,253.00",25,-2.00,20.0,-0.24,2.44,0.29,"1,020.80","1,142.82","1,799.40",765.00,07_18_2022
SMFDB,38.61,849.00,867.00,849.00,859.90,859.55,"1,789.00",834.00,"1,537,731.30",39,25.9,18.0,3.11,2.12,0.04,"1,017.14","1,140.07","1,799.40",765.00,07_19_2022
SMFDB,44.54,859.00,880.00,843.00,865.00,869.52,"1,870.00",859.90,"1,625,999.00",27,5.1,37.0,0.59,4.39,-0.52,"1,013.59","1,137.38","1,799.40",765.00,07_20_2022
SMFDB,47.96,875.00,879.00,858.00,860.00,865.43,"1,671.00",865.00,"1,446,127.00",35,-5.0,21.0,-0.58,2.45,-0.63,"1,010.27","1,134.36","1,799.40",765.00,07_21_2022
SMFDB,42.9,860.00,860.00,826.00,844.00,835.49,"1,120.00",860.00,"935,752.00",15,-16.0,34.0,-1.86,4.12,1.01,"1,007.16","1,130.87","1,799.40",765.00,07_22_2022
SMFDB,36.91,860.00,860.00,826.00,844.00,835.49,"1,120.00",860.00,"935,752.00",15,-16.0,34.0,-1.86,4.12,1.01,"1,007.16","1,130.87","1,799.40",765.00,07_23_2022
SMFDB,34.11,848.00,885.00,827.20,884.00,847.83,"3,338.00",844.00,"2,830,040.60",33,40.0,57.8,4.74,6.99,4.09,"1,004.49","1,127.60","1,799.40",765.00,07_24_2022
SMFDB,43.31,901.60,920.00,884.00,920.00,906.70,"5,153.00",884.00,"4,672,231.70",71,36.0,36.0,4.07,4.07,1.45,"1,001.94","1,124.44","1,799.40",765.00,07_25_2022
SMFDB,55.49,905.00,924.00,887.00,898.00,899.47,"3,320.00",920.00,"2,986,250.50",48,-22.0,37.0,-2.39,4.17,-0.16,998.76,"1,120.65","1,799.40",765.00,07_26_2022
SMFDB,51.03,880.10,965.00,875.00,965.00,914.36,"4,790.00",898.00,"4,379,772.70",63,67.0,90.0,7.46,10.29,5.25,996.24,"1,117.45","1,799.40",765.00,07_27_2022
SMFDB,57.08,984.00,990.00,940.00,940.00,966.29,"10,053.00",965.00,"9,714,121.90",132,-25.0,50.00,-2.59,5.32,-2.8,993.44,"1,114.07","1,799.40",765.00,07_28_2022
SMFDB,56.38,957.00,975.00,931.00,960.00,951.97,"1,867.00",940.00,"1,777,333.00",25,20.0,44.00,2.13,4.73,0.84,991.10,"1,110.93","1,799.40",765.00,07_29_2022
SMFDB,43.6,957.00,975.00,931.00,960.00,951.97,"1,867.00",940.00,"1,777,333.00",25,20.0,44.00,2.13,4.73,0.84,991.10,"1,110.93","1,799.40",765.00,07_30_2022
SMFDB,41.17,975.00,975.00,952.60,971.00,961.82,"1,526.00",960.00,"1,467,736.00",30,11.0,22.4,1.15,2.35,0.95,988.92,"1,107.88","1,799.40",765.00,07_31_2022
SMFDB,47.52,965.00,971.00,935.00,965.00,948.63,"2,069.00",971.00,"1,962,709.00",42,-6.0,36.0,-0.62,3.85,1.7,986.74,"1,105.08","1,799.40",765.00,08_01_2022
SMFDB,43.1,950.00,972.00,941.00,972.00,954.06,"2,871.00",965.00,"2,739,103.00",43,7.0,31.0,0.73,3.29,1.85,984.82,"1,102.28","1,799.40",765.00,08_02_2022
SMFDB,45.25,952.60,966.00,935.00,963.00,955.86,"2,896.00",972.00,"2,768,177.50",52,-9.0,31.0,-0.93,3.32,0.74,982.73,"1,099.69","1,799.40",765.00,08_03_2022
SMFDB,42.95,950.00,959.00,936.00,937.10,943.31,"1,983.00",963.00,"1,870,579.00",33,-25.9,23.0,-2.69,2.46,-0.66,980.54,"1,096.87","1,795.00",765.00,08_04_2022
SMFDB,36.92,918.40,946.00,913.10,927.00,932.97,"1,998.00",937.10,"1,864,073.60",38,-10.1,32.9,-1.08,3.6,-0.64,978.64,"1,093.94","1,766.00",765.00,08_05_2022
SMFDB,34.13,918.40,946.00,913.10,927.00,932.97,"1,998.00",937.10,"1,864,073.60",38,-10.1,32.9,-1.08,3.6,-0.64,978.64,"1,093.94","1,766.00",765.00,08_06_2022
SMFDB,30.85,920.00,943.90,918.00,920.00,924.89,"2,560.00",927.00,"2,367,708.30",26,-7.0,25.9,-0.76,2.82,-0.53,976.68,"1,090.97","1,766.00",765.00,08_07_2022
SMFDB,33.35,938.00,938.00,910.00,922.00,926.70,"2,218.00",920.00,"2,055,416.90",32,2.00,28.00,0.22,3.08,-0.51,974.37,"1,088.13","1,766.00",765.00,08_08_2022
SMFDB,34.97,904.10,921.00,888.00,918.00,901.11,"1,496.00",922.00,"1,348,068.00",37,-4.0,33.0,-0.43,3.72,1.84,972.22,"1,085.36","1,766.00",765.00,08_09_2022
SMFDB,32.03,900.00,907.80,890.00,895.00,896.59,"1,135.00",918.00,"1,017,634.80",26,-23.0,17.80,-2.51,2.0,-0.18,969.72,"1,082.47","1,766.00",765.00,08_10_2022
SMFDB,29.09,895.00,910.00,880.00,881.00,889.87,"3,040.00",895.00,"2,705,191.00",23,-14.00,30.00,-1.56,3.41,-1.01,967.34,"1,079.36","1,766.00",765.00,08_11_2022
SMFDB,32.53,895.00,910.00,880.00,881.00,889.87,"3,040.00",895.00,"2,705,191.00",23,-14.00,30.00,-1.56,3.41,-1.01,967.34,"1,079.36","1,766.00",765.00,08_12_2022
SMFDB,32.53,895.00,910.00,880.00,881.00,889.87,"3,040.00",895.00,"2,705,191.00",23,-14.00,30.00,-1.56,3.41,-1.01,967.34,"1,079.36","1,766.00",765.00,08_13_2022
SMFDB,29.06,870.00,880.00,867.00,880.00,870.14,"1,020.00",881.00,"887,541.00",14,-1.0,13.0,-0.11,1.5,1.12,964.92,"1,076.40","1,766.00",765.00,08_14_2022
SMFDB,24.13,895.00,913.90,895.00,910.00,901.59,150.00,880.00,"135,239.00",5,30.0,18.9,3.41,2.11,0.92,962.91,"1,073.75","1,766.00",765.00,08_15_2022
SMFDB,27.54,902.00,902.00,883.00,898.00,893.98,"1,456.00",910.00,"1,301,641.50",31,-12.00,19.00,-1.32,2.15,0.45,960.64,"1,071.18","1,766.00",765.00,08_16_2022
SMFDB,32.05,915.90,934.20,899.00,911.00,904.80,247.00,898.00,"223,486.00",14,13.0,35.2,1.45,3.92,0.68,958.65,"1,068.77","1,766.00",765.00,08_17_2022
SMFDB,37.32,911.00,928.00,900.00,928.00,913.23,512.00,911.00,"467,576.00",14,17.0,28.0,1.87,3.11,1.59,956.88,"1,066.04","1,766.00",765.00,08_18_2022
SMFDB,41.24,911.00,928.00,900.00,928.00,913.23,512.00,911.00,"467,576.00",14,17.0,28.0,1.87,3.11,1.59,956.88,"1,066.04","1,766.00",765.00,08_19_2022
SMFDB,41.24,911.00,928.00,900.00,928.00,913.23,512.00,911.00,"467,576.00",14,17.0,28.0,1.87,3.11,1.59,956.88,"1,066.04","1,766.00",765.00,08_20_2022
SMFDB,41.24,917.00,917.00,895.00,895.00,898.71,181.00,928.00,"162,667.00",6,-33.0,22.0,-3.56,2.46,-0.41,954.88,"1,063.15","1,708.50",765.00,08_21_2022
SMFDB,-,890.00,895.00,890.00,895.00,893.50,100.00,895.00,"89,350.00",4,0.0,5.0,0.0,0.56,0.17,953.12,"1,060.39","1,708.50",765.00,08_22_2022
SMFDB,34.19,896.00,898.00,890.00,898.00,891.50,285.00,895.00,"254,078.00",7,3.0,8.0,0.34,0.9,0.72,951.56,"1,057.66","1,708.50",765.00,08_23_2022
SMFDB,31.8,915.00,915.00,879.10,898.60,890.78,669.00,898.00,"595,929.00",15,0.6,35.9,0.07,4.08,0.87,950.01,"1,054.66","1,708.50",765.00,08_24_2022
SMFDB,32.6,890.00,890.00,873.20,873.20,877.71,"1,465.00",898.60,"1,285,846.50",18,-25.4,16.8,-2.83,1.92,-0.52,948.37,"1,051.68","1,640.00",765.00,08_25_2022
SMFDB,38.13,856.00,890.00,856.00,890.00,865.14,285.00,873.20,"246,564.00",9,16.8,34.0,1.92,3.97,2.79,946.39,"1,049.00","1,629.00",765.00,08_26_2022
SMFDB,34.7,856.00,890.00,856.00,890.00,865.14,285.00,873.20,"246,564.00",9,16.8,34.0,1.92,3.97,2.79,946.39,"1,049.00","1,629.00",765.00,08_27_2022
SMFDB,34.7,873.00,890.00,845.00,869.00,861.13,673.00,890.00,"579,541.00",21,-21.0,45.0,-2.36,5.33,0.91,944.09,"1,046.14","1,605.00",765.00,08_28_2022
SMFDB,33.08,852.00,855.00,850.00,855.00,850.77,"1,031.00",869.00,"877,140.00",14,-14.0,5.0,-1.61,0.59,0.5,941.63,"1,043.34","1,605.00",765.00,08_29_2022
SMFDB,32.45,845.00,860.00,831.10,838.00,840.37,832.00,855.00,"699,189.00",18,-17.0,28.9,-1.99,3.48,-0.28,939.22,"1,040.69","1,588.00",765.00,08_30_2022
SMFDB,32.17,831.00,846.00,827.10,827.10,833.64,647.00,838.00,"539,367.40",12,-10.9,18.9,-1.3,2.29,-0.79,936.88,"1,037.40","1,588.00",765.00,08_31_2022
SMFDB,46.98,"1,511.00","1,560.00","1,495.00","1,521.00","1,510.17","4,502.00","1,524.00","6,798,803.00",60,-3.0,65.0,-0.2,4.35,0.71,"1,601.06","1,441.08","1,938.00",737.00,09_01_2021
SMFDB,26.9,815.00,840.00,815.00,840.00,826.38,880.00,827.10,"727,213.00",9,12.9,25.0,1.56,3.07,1.62,934.52,"1,034.30","1,588.00",765.00,09_01_2022
SMFDB,32.55,840.00,840.00,823.20,823.20,826.85,80.00,840.00,"66,148.00",6,-16.8,16.8,-2.0,2.04,-0.44,931.96,"1,031.27","1,588.00",765.00,09_02_2022
SMFDB,26.47,840.00,840.00,823.20,823.20,826.85,80.00,840.00,"66,148.00",6,-16.8,16.8,-2.0,2.04,-0.44,931.96,"1,031.27","1,588.00",765.00,09_03_2022
SMFDB,25.97,820.00,830.00,820.00,830.00,829.68,"2,602.00",823.20,"2,158,830.00",9,6.8,10.0,0.83,1.22,0.04,929.31,"1,028.43","1,588.00",765.00,09_04_2022
SMFDB,40.63,830.00,830.00,820.00,820.00,827.16,241.00,830.00,"199,346.00",4,-10.0,10.0,-1.2,1.22,-0.87,926.81,"1,025.41","1,588.00",765.00,09_05_2022
SMFDB,33.57,818.00,820.00,818.00,820.00,818.35,244.00,820.00,"199,678.00",4,0.0,2.0,0.0,0.24,0.2,924.26,"1,022.19","1,588.00",765.00,09_06_2022
SMFDB,28.79,820.00,820.00,806.00,818.50,809.59,75.00,820.00,"60,719.50",5,-1.5,14.0,-0.18,1.74,1.09,922.10,"1,018.80","1,588.00",765.00,09_07_2022
SMFDB,31.54,821.00,821.00,810.00,820.00,818.84,125.00,818.50,"102,355.00",4,1.5,11.0,0.18,1.36,0.14,919.97,"1,015.15","1,588.00",765.00,09_08_2022
SMFDB,33.14,821.00,821.00,810.00,820.00,818.84,125.00,818.50,"102,355.00",4,1.5,11.0,0.18,1.36,0.14,919.97,"1,015.15","1,588.00",765.00,09_09_2022
SMFDB,33.14,821.00,821.00,810.00,820.00,818.84,125.00,818.50,"102,355.00",4,1.5,11.0,0.18,1.36,0.14,919.97,"1,015.15","1,588.00",765.00,09_10_2022
SMFDB,32.52,807.20,808.10,804.00,804.00,807.23,470.00,820.00,"379,399.90",17,-16.0,4.1,-1.95,0.51,-0.4,917.69,"1,011.56","1,588.00",765.00,09_11_2022
SMFDB,34.46,819.00,819.00,784.00,789.00,790.53,"3,043.00",804.00,"2,405,585.00",39,-15.0,35.0,-1.87,4.46,-0.19,915.03,"1,007.88","1,588.00",765.00,09_12_2022
SMFDB,36.78,801.00,801.00,785.00,800.00,799.68,722.00,789.00,"577,371.00",13,11.0,16.0,1.39,2.04,0.04,912.48,"1,004.21","1,588.00",765.00,09_13_2022
SMFDB,36.30,816.00,830.00,814.90,820.00,819.89,160.00,800.00,"131,182.50",8,20.0,15.1,2.5,1.85,0.01,910.44,"1,002.27","1,588.00",765.00,09_14_2022
SMFDB,36.96,836.00,836.00,790.00,790.00,796.58,415.00,820.00,"330,580.00",13,-30.0,46.0,-3.66,5.82,-0.83,908.32,"1,000.02","1,588.00",765.00,09_15_2022
SMFDB,36.35,775.00,790.00,775.00,788.00,788.10,372.00,790.00,"293,172.80",11,-2.0,15.0,-0.25,1.94,-0.01,906.49,997.59,"1,588.00",765.00,09_16_2022
SMFDB,38.19,775.00,790.00,775.00,788.00,788.10,372.00,790.00,"293,172.80",11,-2.0,15.0,-0.25,1.94,-0.01,906.49,997.59,"1,588.00",765.00,09_17_2022
SMFDB,36.27,803.00,805.00,764.00,764.00,795.28,623.00,788.00,"495,460.10",13,-24.0,41.0,-3.05,5.37,-4.09,904.63,995.20,"1,588.00",764.00,09_18_2022
SMFDB,31.59,803.00,805.00,764.00,764.00,795.28,623.00,788.00,"495,460.10",13,-24.0,41.0,-3.05,5.37,-4.09,904.63,995.20,"1,588.00",764.00,09_19_2022
SMFDB,31.96,779.20,779.20,749.00,750.00,754.61,"1,478.00",764.00,"1,115,313.80",31,-14.0,30.2,-1.83,4.03,-0.61,902.72,992.65,"1,588.00",749.00,09_20_2022
SMFDB,29.64,765.00,793.00,755.00,793.00,767.62,757.00,750.00,"581,087.00",24,43.0,38.0,5.73,5.03,3.2,901.12,990.29,"1,588.00",749.00,09_21_2022
SMFDB,40.84,777.30,777.30,763.00,775.00,765.66,721.00,793.00,"552,043.30",13,-18.0,14.30,-2.27,1.87,1.2,899.41,987.73,"1,588.00",749.00,09_22_2022
SMFDB,59.6,"1,580.00","1,580.00","1,519.00","1,525.00","1,528.71",595.00,"1,550.00","909,585.00",10,-25.0,61.0,-1.61,4.02,-0.24,"1,603.61","1,529.47","1,938.00",866.00,11_03_2021
SMFDB,51.92,"1,580.00","1,580.00","1,519.00","1,525.00","1,528.71",595.00,"1,550.00","909,585.00",10,-25.0,61.0,-1.61,4.02,-0.24,"1,603.61","1,529.47","1,938.00",866.00,11_05_2021
SMFDB,51.92,"1,580.00","1,580.00","1,519.00","1,525.00","1,528.71",595.00,"1,550.00","909,585.00",10,-25.0,61.0,-1.61,4.02,-0.24,"1,603.61","1,529.47","1,938.00",866.00,11_06_2021
SMFDB,51.92,"1,580.00","1,580.00","1,519.00","1,525.00","1,528.71",595.00,"1,550.00","909,585.00",10,-25.0,61.0,-1.61,4.02,-0.24,"1,603.61","1,529.47","1,938.00",866.00,11_07_2021
SMFDB,52.71,"1,516.00","1,524.00","1,514.00","1,520.00","1,521.76","2,066.00","1,525.00","3,143,955.00",14,-5.0,10.0,-0.33,0.66,-0.12,"1,603.45","1,530.58","1,938.00",866.00,11_08_2021
SMFDB,51.89,"1,497.00","1,497.00","1,467.00","1,469.00","1,479.48","1,978.00","1,520.00","2,926,415.00",30,-51.0,30.0,-3.36,2.04,-0.71,"1,603.05","1,530.67","1,938.00",870.00,11_09_2021
SMFDB,46.91,"1,497.00","1,497.00","1,467.00","1,469.00","1,479.48","1,978.00","1,520.00","2,926,415.00",30,-51.0,30.0,-3.36,2.04,-0.71,"1,603.05","1,530.67","1,938.00",870.00,11_10_2021
SMFDB,44.86,"1,464.00","1,480.00","1,415.00","1,475.00","1,440.51","1,056.00","1,469.00","1,521,177.00",22,6.0,65.0,0.41,4.59,2.34,"1,602.59","1,531.09","1,938.00",870.00,11_11_2021
SMFDB,41.94,"1,464.00","1,480.00","1,415.00","1,475.00","1,440.51","1,056.00","1,469.00","1,521,177.00",22,6.0,65.0,0.41,4.59,2.34,"1,602.59","1,531.09","1,938.00",870.00,11_12_2021
SMFDB,41.94,"1,464.00","1,480.00","1,415.00","1,475.00","1,440.51","1,056.00","1,469.00","1,521,177.00",22,6.0,65.0,0.41,4.59,2.34,"1,602.59","1,531.09","1,938.00",870.00,11_13_2021
SMFDB,39.89,"1,475.00","1,475.00","1,418.00","1,430.00","1,437.43","1,414.00","1,475.00","2,032,525.20",30,-45.00,57.00,-3.05,4.02,-0.52,"1,601.59","1,531.59","1,938.00",870.00,11_14_2021
SMFDB,42.31,"1,458.00","1,487.00","1,428.00","1,444.00","1,436.85",806.00,"1,430.00","1,158,098.00",10,14.00,59.00,0.98,4.13,0.5,"1,600.76","1,532.29","1,938.00",870.00,11_15_2021
SMFDB,41.13,"1,470.00","1,470.00","1,423.00","1,455.00","1,436.81","1,260.00","1,444.00","1,810,382.50",22,11.00,47.00,0.76,3.3,1.25,"1,600.01","1,533.24","1,938.00",870.00,11_16_2021
SMFDB,42.22,"1,482.00","1,484.00","1,455.10","1,455.10","1,457.39",570.00,"1,455.00","830,715.00",15,0.10,28.90,0.01,1.99,-0.16,"1,598.98","1,534.35","1,938.00",870.00,11_17_2021
SMFDB,39.33,"1,445.00","1,450.00","1,427.00","1,432.00","1,430.80","1,146.00","1,455.10","1,639,699.50",19,-23.1,23.0,-1.59,1.61,0.08,"1,597.37","1,534.65","1,938.00",870.00,11_18_2021
SMFDB,47.62,"1,445.00","1,450.00","1,427.00","1,432.00","1,430.80","1,146.00","1,455.10","1,639,699.50",19,-23.1,23.0,-1.59,1.61,0.08,"1,597.37","1,534.65","1,938.00",870.00,11_19_2021
SMFDB,47.62,"1,445.00","1,450.00","1,427.00","1,432.00","1,430.80","1,146.00","1,455.10","1,639,699.50",19,-23.1,23.0,-1.59,1.61,0.08,"1,597.37","1,534.65","1,938.00",870.00,11_20_2021
SMFDB,42.92,"1,432.00","1,432.50","1,416.00","1,417.00","1,423.58","1,075.00","1,432.00","1,530,347.50",11,-15.0,16.5,-1.05,1.17,-0.46,"1,594.47","1,534.99","1,938.00",870.00,11_21_2021
SMFDB,40.37,"1,400.00","1,415.00","1,400.00","1,415.00","1,407.42",431.00,"1,417.00","606,600.00",13,-2.0,15.0,-0.14,1.07,0.54,"1,591.14","1,535.40","1,938.00",870.00,11_22_2021
SMFDB,36.74,"1,443.30","1,443.30","1,400.00","1,441.20","1,418.19",777.00,"1,415.00","1,101,934.00",15,26.2,43.3,1.85,3.09,1.6,"1,588.25","1,536.03","1,938.00",870.00,11_23_2021
SMFDB,41.09,"1,414.40","1,414.70","1,371.00","1,413.00","1,406.51","1,312.00","1,441.20","1,845,337.00",22,-28.20,43.7,-1.96,3.19,0.46,"1,585.02","1,536.74","1,938.00",870.00,11_24_2021
SMFDB,43.66,"1,440.00","1,440.00","1,387.00","1,387.00","1,397.59",815.00,"1,413.00","1,139,031.80",17,-26.0,53.0,-1.84,3.82,-0.76,"1,581.79","1,537.50","1,938.00",870.00,11_25_2021
SMFDB,41.19,"1,440.00","1,440.00","1,387.00","1,387.00","1,397.59",815.00,"1,413.00","1,139,031.80",17,-26.0,53.0,-1.84,3.82,-0.76,"1,581.79","1,537.50","1,938.00",870.00,11_26_2021
SMFDB,41.19,"1,440.00","1,440.00","1,387.00","1,387.00","1,397.59",815.00,"1,413.00","1,139,031.80",17,-26.0,53.0,-1.84,3.82,-0.76,"1,581.79","1,537.50","1,938.00",870.00,11_27_2021
SMFDB,38.29,"1,385.00","1,385.00","1,360.00","1,360.00","1,364.54",694.00,"1,387.00","946,991.60",19,-27.0,25.0,-1.95,1.84,-0.33,"1,577.82","1,538.17","1,938.00",870.00,11_28_2021
SMFDB,41.3,"1,386.00","1,386.00","1,345.00","1,345.00","1,357.98",565.00,"1,360.00","767,260.00",15,-15.0,41.0,-1.1,3.05,-0.97,"1,574.12","1,538.75","1,938.00",870.00,11_29_2021
SMFDB,36.21,"1,371.90","1,470.00","1,371.90","1,420.00","1,436.72","6,514.00","1,345.00","9,358,818.30",124,75.0,98.1,5.58,7.15,-1.18,"1,571.25","1,539.79","1,938.00",870.00,11_30_2021
SMFDB,57.57,"1,444.00","1,444.00","1,407.00","1,415.00","1,422.88",992.00,"1,420.00","1,411,497.50",28,-5.0,37.0,-0.35,2.63,-0.56,"1,568.75","1,541.00","1,938.00",870.00,12_01_2021
SMFDB,53.62,"1,405.20","1,424.00","1,391.00","1,391.00","1,405.31",963.00,"1,415.00","1,353,311.30",26,-24.0,33.0,-1.7,2.37,-1.03,"1,564.92","1,541.84","1,938.00",870.00,12_02_2021
SMFDB,54.16,"1,405.20","1,424.00","1,391.00","1,391.00","1,405.31",963.00,"1,415.00","1,353,311.30",26,-24.0,33.0,-1.7,2.37,-1.03,"1,564.92","1,541.84","1,938.00",870.00,12_03_2021
SMFDB,54.16,"1,405.20","1,424.00","1,391.00","1,391.00","1,405.31",963.00,"1,415.00","1,353,311.30",26,-24.0,33.0,-1.7,2.37,-1.03,"1,564.92","1,541.84","1,938.00",870.00,12_04_2021
SMFDB,53.26,"1,418.00","1,418.00","1,365.00","1,389.00","1,367.37","1,035.00","1,391.00","1,415,227.00",20,-2.0,53.0,-0.14,3.88,1.56,"1,560.62","1,543.00","1,938.00",870.00,12_05_2021
SMFDB,52.45,"1,365.00","1,443.00","1,335.00","1,440.00","1,368.43","1,264.00","1,389.00","1,729,693.00",31,51.0,108.00,3.67,8.09,4.97,"1,557.11","1,544.58","1,938.00",870.00,12_06_2021
SMFDB,54.08,"1,420.10","1,420.10","1,391.60","1,409.00","1,399.33",501.00,"1,440.00","701,062.60",12,-31.0,28.50,-2.15,2.05,0.69,"1,553.26","1,545.80","1,938.00",870.00,12_07_2021
SMFDB,43.89,"1,400.00","1,427.00","1,346.00","1,372.00","1,362.72",588.00,"1,409.00","801,277.70",19,-37.0,81.00,-2.63,6.02,0.68,"1,549.11","1,546.76","1,938.00",872.00,12_08_2021
SMFDB,40.6,"1,372.00","1,385.00","1,344.60","1,385.00","1,358.03",426.00,"1,372.00","578,521.00",9,13.0,40.4,0.95,3.0,1.95,"1,545.00","1,547.91","1,938.00",872.00,12_09_2021
SMFDB,41.47,"1,372.00","1,385.00","1,344.60","1,385.00","1,358.03",426.00,"1,372.00","578,521.00",9,13.0,40.4,0.95,3.0,1.95,"1,545.00","1,547.91","1,938.00",872.00,12_10_2021
SMFDB,41.47,"1,372.00","1,385.00","1,344.60","1,385.00","1,358.03",426.00,"1,372.00","578,521.00",9,13.0,40.4,0.95,3.0,1.95,"1,545.00","1,547.91","1,938.00",872.00,12_11_2021
SMFDB,40.82,"1,360.00","1,360.00","1,357.30","1,357.30","1,358.68",164.00,"1,385.00","222,823.20",5,-27.70,2.70,-2.0,0.2,-0.1,"1,540.68","1,549.01","1,938.00",872.00,12_12_2021
SMFDB,24.7,"1,331.00","1,331.00","1,280.10","1,315.00","1,302.07","1,002.00","1,357.30","1,304,676.70",17,-42.30,50.90,-3.12,3.98,0.98,"1,536.43","1,550.02","1,938.00",872.00,12_13_2021
SMFDB,32.8,"1,341.00","1,420.00","1,320.00","1,420.00","1,345.41",225.00,"1,315.00","302,718.00",12,105.00,100.00,7.98,7.58,5.25,"1,533.47","1,551.80","1,938.00",889.00,12_14_2021
SMFDB,45.65,"1,400.00","1,400.00","1,345.00","1,397.40","1,383.37","1,049.00","1,420.00","1,451,153.00",22,-22.6,55.0,-1.59,4.09,1.0,"1,530.40","1,553.42","1,938.00",900.00,12_15_2021
SMFDB,48.81,"1,375.00","1,385.00","1,343.00","1,370.00","1,369.18",329.00,"1,397.40","450,460.00",9,-27.4,42.0,-1.96,3.13,0.06,"1,527.28","1,554.53","1,938.00",900.00,12_16_2021
SMFDB,44.31,"1,375.00","1,385.00","1,343.00","1,370.00","1,369.18",329.00,"1,397.40","450,460.00",9,-27.4,42.0,-1.96,3.13,0.06,"1,527.28","1,554.53","1,938.00",900.00,12_17_2021
SMFDB,44.31,"1,375.00","1,385.00","1,343.00","1,370.00","1,369.18",329.00,"1,397.40","450,460.00",9,-27.4,42.0,-1.96,3.13,0.06,"1,527.28","1,554.53","1,938.00",900.00,12_18_2021
SMFDB,44.31,"1,375.00","1,385.00","1,343.00","1,370.00","1,369.18",329.00,"1,397.40","450,460.00",9,-27.4,42.0,-1.96,3.13,0.06,"1,527.28","1,554.53","1,938.00",900.00,12_19_2021
SMFDB,41.62,"1,343.00","1,369.50","1,330.00","1,340.00","1,342.10",497.00,"1,370.00","667,022.00",14,-30.0,39.5,-2.19,2.97,-0.16,"1,523.78","1,555.24","1,938.00",909.00,12_20_2021
SMFDB,44.13,"1,365.00","1,365.00","1,345.00","1,364.00","1,354.81",684.00,"1,340.00","926,693.00",12,24.0,20.00,1.79,1.49,0.67,"1,520.49","1,555.40","1,938.00",909.00,12_21_2021
SMFDB,33.64,"1,391.00","1,399.00","1,375.00","1,399.00","1,394.17","1,251.00","1,364.00","1,744,108.00",21,35.0,24.0,2.57,1.75,0.35,"1,517.84","1,555.86","1,938.00",910.00,12_22_2021
SMFDB,49.23,"1,426.00","1,435.00","1,398.00","1,430.00","1,421.04","1,939.00","1,399.00","2,755,388.00",45,31.0,37.0,2.22,2.65,0.63,"1,516.17","1,556.42","1,938.00",910.00,12_23_2021
SMFDB,55.42,"1,426.00","1,435.00","1,398.00","1,430.00","1,421.04","1,939.00","1,399.00","2,755,388.00",45,31.0,37.0,2.22,2.65,0.63,"1,516.17","1,556.42","1,938.00",910.00,12_24_2021
SMFDB,55.42,"1,426.00","1,435.00","1,398.00","1,430.00","1,421.04","1,939.00","1,399.00","2,755,388.00",45,31.0,37.0,2.22,2.65,0.63,"1,516.17","1,556.42","1,938.00",910.00,12_25_2021
SMFDB,53.8,"1,458.00","1,500.00","1,451.00","1,476.00","1,469.62","2,607.00","1,430.00","3,831,299.00",40,46.00,49.00,3.22,3.38,0.43,"1,514.64","1,557.05","1,938.00",910.00,12_26_2021
SMFDB,56.25,"1,505.50","1,535.00","1,450.00","1,450.00","1,480.88","1,087.00","1,476.00","1,609,716.90",30,-26.0,85.00,-1.76,5.86,-2.13,"1,513.30","1,557.56","1,938.00",910.00,12_27_2021
SMFDB,53.22,"1,477.00","1,477.00","1,429.00","1,452.00","1,443.29",612.00,"1,450.00","883,295.00",16,2.0,48.0,0.14,3.36,0.6,"1,512.10","1,557.38","1,938.00",919.00,12_28_2021
SMFDB,46.13,"1,452.00","1,479.00","1,450.10","1,460.00","1,459.75","8,258.00","1,452.00","12,054,590.50",134,8.0,28.90,0.55,1.99,0.02,"1,510.95","1,556.45","1,938.00",920.00,12_29_2021
SMFDB,59.23,"1,452.00","1,479.00","1,450.10","1,460.00","1,459.75","8,258.00","1,452.00","12,054,590.50",134,8.0,28.90,0.55,1.99,0.02,"1,510.95","1,556.45","1,938.00",920.00,12_30_2021
SMFDB,59.23,"1,452.00","1,479.00","1,450.10","1,460.00","1,459.75","8,258.00","1,452.00","12,054,590.50",134,8.0,28.90,0.55,1.99,0.02,"1,510.95","1,556.45","1,938.00",920.00,12_31_2021
