SRBL,45.02,269.00,272.00,265.00,272.00,269.42,"17,665.00",269.00,"4,759,258.80",75,3.0,7.00,1.12,2.64,0.95,330.09,330.53,418.20,235.00,01_01_2022
SRBL,46.56,277.40,278.70,270.00,278.70,274.98,"26,768.00",272.00,"7,360,787.30",131,6.70,8.70,2.46,3.22,1.33,329.36,330.32,418.20,244.00,01_02_2022
SRBL,53.68,276.00,287.00,275.00,284.20,281.95,"70,852.00",278.70,"19,976,874.10",191,5.5,12.00,1.97,4.36,0.79,328.73,330.13,418.20,244.00,01_03_2022
SRBL,59.03,280.00,297.10,280.00,297.00,291.53,"67,962.00",284.20,"19,813,023.80",212,12.8,17.10,4.5,6.11,1.84,328.21,330.02,418.20,250.00,01_04_2022
SRBL,58.15,297.00,297.00,285.20,290.00,291.68,"53,827.00",297.00,"15,700,484.10",239,-7.0,11.8,-2.36,4.14,-0.58,327.61,329.89,418.20,250.00,01_05_2022
SRBL,57.29,292.00,296.00,287.00,295.00,292.80,"35,954.00",290.00,"10,527,288.60",183,5.00,9.00,1.72,3.14,0.75,327.08,329.78,418.20,250.00,01_06_2022
SRBL,56.16,292.00,296.00,287.00,295.00,292.80,"35,954.00",290.00,"10,527,288.60",183,5.00,9.00,1.72,3.14,0.75,327.08,329.78,418.20,250.00,01_07_2022
SRBL,56.16,292.00,296.00,287.00,295.00,292.80,"35,954.00",290.00,"10,527,288.60",183,5.00,9.00,1.72,3.14,0.75,327.08,329.78,418.20,250.00,01_08_2022
SRBL,56.64,299.90,307.00,295.00,304.90,301.15,"74,422.00",295.00,"22,411,898.00",297,9.9,12.00,3.36,4.07,1.23,326.65,329.74,418.20,250.00,01_09_2022
SRBL,61.54,307.00,307.00,296.00,301.00,300.06,"44,904.00",304.90,"13,473,684.50",195,-3.9,11.00,-1.28,3.72,0.31,326.18,329.67,418.20,250.00,01_10_2022
SRBL,51.53,300.00,303.00,295.00,300.90,299.55,"31,100.00",301.00,"9,315,907.80",168,-0.1,8.00,-0.03,2.71,0.45,325.72,329.57,418.20,250.00,01_11_2022
SRBL,55.26,297.00,303.00,294.00,294.30,297.79,"46,528.00",300.90,"13,855,598.20",182,-6.6,9.00,-2.19,3.06,-1.19,325.19,329.40,418.20,250.00,01_12_2022
SRBL,49.37,288.50,306.00,288.50,300.00,300.27,"41,879.00",294.30,"12,575,088.70",207,5.7,17.5,1.94,6.07,-0.09,324.61,329.23,418.20,250.00,01_13_2022
SRBL,48.33,288.50,306.00,288.50,300.00,300.27,"41,879.00",294.30,"12,575,088.70",207,5.7,17.5,1.94,6.07,-0.09,324.61,329.23,418.20,250.00,01_14_2022
SRBL,48.33,288.50,306.00,288.50,300.00,300.27,"41,879.00",294.30,"12,575,088.70",207,5.7,17.5,1.94,6.07,-0.09,324.61,329.23,418.20,250.00,01_15_2022
SRBL,49.53,300.10,305.00,298.90,300.00,301.26,"92,493.00",300.00,"27,864,254.90",285,0.0,6.1,0.0,2.04,-0.42,324.10,329.09,418.20,250.00,01_16_2022
SRBL,55.79,303.00,308.00,300.30,306.00,304.28,"59,197.00",300.00,"18,012,524.20",254,6.0,7.7,2.0,2.56,0.56,323.61,329.02,418.20,250.00,01_17_2022
SRBL,57.88,309.00,319.00,300.60,309.00,311.55,"171,346.00",306.00,"53,382,919.00",447,3.0,18.4,0.98,6.12,-0.83,323.18,328.97,418.20,250.00,01_18_2022
SRBL,64.33,315.10,315.10,306.30,309.00,308.89,"58,413.00",309.00,"18,043,401.30",194,0.0,8.8,0.0,2.87,0.03,322.73,328.96,418.20,250.00,01_19_2022
SRBL,57.39,307.00,310.00,303.20,306.00,305.51,"46,054.00",309.00,"14,069,997.80",170,-3.0,6.8,-0.97,2.24,0.16,322.11,328.92,418.20,250.00,01_20_2022
SRBL,57.36,307.00,310.00,303.20,306.00,305.51,"46,054.00",309.00,"14,069,997.80",170,-3.0,6.8,-0.97,2.24,0.16,322.11,328.92,418.20,250.00,01_21_2022
SRBL,57.36,307.00,310.00,303.20,306.00,305.51,"46,054.00",309.00,"14,069,997.80",170,-3.0,6.8,-0.97,2.24,0.16,322.11,328.92,418.20,250.00,01_22_2022
SRBL,59.19,310.00,310.00,300.00,303.00,303.57,"116,654.00",306.00,"35,412,435.40",277,-3.0,10.00,-0.98,3.33,-0.19,321.48,328.90,418.20,250.00,01_23_2022
SRBL,58.02,309.00,309.00,290.00,290.90,292.69,"118,457.00",303.00,"34,670,693.80",351,-12.1,19.0,-3.99,6.55,-0.61,320.77,328.87,418.20,250.00,01_24_2022
SRBL,53.42,296.70,296.70,285.00,287.50,288.95,"33,100.00",290.90,"9,564,334.60",191,-3.4,11.70,-1.17,4.11,-0.51,319.92,328.78,418.20,250.00,01_25_2022
SRBL,45.83,285.00,289.00,283.30,283.90,284.83,"37,769.00",287.50,"10,757,842.70",167,-3.6,5.7,-1.25,2.01,-0.33,318.87,328.71,418.20,250.00,01_26_2022
SRBL,44.0,280.20,289.00,280.20,281.10,283.32,"39,875.00",283.90,"11,297,241.40",174,-2.8,8.8,-0.99,3.14,-0.79,317.93,328.59,418.20,250.00,01_27_2022
SRBL,43.29,280.20,289.00,280.20,281.10,283.32,"39,875.00",283.90,"11,297,241.40",174,-2.8,8.8,-0.99,3.14,-0.79,317.93,328.59,418.20,250.00,01_28_2022
SRBL,43.29,280.20,289.00,280.20,281.10,283.32,"39,875.00",283.90,"11,297,241.40",174,-2.8,8.8,-0.99,3.14,-0.79,317.93,328.59,418.20,250.00,01_29_2022
SRBL,44.49,286.70,297.00,286.00,288.90,288.36,"45,005.00",281.10,"12,977,818.50",177,7.8,11.0,2.77,3.85,0.19,317.05,328.50,418.20,250.00,01_30_2022
SRBL,45.54,285.00,290.00,284.20,285.00,285.97,"24,193.00",288.90,"6,918,568.50",162,-3.9,5.8,-1.35,2.04,-0.34,316.16,328.40,418.20,250.00,01_31_2022
SRBL,43.92,285.00,290.00,284.00,289.90,286.28,"28,681.00",285.00,"8,210,815.70",155,4.9,6.0,1.72,2.11,1.25,315.34,328.33,418.20,250.00,02_01_2022
SRBL,58.97,285.00,290.00,284.00,289.90,286.28,"28,681.00",285.00,"8,210,815.70",155,4.9,6.0,1.72,2.11,1.25,315.34,328.33,418.20,250.00,02_02_2022
SRBL,58.9,290.00,295.00,287.20,287.20,290.91,"42,612.00",289.90,"12,396,188.80",231,-2.7,7.8,-0.93,2.72,-1.29,314.49,328.25,418.20,250.00,02_03_2022
SRBL,59.57,290.00,295.00,287.20,287.20,290.91,"42,612.00",289.90,"12,396,188.80",231,-2.7,7.8,-0.93,2.72,-1.29,314.49,328.25,418.20,250.00,02_04_2022
SRBL,59.57,290.00,295.00,287.20,287.20,290.91,"42,612.00",289.90,"12,396,188.80",231,-2.7,7.8,-0.93,2.72,-1.29,314.49,328.25,418.20,250.00,02_05_2022
SRBL,59.42,288.90,288.90,281.10,284.00,282.86,"22,615.00",287.20,"6,396,917.40",131,-3.20,7.8,-1.11,2.77,0.4,313.64,328.14,418.20,250.00,02_06_2022
SRBL,45.22,285.00,285.00,280.30,284.00,283.12,"29,409.00",284.00,"8,326,355.60",105,0.0,4.7,0.0,1.68,0.31,312.80,327.99,418.20,250.00,02_07_2022
SRBL,52.0,287.00,294.00,281.20,282.10,284.12,"28,077.00",284.00,"7,977,202.30",151,-1.9,12.8,-0.67,4.55,-0.72,311.96,327.83,418.20,250.00,02_08_2022
SRBL,46.84,280.50,283.00,278.40,280.00,279.78,"13,629.00",282.10,"3,813,182.20",109,-2.1,4.6,-0.74,1.65,0.08,311.09,327.67,418.20,250.00,02_09_2022
SRBL,46.81,283.90,284.00,278.00,278.20,279.44,"18,591.00",280.00,"5,195,034.23",115,-1.8,6.0,-0.64,2.16,-0.45,310.21,327.50,418.20,250.00,02_10_2022
SRBL,45.29,283.90,284.00,278.00,278.20,279.44,"18,591.00",280.00,"5,195,034.23",115,-1.8,6.0,-0.64,2.16,-0.45,310.21,327.50,418.20,250.00,02_11_2022
SRBL,45.29,283.90,284.00,278.00,278.20,279.44,"18,591.00",280.00,"5,195,034.23",115,-1.8,6.0,-0.64,2.16,-0.45,310.21,327.50,418.20,250.00,02_12_2022
SRBL,45.85,272.00,275.00,266.00,271.00,269.44,"25,942.00",271.90,"6,989,760.30",164,-0.9,9.0,-0.33,3.38,0.58,308.29,327.04,418.20,250.00,02_14_2022
SRBL,39.14,269.00,274.40,267.20,274.40,270.56,"27,675.00",271.00,"7,487,728.10",92,3.4,7.2,1.25,2.69,1.4,307.37,326.81,418.20,250.00,02_15_2022
SRBL,48.1,274.00,276.80,269.00,272.50,272.63,"13,318.00",274.40,"3,630,836.40",103,-1.9,7.8,-0.69,2.9,-0.05,306.39,326.55,418.20,250.00,02_16_2022
SRBL,43.02,271.00,275.00,270.00,270.00,270.60,"14,685.00",272.50,"3,973,711.10",101,-2.5,5.0,-0.92,1.85,-0.22,305.42,326.26,418.20,250.00,02_17_2022
SRBL,44.5,271.00,275.00,270.00,270.00,270.60,"14,685.00",272.50,"3,973,711.10",101,-2.5,5.0,-0.92,1.85,-0.22,305.42,326.26,418.20,250.00,02_18_2022
SRBL,44.5,271.00,275.00,270.00,270.00,270.60,"14,685.00",272.50,"3,973,711.10",101,-2.5,5.0,-0.92,1.85,-0.22,305.42,326.26,418.20,250.00,02_19_2022
SRBL,44.08,269.00,269.00,261.40,264.90,264.42,"29,935.00",270.00,"7,915,437.70",190,-5.1,7.6,-1.89,2.91,0.18,304.44,325.88,418.20,250.00,02_20_2022
SRBL,44.19,267.00,270.00,260.00,265.40,262.45,"41,952.00",264.90,"11,010,253.20",235,0.5,10.0,0.19,3.85,1.11,303.53,325.47,418.20,250.00,02_21_2022
SRBL,46.03,266.00,274.00,263.10,270.00,267.22,"44,680.00",265.40,"11,939,511.10",200,4.6,10.9,1.73,4.14,1.03,302.59,325.10,418.20,250.00,02_22_2022
SRBL,52.17,272.70,272.70,266.30,267.00,268.74,"19,831.00",270.00,"5,329,323.70",115,-3.0,6.4,-1.11,2.4,-0.65,301.69,324.73,418.20,250.00,02_23_2022
SRBL,44.6,265.00,265.00,258.00,259.10,260.07,"39,372.00",267.00,"10,239,366.00",237,-7.9,7.0,-2.96,2.71,-0.37,300.73,324.34,418.20,250.00,02_24_2022
SRBL,45.59,265.00,265.00,258.00,259.10,260.07,"39,372.00",267.00,"10,239,366.00",237,-7.9,7.0,-2.96,2.71,-0.37,300.73,324.34,418.20,250.00,02_25_2022
SRBL,45.59,265.00,265.00,258.00,259.10,260.07,"39,372.00",267.00,"10,239,366.00",237,-7.9,7.0,-2.96,2.71,-0.37,300.73,324.34,418.20,250.00,02_26_2022
SRBL,45.24,258.00,262.00,258.00,260.00,260.58,"29,096.00",259.10,"7,581,800.90",144,0.9,4.00,0.35,1.55,-0.22,299.87,323.91,418.20,250.00,02_27_2022
SRBL,43.57,263.00,263.00,255.00,256.90,256.68,"22,972.00",260.00,"5,896,506.20",189,-3.1,8.00,-1.19,3.14,0.08,298.98,323.51,418.20,250.00,02_28_2022
SRBL,39.88,263.00,263.00,255.00,256.90,256.68,"22,972.00",260.00,"5,896,506.20",189,-3.1,8.00,-1.19,3.14,0.08,298.98,323.51,418.20,250.00,03_01_2022
SRBL,39.7,257.10,257.10,250.20,252.50,252.21,"41,583.00",256.90,"10,487,735.90",184,-4.4,6.90,-1.71,2.76,0.11,298.09,323.09,418.20,250.00,03_02_2022
SRBL,41.82,257.10,257.10,250.20,252.50,252.21,"41,583.00",256.90,"10,487,735.90",184,-4.4,6.90,-1.71,2.76,0.11,298.09,323.09,418.20,250.00,03_03_2022
SRBL,41.82,257.10,257.10,250.20,252.50,252.21,"41,583.00",256.90,"10,487,735.90",184,-4.4,6.90,-1.71,2.76,0.11,298.09,323.09,418.20,250.00,03_04_2022
SRBL,41.82,257.10,257.10,250.20,252.50,252.21,"41,583.00",256.90,"10,487,735.90",184,-4.4,6.90,-1.71,2.76,0.11,298.09,323.09,418.20,250.00,03_05_2022
SRBL,39.2,255.00,255.00,250.30,251.00,252.15,"15,105.00",252.50,"3,808,686.30",139,-1.5,4.7,-0.59,1.88,-0.46,297.22,322.65,418.20,250.00,03_06_2022
SRBL,40.18,253.00,255.00,250.00,252.00,252.01,"14,129.00",251.00,"3,560,686.30",138,1.0,5.0,0.4,2.0,-0.01,296.36,322.13,418.20,250.00,03_07_2022
SRBL,37.51,253.00,255.00,250.00,252.00,252.01,"14,129.00",251.00,"3,560,686.30",138,1.0,5.0,0.4,2.0,-0.01,296.36,322.13,418.20,250.00,03_08_2022
SRBL,37.06,252.00,252.00,248.00,248.00,249.52,"26,043.00",252.00,"6,498,228.80",158,-4.0,4.0,-1.59,1.61,-0.61,295.49,321.45,418.20,248.00,03_09_2022
SRBL,39.11,246.60,254.00,245.10,253.00,249.52,"26,571.00",248.00,"6,629,895.60",156,5.0,8.9,2.02,3.63,1.38,294.76,320.87,418.20,245.10,03_10_2022
SRBL,44.47,246.60,254.00,245.10,253.00,249.52,"26,571.00",248.00,"6,629,895.60",156,5.0,8.9,2.02,3.63,1.38,294.76,320.87,418.20,245.10,03_11_2022
SRBL,44.47,246.60,254.00,245.10,253.00,249.52,"26,571.00",248.00,"6,629,895.60",156,5.0,8.9,2.02,3.63,1.38,294.76,320.87,418.20,245.10,03_12_2022
SRBL,46.42,256.00,262.50,254.00,261.00,258.94,"29,375.00",253.00,"7,606,375.00",209,8.00,8.50,3.16,3.35,0.79,293.96,320.24,418.20,245.10,03_13_2022
SRBL,52.21,263.90,264.00,260.00,263.50,260.57,"9,902.00",261.00,"2,580,199.60",49,2.5,4.0,0.96,1.54,1.11,293.27,319.66,418.20,245.10,03_14_2022
SRBL,49.53,263.50,263.50,258.30,261.00,259.25,"37,082.00",263.50,"9,613,482.50",118,-2.5,5.2,-0.95,2.01,0.67,292.64,319.10,418.20,245.10,03_15_2022
SRBL,53.45,261.00,263.00,257.00,258.50,258.02,"31,888.00",261.00,"8,227,891.60",105,-2.5,6.0,-0.96,2.33,0.18,291.98,318.47,418.20,245.10,03_16_2022
SRBL,51.97,261.00,263.00,257.00,258.50,258.02,"31,888.00",261.00,"8,227,891.60",105,-2.5,6.0,-0.96,2.33,0.18,291.98,318.47,418.20,245.10,03_17_2022
SRBL,51.97,261.00,263.00,257.00,258.50,258.02,"31,888.00",261.00,"8,227,891.60",105,-2.5,6.0,-0.96,2.33,0.18,291.98,318.47,418.20,245.10,03_18_2022
SRBL,51.97,261.00,263.00,257.00,258.50,258.02,"31,888.00",261.00,"8,227,891.60",105,-2.5,6.0,-0.96,2.33,0.18,291.98,318.47,418.20,245.10,03_19_2022
SRBL,54.24,253.40,262.50,253.40,259.70,259.00,"16,043.00",258.50,"4,155,122.00",121,1.2,9.1,0.46,3.59,0.27,291.30,317.71,418.20,245.10,03_20_2022
SRBL,45.22,262.00,263.00,257.00,262.00,260.07,"14,569.00",259.70,"3,789,003.20",105,2.30,6.0,0.89,2.33,0.74,290.59,317.00,418.20,245.10,03_21_2022
SRBL,47.42,262.00,272.00,260.10,266.90,266.22,"45,853.00",262.00,"12,207,162.00",183,4.9,11.9,1.87,4.58,0.25,289.95,316.34,418.20,245.10,03_22_2022
SRBL,58.32,265.00,266.90,262.30,262.60,264.04,"12,655.00",266.90,"3,341,430.60",71,-4.3,4.6,-1.61,1.75,-0.55,289.30,315.68,418.20,245.10,03_23_2022
SRBL,51.53,262.60,264.40,258.10,258.10,260.78,"25,763.00",262.60,"6,718,384.30",119,-4.5,6.3,-1.71,2.44,-1.04,288.70,315.07,418.20,245.10,03_24_2022
SRBL,51.53,262.60,264.40,258.10,258.10,260.78,"25,763.00",262.60,"6,718,384.30",119,-4.5,6.3,-1.71,2.44,-1.04,288.70,315.07,418.20,245.10,03_24_2022
SRBL,51.53,262.60,264.40,258.10,258.10,260.78,"25,763.00",262.60,"6,718,384.30",119,-4.5,6.3,-1.71,2.44,-1.04,288.70,315.07,418.20,245.10,03_24_2022
SRBL,51.53,262.60,264.40,258.10,258.10,260.78,"25,763.00",262.60,"6,718,384.30",119,-4.5,6.3,-1.71,2.44,-1.04,288.70,315.07,418.20,245.10,03_24_2022
SRBL,44.26,262.60,264.40,258.10,258.10,260.78,"25,763.00",262.60,"6,718,384.30",119,-4.5,6.3,-1.71,2.44,-1.04,288.70,315.07,418.20,245.10,03_25_2022
SRBL,44.26,262.60,264.40,258.10,258.10,260.78,"25,763.00",262.60,"6,718,384.30",119,-4.5,6.3,-1.71,2.44,-1.04,288.70,315.07,418.20,245.10,03_26_2022
SRBL,43.61,258.00,259.10,254.00,255.00,255.25,"36,223.00",258.10,"9,245,843.30",127,-3.1,5.10,-1.2,2.01,-0.1,288.19,314.50,418.20,245.10,03_27_2022
SRBL,38.04,251.00,255.30,250.30,253.90,252.82,"25,563.00",255.00,"6,462,780.20",119,-1.1,5.0,-0.43,2.0,0.43,287.65,313.86,418.20,245.10,03_28_2022
SRBL,36.34,255.00,255.00,249.00,251.90,250.79,"12,244.00",253.90,"3,070,659.00",91,-2.0,6.0,-0.79,2.41,0.44,286.94,313.27,418.20,245.10,03_29_2022
SRBL,33.43,250.00,254.00,249.50,252.00,251.50,"15,902.00",251.90,"3,999,381.50",103,0.1,4.5,0.04,1.8,0.2,286.18,312.68,418.20,245.10,03_30_2022
SRBL,34.2,255.00,255.00,250.20,251.00,252.77,"16,248.00",252.00,"4,106,952.70",96,-1.0,4.8,-0.4,1.92,-0.7,285.42,312.05,418.20,245.10,03_31_2022
SRBL,38.27,255.00,255.00,250.20,251.00,252.77,"16,248.00",252.00,"4,106,952.70",96,-1.0,4.8,-0.4,1.92,-0.7,285.42,312.05,418.20,245.10,04_01_2022
SRBL,38.27,255.00,255.00,250.20,251.00,252.77,"16,248.00",252.00,"4,106,952.70",96,-1.0,4.8,-0.4,1.92,-0.7,285.42,312.05,418.20,245.10,04_02_2022
SRBL,36.57,250.00,254.00,248.00,250.90,249.81,"14,570.00",251.00,"3,639,710.20",98,-0.1,6.0,-0.04,2.42,0.44,284.75,311.41,418.20,245.10,04_03_2022
SRBL,35.1,255.90,255.90,246.20,249.00,246.95,"11,373.00",250.90,"2,808,611.90",107,-1.9,9.7,-0.76,3.94,0.82,284.15,310.79,418.20,245.10,04_04_2022
SRBL,30.70,253.90,253.90,242.00,246.00,244.42,"26,395.00",249.00,"6,451,465.10",136,-3.0,11.90,-1.2,4.92,0.64,283.49,310.17,418.20,242.00,04_05_2022
SRBL,33.29,242.00,246.00,239.00,241.40,241.58,"11,223.00",246.00,"2,711,248.90",114,-4.6,7.0,-1.87,2.93,-0.07,282.86,309.50,418.20,239.00,04_06_2022
SRBL,29.55,241.00,245.00,240.00,245.00,243.40,"17,690.00",241.40,"4,305,768.30",112,3.6,5.0,1.49,2.08,0.65,282.34,308.86,418.20,239.00,04_07_2022
SRBL,33.03,241.00,245.00,240.00,245.00,243.40,"17,690.00",241.40,"4,305,768.30",112,3.6,5.0,1.49,2.08,0.65,282.34,308.86,418.20,239.00,04_08_2022
SRBL,33.03,241.00,245.00,240.00,245.00,243.40,"17,690.00",241.40,"4,305,768.30",112,3.6,5.0,1.49,2.08,0.65,282.34,308.86,418.20,239.00,04_09_2022
SRBL,33.03,241.00,245.00,240.00,245.00,243.40,"17,690.00",241.40,"4,305,768.30",112,3.6,5.0,1.49,2.08,0.65,282.34,308.86,418.20,239.00,04_10_2022
SRBL,32.7,248.00,251.00,240.30,240.50,245.57,"22,861.00",245.00,"5,613,969.70",109,-4.5,10.7,-1.84,4.45,-2.11,281.75,308.22,418.20,239.00,04_11_2022
SRBL,33.17,238.00,241.00,237.00,241.00,238.28,"14,174.00",240.50,"3,377,327.50",92,0.5,4.0,0.21,1.69,1.13,281.14,307.57,418.20,237.00,04_12_2022
SRBL,36.42,242.00,250.70,236.00,250.70,240.68,"24,962.00",241.00,"6,007,733.70",107,9.70,14.7,4.02,6.23,4.0,280.58,306.99,418.20,236.00,04_13_2022
SRBL,48.45,242.00,250.70,236.00,250.70,240.68,"24,962.00",241.00,"6,007,733.70",107,9.70,14.7,4.02,6.23,4.0,280.58,306.99,418.20,236.00,04_14_2022
SRBL,48.45,242.00,250.70,236.00,250.70,240.68,"24,962.00",241.00,"6,007,733.70",107,9.70,14.7,4.02,6.23,4.0,280.58,306.99,418.20,236.00,04_15_2022
SRBL,48.45,242.00,250.70,236.00,250.70,240.68,"24,962.00",241.00,"6,007,733.70",107,9.70,14.7,4.02,6.23,4.0,280.58,306.99,418.20,236.00,04_16_2022
SRBL,51.02,255.70,255.70,242.90,244.00,246.36,"14,287.00",250.70,"3,519,785.80",94,-6.70,12.8,-2.67,5.27,-0.97,280.01,306.35,418.20,236.00,04_17_2022
SRBL,40.83,241.10,242.90,235.50,239.00,238.32,"12,137.00",244.00,"2,892,513.50",99,-5.0,7.40,-2.05,3.14,0.28,279.40,305.63,418.20,235.50,04_18_2022
SRBL,38.08,236.00,240.00,232.10,238.00,236.41,"14,181.00",239.00,"3,352,587.70",81,-1.0,7.9,-0.42,3.4,0.67,278.78,304.95,418.20,232.10,04_19_2022
SRBL,37.87,242.70,242.70,236.40,236.40,239.61,"27,474.00",238.00,"6,583,001.40",95,-1.6,6.3,-0.67,2.66,-1.36,278.22,304.23,418.20,232.10,04_20_2022
SRBL,33.84,232.00,236.60,231.00,233.00,232.91,"14,267.00",236.40,"3,322,994.00",98,-3.4,5.60,-1.44,2.42,0.04,277.70,303.52,418.20,231.00,04_21_2022
SRBL,34.57,232.00,236.60,231.00,233.00,232.91,"14,267.00",236.40,"3,322,994.00",98,-3.4,5.60,-1.44,2.42,0.04,277.70,303.52,418.20,231.00,04_22_2022
SRBL,34.57,232.00,236.60,231.00,233.00,232.91,"14,267.00",236.40,"3,322,994.00",98,-3.4,5.60,-1.44,2.42,0.04,277.70,303.52,418.20,231.00,04_23_2022
SRBL,35.09,235.00,245.00,233.10,240.00,239.36,"15,442.00",233.00,"3,696,249.90",101,7.00,11.90,3.0,5.11,0.27,277.17,302.84,418.20,231.00,04_24_2022
SRBL,42.02,240.00,242.00,237.00,238.00,239.27,"5,984.00",240.00,"1,431,815.00",80,-2.0,5.0,-0.83,2.11,-0.54,276.67,302.05,418.20,231.00,04_25_2022
SRBL,37.98,238.00,240.00,234.00,239.70,235.86,"9,418.00",238.00,"2,221,376.40",70,1.7,6.0,0.71,2.56,1.6,276.17,301.27,418.20,231.00,04_26_2022
SRBL,43.86,235.00,240.70,231.10,239.00,235.19,"7,071.00",239.70,"1,663,040.20",63,-0.7,9.6,-0.29,4.15,1.59,275.59,300.51,418.20,231.00,04_27_2022
SRBL,41.82,235.10,239.00,235.10,236.40,236.93,"12,598.00",239.00,"2,984,830.10",66,-2.6,3.9,-1.09,1.66,-0.22,274.89,299.67,418.20,231.00,04_28_2022
SRBL,36.52,235.10,239.00,235.10,236.40,236.93,"12,598.00",239.00,"2,984,830.10",66,-2.6,3.9,-1.09,1.66,-0.22,274.89,299.67,418.20,231.00,04_29_2022
SRBL,36.52,235.10,239.00,235.10,236.40,236.93,"12,598.00",239.00,"2,984,830.10",66,-2.6,3.9,-1.09,1.66,-0.22,274.89,299.67,418.20,231.00,04_30_2022
SRBL,36.52,235.10,239.00,235.10,236.40,236.93,"12,598.00",239.00,"2,984,830.10",66,-2.6,3.9,-1.09,1.66,-0.22,274.89,299.67,418.20,231.00,05_01_2022
SRBL,37.92,239.90,239.90,232.50,232.50,234.20,"19,247.00",236.40,"4,507,737.60",87,-3.9,7.4,-1.65,3.18,-0.73,274.21,298.68,418.20,231.00,05_02_2022
SRBL,38.58,239.90,239.90,232.50,232.50,234.20,"19,247.00",236.40,"4,507,737.60",87,-3.9,7.4,-1.65,3.18,-0.73,274.21,298.68,418.20,231.00,05_03_2022
SRBL,37.67,230.10,235.00,230.00,233.00,232.82,"10,866.00",232.50,"2,529,864.90",72,0.5,5.0,0.22,2.17,0.08,273.53,297.79,418.20,230.00,05_04_2022
SRBL,32.9,230.10,234.00,227.00,229.00,229.95,"37,315.00",233.00,"8,580,681.50",168,-4.0,7.0,-1.72,3.08,-0.42,272.84,296.86,418.20,227.00,05_05_2022
SRBL,34.99,230.10,234.00,227.00,229.00,229.95,"37,315.00",233.00,"8,580,681.50",168,-4.0,7.0,-1.72,3.08,-0.42,272.84,296.86,418.20,227.00,05_06_2022
SRBL,34.99,230.10,234.00,227.00,229.00,229.95,"37,315.00",233.00,"8,580,681.50",168,-4.0,7.0,-1.72,3.08,-0.42,272.84,296.86,418.20,227.00,05_07_2022
SRBL,34.99,227.10,230.00,226.00,230.00,227.46,"13,262.00",229.00,"3,016,549.90",80,1.0,4.00,0.44,1.77,1.11,272.14,295.96,418.20,226.00,05_08_2022
SRBL,34.63,232.00,234.00,230.10,232.10,232.43,"10,820.00",230.00,"2,514,905.30",68,2.1,3.9,0.91,1.69,-0.14,271.41,295.10,418.20,226.00,05_09_2022
SRBL,38.61,235.00,238.00,234.00,237.90,236.07,"31,991.00",232.10,"7,552,016.70",70,5.8,4.0,2.5,1.71,0.77,270.76,294.26,418.20,226.00,05_10_2022
SRBL,49.5,241.00,241.00,237.00,239.90,239.06,"17,617.00",237.90,"4,211,489.30",99,2.0,4.0,0.84,1.69,0.35,270.17,293.44,418.20,226.00,05_11_2022
SRBL,47.59,242.00,242.00,237.00,238.60,238.97,"12,253.00",239.90,"2,928,075.70",73,-1.3,5.0,-0.54,2.11,-0.15,269.72,292.63,418.20,226.00,05_12_2022
SRBL,44.86,242.00,242.00,237.00,238.60,238.97,"12,253.00",239.90,"2,928,075.70",73,-1.3,5.0,-0.54,2.11,-0.15,269.72,292.63,418.20,226.00,05_13_2022
SRBL,44.86,242.00,242.00,237.00,238.60,238.97,"12,253.00",239.90,"2,928,075.70",73,-1.3,5.0,-0.54,2.11,-0.15,269.72,292.63,418.20,226.00,05_14_2022
SRBL,44.86,242.00,242.00,237.00,238.60,238.97,"12,253.00",239.90,"2,928,075.70",73,-1.3,5.0,-0.54,2.11,-0.15,269.72,292.63,418.20,226.00,05_15_2022
SRBL,44.86,242.00,242.00,237.00,238.60,238.97,"12,253.00",239.90,"2,928,075.70",73,-1.3,5.0,-0.54,2.11,-0.15,269.72,292.63,418.20,226.00,05_16_2022
SRBL,46.21,238.60,243.00,230.00,234.00,232.79,"9,223.00",238.60,"2,146,989.40",65,-4.60,13.0,-1.93,5.65,0.52,269.28,291.80,418.20,226.00,05_17_2022
SRBL,45.76,235.00,235.00,228.10,233.70,230.98,"7,362.00",234.00,"1,700,465.70",57,-0.3,6.9,-0.13,3.02,1.16,268.82,290.97,418.20,226.00,05_18_2022
SRBL,36.89,235.00,235.00,230.10,232.00,231.11,"6,525.00",233.70,"1,508,020.00",52,-1.7,4.9,-0.73,2.13,0.38,268.35,290.12,418.20,226.00,05_19_2022
SRBL,28.44,227.50,232.80,227.50,231.50,231.46,"16,528.00",232.00,"3,825,651.50",57,-0.5,5.3,-0.22,2.33,0.02,267.81,289.29,418.20,226.00,05_20_2022
SRBL,31.41,227.50,232.80,227.50,231.50,231.46,"16,528.00",232.00,"3,825,651.50",57,-0.5,5.3,-0.22,2.33,0.02,267.81,289.29,418.20,226.00,05_21_2022
SRBL,31.41,227.50,232.80,227.50,231.50,231.46,"16,528.00",232.00,"3,825,651.50",57,-0.5,5.3,-0.22,2.33,0.02,267.81,289.29,418.20,226.00,05_22_2022
SRBL,31.16,232.00,232.00,225.50,225.50,225.92,"16,942.00",231.50,"3,827,558.00",82,-6.0,6.5,-2.59,2.88,-0.19,267.23,288.37,418.20,225.50,05_23_2022
SRBL,32.22,228.00,230.00,226.00,229.00,228.00,"11,635.00",225.50,"2,652,731.80",60,3.5,4.00,1.55,1.77,0.44,266.70,287.50,418.20,225.50,05_24_2022
SRBL,30.97,233.50,233.50,229.00,231.00,230.54,"16,702.00",229.00,"3,850,476.70",69,2.0,4.5,0.87,1.97,0.2,266.23,286.62,418.20,225.50,05_25_2022
SRBL,34.82,235.60,235.60,229.30,235.00,232.32,"9,452.00",231.00,"2,195,929.30",77,4.0,6.3,1.73,2.75,1.14,265.79,285.78,418.20,225.50,05_26_2022
SRBL,43.97,236.00,236.00,229.00,233.00,231.19,"14,546.00",235.00,"3,362,850.70",71,-2.0,7.0,-0.85,3.06,0.78,265.30,284.95,418.20,225.50,05_27_2022
SRBL,45.53,236.00,236.00,229.00,233.00,231.19,"14,546.00",235.00,"3,362,850.70",71,-2.0,7.0,-0.85,3.06,0.78,265.30,284.95,418.20,225.50,05_28_2022
SRBL,45.53,236.00,236.00,229.00,233.00,231.19,"14,546.00",235.00,"3,362,850.70",71,-2.0,7.0,-0.85,3.06,0.78,265.30,284.95,418.20,225.50,05_29_2022
SRBL,45.0,237.60,237.60,228.00,229.00,229.46,"25,715.00",233.00,"5,900,524.90",77,-4.0,9.6,-1.72,4.21,-0.2,264.76,284.14,418.20,225.50,05_30_2022
SRBL,42.83,226.00,232.40,226.00,229.00,227.34,"17,097.00",229.00,"3,886,887.00",69,0.0,6.4,0.0,2.83,0.72,264.21,283.29,418.20,225.50,05_31_2022
SRBL,37.95,225.00,230.00,225.00,230.00,227.86,"6,956.00",229.00,"1,584,975.80",55,1.0,5.0,0.44,2.22,0.93,263.66,282.48,418.20,225.00,06_01_2022
SRBL,26.15,230.10,230.60,227.00,227.50,227.57,"8,340.00",230.00,"1,897,929.80",56,-2.5,3.6,-1.09,1.59,-0.03,263.13,281.66,418.20,225.00,06_02_2022
SRBL,26.18,232.00,232.00,222.00,222.00,224.11,"11,952.00",227.50,"2,678,565.00",74,-5.5,10.0,-2.42,4.5,-0.95,262.54,280.88,418.20,222.00,06_03_2022
SRBL,28.95,232.00,232.00,222.00,222.00,224.11,"11,952.00",227.50,"2,678,565.00",74,-5.5,10.0,-2.42,4.5,-0.95,262.54,280.88,418.20,222.00,06_04_2022
SRBL,28.95,232.00,232.00,222.00,222.00,224.11,"11,952.00",227.50,"2,678,565.00",74,-5.5,10.0,-2.42,4.5,-0.95,262.54,280.88,418.20,222.00,06_05_2022
SRBL,28.52,223.90,224.00,216.00,220.00,220.34,"6,177.00",222.00,"1,361,047.60",51,-2.0,8.0,-0.9,3.7,-0.16,261.95,280.08,418.20,216.00,06_06_2022
SRBL,24.14,218.00,219.90,208.80,210.10,211.01,"81,323.00",220.00,"17,159,929.70",273,-9.9,11.1,-4.5,5.32,-0.43,261.28,279.25,418.20,208.80,06_07_2022
SRBL,32.06,210.10,218.70,210.00,218.00,214.18,"12,439.00",210.10,"2,664,169.00",75,7.9,8.70,3.76,4.14,1.75,260.72,278.49,418.20,208.80,06_08_2022
SRBL,30.43,222.30,222.30,214.00,215.00,216.66,"15,047.00",218.00,"3,260,015.70",94,-3.0,8.3,-1.38,3.88,-0.77,260.13,277.71,418.20,208.80,06_09_2022
SRBL,36.55,219.30,219.30,210.00,212.00,211.30,"8,710.00",215.00,"1,840,423.50",75,-3.0,9.3,-1.4,4.43,0.33,259.54,276.93,418.20,208.80,06_10_2022
SRBL,34.11,219.30,219.30,210.00,212.00,211.30,"8,710.00",215.00,"1,840,423.50",75,-3.0,9.3,-1.4,4.43,0.33,259.54,276.93,418.20,208.80,06_11_2022
SRBL,34.11,219.30,219.30,210.00,212.00,211.30,"8,710.00",215.00,"1,840,423.50",75,-3.0,9.3,-1.4,4.43,0.33,259.54,276.93,418.20,208.80,06_12_2022
SRBL,33.83,216.20,216.20,209.00,211.00,211.16,"5,894.00",212.00,"1,244,593.30",50,-1.0,7.2,-0.47,3.44,-0.08,258.96,276.21,418.20,208.80,06_13_2022
SRBL,39.84,211.00,212.80,207.80,208.20,209.62,"12,461.00",211.00,"2,612,058.40",91,-2.8,5.0,-1.33,2.41,-0.68,258.36,275.38,418.20,207.80,06_14_2022
SRBL,30.39,212.30,212.30,202.80,207.20,205.72,"21,746.00",208.20,"4,473,577.10",110,-1.0,9.50,-0.48,4.68,0.71,257.80,274.61,418.20,202.80,06_15_2022
SRBL,36.51,204.00,217.00,204.00,208.30,210.80,"11,409.00",207.20,"2,404,997.00",87,1.1,13.0,0.53,6.37,-1.2,257.31,273.89,418.20,202.80,06_16_2022
SRBL,36.73,208.10,212.00,208.10,210.10,210.09,"49,505.00",208.30,"10,400,752.30",61,1.8,3.9,0.86,1.87,0.0,256.78,273.19,418.20,202.80,06_17_2022
SRBL,42.1,208.10,212.00,208.10,210.10,210.09,"49,505.00",208.30,"10,400,752.30",61,1.8,3.9,0.86,1.87,0.0,256.78,273.19,418.20,202.80,06_18_2022
SRBL,41.6,210.00,210.10,206.00,206.00,208.16,"21,849.00",210.10,"4,548,156.30",116,-4.1,4.10,-1.95,1.99,-1.05,256.26,272.43,418.20,202.80,06_19_2022
SRBL,37.5,206.00,209.00,200.00,201.00,201.24,"51,596.00",206.00,"10,383,280.60",183,-5.0,9.00,-2.43,4.5,-0.12,255.68,271.63,418.20,200.00,06_20_2022
SRBL,39.88,204.00,207.50,203.00,207.50,204.65,"11,746.00",201.00,"2,403,837.50",93,6.5,4.50,3.23,2.22,1.37,255.27,270.87,418.20,200.00,06_21_2022
SRBL,38.27,204.00,206.00,201.00,203.00,202.87,"45,001.00",207.50,"9,129,378.10",132,-4.5,5.0,-2.17,2.49,0.06,254.74,270.11,418.20,200.00,06_22_2022
SRBL,37.6,200.00,204.00,198.00,198.00,199.06,"39,322.00",203.00,"7,827,408.10",156,-5.0,6.0,-2.46,3.03,-0.53,254.11,269.37,418.20,198.00,06_23_2022
SRBL,49.16,203.00,206.00,198.50,200.00,200.98,"33,951.00",202.00,"6,823,432.90",143,-2.0,7.5,-0.99,3.78,-0.49,247.69,262.55,418.20,195.40,07_05_2022
SRBL,33.34,200.10,202.70,198.40,202.70,200.05,"18,335.00",200.00,"3,667,844.90",92,2.7,4.3,1.35,2.17,1.31,246.84,261.94,418.20,195.40,07_06_2022
SRBL,38.29,204.00,204.00,199.00,199.50,200.29,"25,159.00",202.70,"5,039,152.60",111,-3.2,5.0,-1.58,2.51,-0.4,246.00,261.30,418.20,195.40,07_07_2022
SRBL,37.61,199.50,203.40,198.00,198.40,200.46,"22,690.00",199.50,"4,548,480.30",95,-1.1,5.4,-0.55,2.73,-1.04,245.14,260.64,418.20,195.40,07_08_2022
SRBL,36.12,199.50,203.40,198.00,198.40,200.46,"22,690.00",199.50,"4,548,480.30",95,-1.1,5.4,-0.55,2.73,-1.04,245.14,260.64,418.20,195.40,07_09_2022
SRBL,36.12,199.50,203.40,198.00,198.40,200.46,"22,690.00",199.50,"4,548,480.30",95,-1.1,5.4,-0.55,2.73,-1.04,245.14,260.64,418.20,195.40,07_10_2022
SRBL,33.9,196.10,198.00,194.00,196.00,195.02,"22,473.00",198.40,"4,382,608.10",165,-2.4,4.0,-1.21,2.06,0.5,244.32,259.99,418.20,194.00,07_11_2022
SRBL,35.7,198.00,198.00,191.00,194.00,193.42,"39,791.00",196.00,"7,696,335.50",249,-2.0,7.0,-1.02,3.66,0.3,243.44,259.34,418.20,191.00,07_12_2022
SRBL,34.0,195.00,198.10,192.00,196.20,194.70,"33,463.00",194.00,"6,515,362.10",137,2.2,6.1,1.13,3.18,0.76,242.57,258.69,418.20,191.00,07_13_2022
SRBL,-,200.10,203.00,196.40,201.00,197.71,"138,870.00",196.20,"27,455,951.00",146,4.8,6.60,2.45,3.36,1.64,241.70,258.12,418.20,191.00,07_14_2022
SRBL,46.35,201.00,207.00,200.00,207.00,204.34,"57,403.00",201.00,"11,729,849.20",119,6.0,7.0,2.99,3.5,1.28,240.85,257.63,418.20,191.00,07_15_2022
SRBL,50.93,201.00,207.00,200.00,207.00,204.34,"57,403.00",201.00,"11,729,849.20",119,6.0,7.0,2.99,3.5,1.28,240.85,257.63,418.20,191.00,07_16_2022
SRBL,48.15,207.00,209.00,199.40,206.90,205.07,"25,786.00",207.00,"5,287,915.10",117,-0.1,9.6,-0.05,4.81,0.88,240.00,257.09,418.20,191.00,07_17_2022
SRBL,44.74,207.00,207.00,203.50,207.00,205.61,"16,122.00",206.90,"3,314,891.10",76,0.10,3.5,0.05,1.72,0.67,239.17,256.59,418.20,191.00,07_18_2022
SRBL,43.91,207.00,209.90,205.70,205.80,207.46,"20,703.00",207.00,"4,294,975.80",126,-1.2,4.2,-0.58,2.04,-0.8,238.36,256.07,418.20,191.00,07_19_2022
SRBL,44.56,203.00,207.00,203.00,206.70,206.12,"11,103.00",205.80,"2,288,528.50",70,0.9,4.0,0.44,1.97,0.28,237.66,255.50,418.20,191.00,07_20_2022
SRBL,28.54,203.00,211.00,203.00,208.00,208.04,"71,429.00",206.70,"14,859,777.80",155,1.3,8.0,0.63,3.94,-0.02,237.00,254.88,418.20,191.00,07_21_2022
SRBL,41.47,204.00,207.50,203.00,203.90,205.89,"75,073.00",208.00,"15,456,518.10",108,-4.1,4.5,-1.97,2.22,-0.97,236.33,254.26,418.20,191.00,07_22_2022
SRBL,34.8,204.00,207.50,203.00,203.90,205.89,"75,073.00",208.00,"15,456,518.10",108,-4.1,4.5,-1.97,2.22,-0.97,236.33,254.26,418.20,191.00,07_23_2022
SRBL,32.0,207.90,216.00,207.50,213.00,210.87,"171,701.00",203.90,"36,206,743.90",486,9.1,8.5,4.46,4.1,1.0,235.76,253.70,418.20,191.00,07_24_2022
SRBL,52.41,215.00,219.00,214.00,219.00,216.03,"117,489.00",213.00,"25,381,516.00",372,6.0,5.0,2.82,2.34,1.35,235.18,253.18,418.20,191.00,07_25_2022
SRBL,56.5,218.70,218.70,211.50,213.00,213.44,"153,676.00",219.00,"32,800,605.70",333,-6.0,7.2,-2.74,3.4,-0.21,234.58,252.62,418.20,191.00,07_26_2022
SRBL,51.04,213.00,215.00,208.00,210.50,209.94,"46,386.00",213.00,"9,738,310.50",213,-2.5,7.0,-1.17,3.37,0.27,233.92,252.02,400.00,191.00,07_27_2022
SRBL,52.26,211.00,214.00,209.80,210.00,212.00,"70,471.00",210.50,"14,939,632.30",271,-0.5,4.20,-0.24,2.0,-0.95,233.28,251.43,399.00,191.00,07_28_2022
SRBL,35.61,210.00,211.00,208.10,210.70,209.62,"21,074.00",210.00,"4,417,458.70",115,0.7,2.90,0.33,1.39,0.51,232.67,250.87,398.00,191.00,07_29_2022
SRBL,32.1,210.00,211.00,208.10,210.70,209.62,"21,074.00",210.00,"4,417,458.70",115,0.7,2.90,0.33,1.39,0.51,232.67,250.87,398.00,191.00,07_30_2022
SRBL,29.67,214.00,222.30,212.50,222.30,216.34,"90,619.00",210.70,"19,604,427.30",358,11.6,9.8,5.51,4.61,2.68,232.15,250.48,398.00,191.00,07_31_2022
SRBL,47.97,224.00,226.50,219.10,223.00,223.57,"105,063.00",222.30,"23,488,448.00",383,0.7,7.4,0.31,3.38,-0.25,231.66,250.12,398.00,191.00,08_01_2022
SRBL,54.49,222.00,223.00,219.00,222.10,220.92,"31,011.00",223.00,"6,851,056.50",151,-0.9,4.0,-0.4,1.83,0.53,231.18,249.76,398.00,191.00,08_02_2022
SRBL,46.99,224.00,226.00,217.00,217.50,220.80,"123,420.00",222.10,"27,251,653.60",308,-4.6,9.0,-2.07,4.15,-1.52,230.67,249.36,398.00,191.00,08_03_2022
SRBL,50.27,216.10,217.00,213.00,214.00,214.22,"25,941.00",217.50,"5,557,169.60",167,-3.5,4.0,-1.61,1.88,-0.1,230.19,248.90,398.00,191.00,08_04_2022
SRBL,34.42,212.10,212.10,209.90,209.90,210.65,"31,780.00",214.00,"6,694,347.00",123,-4.1,2.2,-1.92,1.05,-0.36,229.68,248.43,398.00,191.00,08_05_2022
SRBL,32.67,212.10,212.10,209.90,209.90,210.65,"31,780.00",214.00,"6,694,347.00",123,-4.1,2.2,-1.92,1.05,-0.36,229.68,248.43,398.00,191.00,08_06_2022
SRBL,29.39,209.00,213.00,208.50,209.50,210.46,"37,731.00",209.90,"7,940,937.90",186,-0.4,4.5,-0.19,2.16,-0.46,229.14,247.97,398.00,191.00,08_07_2022
SRBL,30.88,210.00,211.90,208.30,210.00,209.52,"32,095.00",209.50,"6,724,605.10",120,0.50,3.60,0.24,1.73,0.23,228.62,247.54,398.00,191.00,08_08_2022
SRBL,32.91,210.00,210.20,206.10,209.00,207.77,"17,128.00",210.00,"3,558,739.20",114,-1.0,4.1,-0.48,1.99,0.59,228.11,247.10,398.00,191.00,08_09_2022
SRBL,29.06,209.00,210.80,206.00,209.20,208.92,"48,857.00",209.00,"10,207,380.50",156,0.2,4.80,0.1,2.33,0.13,227.65,246.65,398.00,191.00,08_10_2022
SRBL,32.95,207.00,210.00,206.00,207.00,207.09,"19,601.00",209.20,"4,059,087.30",123,-2.20,4.00,-1.05,1.94,-0.04,227.16,246.16,397.00,191.00,08_11_2022
SRBL,26.55,207.00,210.00,206.00,207.00,207.09,"19,601.00",209.20,"4,059,087.30",123,-2.20,4.00,-1.05,1.94,-0.04,227.16,246.16,397.00,191.00,08_12_2022
SRBL,26.55,207.00,210.00,206.00,207.00,207.09,"19,601.00",209.20,"4,059,087.30",123,-2.20,4.00,-1.05,1.94,-0.04,227.16,246.16,397.00,191.00,08_13_2022
SRBL,23.07,207.00,210.00,206.00,206.00,207.01,"38,481.00",207.00,"7,965,890.50",133,-1.0,4.0,-0.48,1.94,-0.49,226.63,245.67,396.00,191.00,08_14_2022
SRBL,26.93,206.00,209.00,205.00,208.60,207.12,"21,400.00",206.00,"4,432,451.60",113,2.6,4.0,1.26,1.95,0.71,226.14,245.18,396.00,191.00,08_15_2022
SRBL,29.03,210.00,211.00,206.70,209.00,208.42,"26,926.00",208.60,"5,611,823.50",123,0.40,4.30,0.19,2.08,0.28,225.72,244.73,391.90,191.00,08_16_2022
SRBL,29.35,209.00,210.00,207.00,208.00,207.80,"18,202.00",209.00,"3,782,346.90",96,-1.0,3.0,-0.48,1.45,0.1,225.29,244.25,391.90,191.00,08_17_2022
SRBL,39.31,207.20,209.00,207.00,207.50,207.56,"29,877.00",208.00,"6,201,213.10",102,-0.5,2.0,-0.24,0.97,-0.03,224.88,243.79,391.90,191.00,08_18_2022
SRBL,42.67,207.20,209.00,207.00,207.50,207.56,"29,877.00",208.00,"6,201,213.10",102,-0.5,2.0,-0.24,0.97,-0.03,224.88,243.79,391.90,191.00,08_19_2022
SRBL,42.67,207.20,209.00,207.00,207.50,207.56,"29,877.00",208.00,"6,201,213.10",102,-0.5,2.0,-0.24,0.97,-0.03,224.88,243.79,391.90,191.00,08_20_2022
SRBL,42.67,207.00,211.00,206.00,208.00,208.09,"15,738.00",207.50,"3,274,859.80",99,0.5,5.0,0.24,2.43,-0.04,224.51,243.33,382.00,191.00,08_21_2022
SRBL,-,206.10,209.00,206.00,207.70,206.60,"29,526.00",208.00,"6,100,028.90",91,-0.3,3.0,-0.14,1.46,0.53,224.14,242.90,382.00,191.00,08_22_2022
SRBL,34.74,207.00,210.00,207.00,208.50,208.66,"26,183.00",207.70,"5,463,214.60",163,0.8,3.0,0.39,1.45,-0.07,223.78,242.47,382.00,191.00,08_23_2022
SRBL,43.86,210.00,210.00,208.10,209.20,208.98,"29,351.00",208.50,"6,133,800.60",98,0.7,1.9,0.34,0.91,0.1,223.46,242.06,382.00,191.00,08_24_2022
SRBL,45.3,209.00,209.90,208.10,209.00,208.95,"29,138.00",209.20,"6,088,336.80",101,-0.2,1.8,-0.1,0.86,0.02,223.09,241.67,375.00,191.00,08_25_2022
SRBL,42.95,208.00,208.00,205.70,205.90,206.17,"18,926.00",209.00,"3,901,914.30",79,-3.1,2.3,-1.48,1.12,-0.13,222.63,241.25,370.00,191.00,08_26_2022
SRBL,36.96,208.00,208.00,205.70,205.90,206.17,"18,926.00",209.00,"3,901,914.30",79,-3.1,2.3,-1.48,1.12,-0.13,222.63,241.25,370.00,191.00,08_27_2022
SRBL,36.96,205.00,207.00,203.60,203.60,204.83,"39,672.00",205.90,"8,125,847.40",150,-2.3,3.4,-1.12,1.67,-0.6,222.13,240.86,367.00,191.00,08_28_2022
SRBL,37.56,205.00,208.50,204.00,208.50,205.74,"33,153.00",203.60,"6,820,958.20",115,4.9,4.5,2.41,2.21,1.32,221.70,240.54,367.00,191.00,08_29_2022
SRBL,38.77,209.80,209.80,206.50,207.40,207.04,"14,940.00",208.50,"3,093,199.10",70,-1.1,3.3,-0.53,1.6,0.17,221.27,240.17,365.00,191.00,08_30_2022
SRBL,33.18,207.00,210.00,207.00,209.00,208.47,"45,163.00",207.40,"9,414,979.20",171,1.6,3.0,0.77,1.45,0.26,220.85,239.84,365.00,191.00,08_31_2022
SRBL,48.75,355.00,365.00,350.20,356.00,357.00,"95,812.00",355.00,"34,205,051.50",388,1.0,14.8,0.28,4.23,-0.28,344.13,323.68,418.20,224.00,09_01_2021
SRBL,47.26,209.00,213.00,208.00,210.50,210.30,"35,247.00",209.00,"7,412,553.10",131,1.5,5.0,0.72,2.4,0.09,220.42,239.50,365.00,191.00,09_01_2022
SRBL,44.84,211.00,211.00,205.80,209.00,207.67,"31,792.00",210.50,"6,602,207.00",117,-1.5,5.2,-0.71,2.53,0.64,219.94,239.24,360.00,191.00,09_02_2022
SRBL,43.11,211.00,211.00,205.80,209.00,207.67,"31,792.00",210.50,"6,602,207.00",117,-1.5,5.2,-0.71,2.53,0.64,219.94,239.24,360.00,191.00,09_03_2022
SRBL,42.61,210.70,210.70,205.10,207.00,206.47,"23,429.00",209.00,"4,837,292.40",88,-2.0,5.6,-0.96,2.73,0.26,219.47,238.91,360.00,191.00,09_04_2022
SRBL,34.58,206.70,207.00,206.00,207.00,206.16,"18,012.00",207.00,"3,713,390.50",84,0.0,1.0,0.0,0.49,0.4,219.05,238.53,360.00,191.00,09_05_2022
SRBL,24.65,208.00,208.00,204.00,204.90,204.76,"16,817.00",207.00,"3,443,365.60",75,-2.1,4.0,-1.01,1.96,0.07,218.63,238.16,360.00,191.00,09_06_2022
SRBL,23.6,206.00,206.00,203.00,204.70,203.90,"11,421.00",204.90,"2,328,752.90",68,-0.2,3.0,-0.1,1.48,0.39,218.22,237.77,360.00,191.00,09_07_2022
SRBL,21.63,203.00,204.00,202.50,203.20,203.15,"10,879.00",204.70,"2,210,020.70",57,-1.5,1.5,-0.73,0.74,0.03,217.81,237.41,360.00,191.00,09_08_2022
SRBL,23.62,203.00,204.00,202.50,203.20,203.15,"10,879.00",204.70,"2,210,020.70",57,-1.5,1.5,-0.73,0.74,0.03,217.81,237.41,360.00,191.00,09_09_2022
SRBL,23.62,203.00,204.00,202.50,203.20,203.15,"10,879.00",204.70,"2,210,020.70",57,-1.5,1.5,-0.73,0.74,0.03,217.81,237.41,360.00,191.00,09_10_2022
SRBL,23.0,201.40,205.00,201.40,203.00,202.30,"12,440.00",203.20,"2,516,665.10",73,-0.2,3.6,-0.1,1.79,0.34,217.41,237.04,360.00,191.00,09_11_2022
SRBL,24.07,202.00,202.00,200.90,202.00,201.24,"7,090.00",203.00,"1,426,806.10",62,-1.0,1.1,-0.49,0.55,0.38,217.00,236.66,360.00,191.00,09_12_2022
SRBL,24.8,200.90,205.00,197.30,204.00,199.82,"39,735.00",202.00,"7,939,672.20",102,2.0,7.7,0.99,3.9,2.05,216.61,236.24,360.00,191.00,09_13_2022
SRBL,36.30,205.90,206.70,204.00,205.90,205.24,"20,062.00",204.00,"4,117,580.30",89,1.9,2.7,0.93,1.32,0.32,216.25,235.81,360.00,191.00,09_14_2022
SRBL,43.34,203.00,204.00,198.00,198.50,200.12,"30,066.00",205.90,"6,016,797.50",151,-7.4,6.0,-3.59,3.03,-0.82,215.85,235.26,360.00,191.00,09_15_2022
SRBL,33.14,198.00,198.00,196.00,197.10,196.68,"6,715.00",198.50,"1,320,677.60",30,-1.4,2.0,-0.71,1.02,0.22,215.48,234.74,360.00,191.00,09_16_2022
SRBL,28.23,198.00,198.00,196.00,197.10,196.68,"6,715.00",198.50,"1,320,677.60",30,-1.4,2.0,-0.71,1.02,0.22,215.48,234.74,360.00,191.00,09_17_2022
SRBL,26.31,195.10,197.00,194.00,196.50,195.10,"18,783.00",197.10,"3,664,643.50",94,-0.6,3.0,-0.3,1.55,0.71,215.08,234.20,360.00,191.00,09_18_2022
SRBL,25.52,195.10,197.00,194.00,196.50,195.10,"18,783.00",197.10,"3,664,643.50",94,-0.6,3.0,-0.3,1.55,0.71,215.08,234.20,360.00,191.00,09_19_2022
SRBL,25.9,198.00,198.00,192.00,193.10,193.51,"37,085.00",196.50,"7,176,384.60",135,-3.4,6.0,-1.73,3.13,-0.21,214.68,233.57,360.00,191.00,09_20_2022
SRBL,28.15,194.00,195.00,191.00,194.00,192.47,"21,163.00",193.10,"4,073,180.00",107,0.9,4.0,0.47,2.09,0.79,214.29,232.98,360.00,191.00,09_21_2022
SRBL,33.11,194.00,194.50,191.00,193.00,193.12,"9,885.00",194.00,"1,908,968.80",65,-1.0,3.50,-0.52,1.83,-0.06,213.81,232.38,360.00,191.00,09_22_2022
SRBL,64.75,316.00,318.80,313.00,316.00,315.13,"53,872.00",319.20,"16,976,827.40",191,-3.2,5.8,-1.0,1.85,0.27,348.51,336.69,418.20,235.00,11_03_2021
SRBL,64.07,316.00,318.80,313.00,316.00,315.13,"53,872.00",319.20,"16,976,827.40",191,-3.2,5.8,-1.0,1.85,0.27,348.51,336.69,418.20,235.00,11_05_2021
SRBL,64.07,316.00,318.80,313.00,316.00,315.13,"53,872.00",319.20,"16,976,827.40",191,-3.2,5.8,-1.0,1.85,0.27,348.51,336.69,418.20,235.00,11_06_2021
SRBL,64.07,316.00,318.80,313.00,316.00,315.13,"53,872.00",319.20,"16,976,827.40",191,-3.2,5.8,-1.0,1.85,0.27,348.51,336.69,418.20,235.00,11_07_2021
SRBL,64.86,315.00,315.00,309.90,311.00,311.98,"36,503.00",316.00,"11,388,332.00",167,-5.0,5.1,-1.58,1.65,-0.32,348.57,336.80,418.20,235.00,11_08_2021
SRBL,47.94,304.80,305.00,292.00,293.00,297.24,"215,064.00",311.00,"63,924,751.10",876,-18.0,13.0,-5.79,4.45,-1.45,348.41,336.79,418.20,235.00,11_09_2021
SRBL,51.59,304.80,305.00,292.00,293.00,297.24,"215,064.00",311.00,"63,924,751.10",876,-18.0,13.0,-5.79,4.45,-1.45,348.41,336.79,418.20,235.00,11_10_2021
SRBL,49.54,290.10,295.00,287.00,287.10,288.89,"129,095.00",293.00,"37,294,838.30",367,-5.9,8.0,-2.01,2.79,-0.63,348.22,336.60,418.20,235.00,11_11_2021
SRBL,48.83,290.10,295.00,287.00,287.10,288.89,"129,095.00",293.00,"37,294,838.30",367,-5.9,8.0,-2.01,2.79,-0.63,348.22,336.60,418.20,235.00,11_12_2021
SRBL,48.83,290.10,295.00,287.00,287.10,288.89,"129,095.00",293.00,"37,294,838.30",367,-5.9,8.0,-2.01,2.79,-0.63,348.22,336.60,418.20,235.00,11_13_2021
SRBL,46.78,287.10,290.00,278.00,288.00,286.99,"39,691.00",287.10,"11,390,800.70",198,0.90,12.00,0.31,4.32,0.35,348.04,336.47,418.20,235.00,11_14_2021
SRBL,42.5,286.00,291.90,286.00,288.40,289.44,"38,929.00",288.00,"11,267,725.20",177,0.40,5.90,0.14,2.06,-0.36,347.88,336.27,418.20,235.00,11_15_2021
SRBL,43.05,292.00,297.80,287.00,297.00,293.70,"57,615.00",288.40,"16,921,431.70",208,8.60,10.80,2.98,3.76,1.11,347.78,336.11,418.20,235.00,11_16_2021
SRBL,60.28,301.00,301.00,291.10,295.00,295.09,"62,154.00",297.00,"18,340,819.60",199,-2.00,9.90,-0.67,3.4,-0.03,347.60,335.97,418.20,235.00,11_17_2021
SRBL,59.9,290.00,295.00,289.10,292.00,291.16,"33,589.00",295.00,"9,779,920.60",165,-3.0,5.9,-1.02,2.04,0.29,347.39,335.80,418.20,235.00,11_18_2021
SRBL,57.64,290.00,295.00,289.10,292.00,291.16,"33,589.00",295.00,"9,779,920.60",165,-3.0,5.9,-1.02,2.04,0.29,347.39,335.80,418.20,235.00,11_19_2021
SRBL,57.64,290.00,295.00,289.10,292.00,291.16,"33,589.00",295.00,"9,779,920.60",165,-3.0,5.9,-1.02,2.04,0.29,347.39,335.80,418.20,235.00,11_20_2021
SRBL,52.94,292.00,292.00,287.70,287.90,289.35,"27,857.00",292.00,"8,060,410.70",177,-4.1,4.3,-1.4,1.49,-0.5,347.13,335.58,418.20,235.00,11_21_2021
SRBL,48.51,291.00,293.00,287.10,288.00,289.84,"34,054.00",287.90,"9,870,258.00",159,0.1,5.9,0.03,2.06,-0.64,346.85,335.22,418.20,235.00,11_22_2021
SRBL,41.17,288.10,293.00,288.00,291.00,290.72,"89,647.00",288.00,"26,062,208.50",269,3.0,5.0,1.04,1.74,0.1,346.50,334.90,418.20,235.00,11_23_2021
SRBL,47.06,291.00,300.00,286.20,294.00,292.52,"57,165.00",291.00,"16,722,142.30",212,3.00,13.8,1.03,4.82,0.5,346.13,334.66,418.20,235.00,11_24_2021
SRBL,59.76,299.00,301.00,290.70,295.00,297.58,"52,551.00",294.00,"15,638,046.20",223,1.0,10.3,0.34,3.54,-0.87,345.77,334.50,418.20,235.00,11_25_2021
SRBL,59.36,299.00,301.00,290.70,295.00,297.58,"52,551.00",294.00,"15,638,046.20",223,1.0,10.3,0.34,3.54,-0.87,345.77,334.50,418.20,235.00,11_26_2021
SRBL,59.36,299.00,301.00,290.70,295.00,297.58,"52,551.00",294.00,"15,638,046.20",223,1.0,10.3,0.34,3.54,-0.87,345.77,334.50,418.20,235.00,11_27_2021
SRBL,56.46,290.00,301.70,289.00,295.90,296.36,"69,286.00",295.00,"20,533,360.10",239,0.9,12.7,0.31,4.39,-0.15,345.47,334.35,418.20,235.00,11_28_2021
SRBL,57.42,297.00,297.50,291.00,291.10,294.59,"42,751.00",295.90,"12,593,864.40",148,-4.8,6.5,-1.62,2.23,-1.2,345.14,334.17,418.20,235.00,11_29_2021
SRBL,50.78,286.00,295.00,286.00,293.00,290.92,"51,807.00",291.10,"15,071,922.40",118,1.9,9.0,0.65,3.15,0.71,344.78,334.05,418.20,235.00,11_30_2021
SRBL,50.1,295.00,297.00,289.50,291.00,294.00,"79,180.00",293.00,"23,279,249.80",150,-2.0,7.5,-0.68,2.59,-1.03,344.45,333.97,418.20,235.00,12_01_2021
SRBL,50.36,286.70,292.10,286.70,291.00,289.63,"42,061.00",291.00,"12,182,248.80",139,0.0,5.4,0.0,1.88,0.47,344.15,333.87,418.20,235.00,12_02_2021
SRBL,45.41,286.70,292.10,286.70,291.00,289.63,"42,061.00",291.00,"12,182,248.80",139,0.0,5.4,0.0,1.88,0.47,344.15,333.87,418.20,235.00,12_03_2021
SRBL,45.41,286.70,292.10,286.70,291.00,289.63,"42,061.00",291.00,"12,182,248.80",139,0.0,5.4,0.0,1.88,0.47,344.15,333.87,418.20,235.00,12_04_2021
SRBL,44.51,286.60,289.00,281.00,284.90,284.69,"84,214.00",291.00,"23,975,003.70",181,-6.1,8.0,-2.1,2.85,0.07,343.78,333.78,418.20,235.00,12_05_2021
SRBL,46.85,280.00,287.90,274.40,286.00,280.15,"61,508.00",284.90,"17,231,434.40",198,1.1,13.50,0.39,4.92,2.05,343.27,333.71,418.20,235.00,12_06_2021
SRBL,44.96,285.00,288.70,282.70,282.70,285.46,"29,756.00",286.00,"8,494,200.20",131,-3.3,6.00,-1.15,2.12,-0.98,342.55,333.51,418.20,235.00,12_07_2021
SRBL,37.57,191.20,191.20,190.00,190.00,190.53,"15,611.00",191.20,"2,974,439.90",88,-1.2,1.2,-0.63,0.63,-0.28,203.09,214.49,319.00,189.40,12_07_2022
SRBL,40.6,287.80,287.80,275.50,280.00,278.54,"40,424.00",282.70,"11,259,750.70",110,-2.7,12.30,-0.96,4.46,0.52,341.89,333.35,418.20,235.00,12_08_2021
SRBL,32.7,275.00,285.90,274.40,280.50,278.99,"94,109.00",280.00,"26,255,091.60",146,0.5,11.5,0.18,4.19,0.54,341.12,333.22,418.20,235.00,12_09_2021
SRBL,38.56,275.00,285.90,274.40,280.50,278.99,"94,109.00",280.00,"26,255,091.60",146,0.5,11.5,0.18,4.19,0.54,341.12,333.22,418.20,235.00,12_10_2021
SRBL,38.56,275.00,285.90,274.40,280.50,278.99,"94,109.00",280.00,"26,255,091.60",146,0.5,11.5,0.18,4.19,0.54,341.12,333.22,418.20,235.00,12_11_2021
SRBL,37.91,283.00,283.00,272.00,274.00,275.06,"83,851.00",280.50,"23,064,087.80",181,-6.50,11.00,-2.32,4.04,-0.39,340.34,333.06,418.20,235.00,12_12_2021
SRBL,33.89,270.00,273.20,265.00,267.10,267.51,"74,621.00",274.00,"19,962,149.90",206,-6.90,8.20,-2.52,3.09,-0.15,339.54,332.90,418.20,235.00,12_13_2021
SRBL,34.39,272.00,276.90,267.00,274.00,272.06,"11,765.00",267.10,"3,200,781.60",67,6.90,9.90,2.58,3.71,0.71,338.72,332.76,418.20,235.00,12_14_2021
SRBL,38.85,279.00,279.00,268.00,268.10,271.63,"30,981.00",274.00,"8,415,273.00",176,-5.9,11.0,-2.15,4.1,-1.32,337.66,332.57,418.20,235.00,12_15_2021
SRBL,34.5,272.00,275.00,268.20,271.00,271.01,"105,750.00",268.10,"28,658,811.00",315,2.9,6.8,1.08,2.54,0.0,336.66,332.39,418.20,235.00,12_16_2021
SRBL,46.23,272.00,275.00,268.20,271.00,271.01,"105,750.00",268.10,"28,658,811.00",315,2.9,6.8,1.08,2.54,0.0,336.66,332.39,418.20,235.00,12_17_2021
SRBL,46.23,272.00,275.00,268.20,271.00,271.01,"105,750.00",268.10,"28,658,811.00",315,2.9,6.8,1.08,2.54,0.0,336.66,332.39,418.20,235.00,12_18_2021
SRBL,46.23,272.00,275.00,268.20,271.00,271.01,"105,750.00",268.10,"28,658,811.00",315,2.9,6.8,1.08,2.54,0.0,336.66,332.39,418.20,235.00,12_19_2021
SRBL,43.55,259.10,260.00,250.00,256.10,255.13,"35,371.00",254.10,"9,024,355.30",148,2.0,10.0,0.79,4.0,0.38,335.59,332.08,418.20,235.00,12_20_2021
SRBL,34.72,260.00,267.00,257.50,266.90,262.94,"29,266.00",256.10,"7,695,336.10",161,10.8,9.50,4.22,3.69,1.48,334.63,331.81,418.20,235.00,12_21_2021
SRBL,38.26,272.20,276.00,266.80,274.00,271.39,"58,272.00",266.90,"15,814,401.90",195,7.1,9.2,2.66,3.45,0.95,333.85,331.61,418.20,235.00,12_22_2021
SRBL,51.49,279.40,279.40,268.10,272.00,270.78,"47,171.00",274.00,"12,772,918.50",143,-2.0,11.3,-0.73,4.21,0.45,333.14,331.42,418.20,235.00,12_23_2021
SRBL,49.13,279.40,279.40,268.10,272.00,270.78,"47,171.00",274.00,"12,772,918.50",143,-2.0,11.3,-0.73,4.21,0.45,333.14,331.42,418.20,235.00,12_24_2021
SRBL,49.13,279.40,279.40,268.10,272.00,270.78,"47,171.00",274.00,"12,772,918.50",143,-2.0,11.3,-0.73,4.21,0.45,333.14,331.42,418.20,235.00,12_25_2021
SRBL,47.51,272.00,278.50,272.00,275.00,275.03,"35,820.00",272.00,"9,851,547.90",131,3.00,6.50,1.1,2.39,-0.01,332.35,331.19,418.20,235.00,12_26_2021
SRBL,50.13,277.00,277.00,266.00,268.00,271.84,"44,689.00",275.00,"12,148,167.50",133,-7.0,11.00,-2.55,4.14,-1.43,331.60,330.96,418.20,235.00,12_27_2021
SRBL,48.67,263.10,270.00,263.00,269.00,265.70,"18,129.00",268.00,"4,816,899.90",99,1.0,7.0,0.37,2.66,1.23,330.86,330.74,418.20,235.00,12_28_2021
SRBL,39.84,269.00,272.00,265.00,272.00,269.42,"17,665.00",269.00,"4,759,258.80",75,3.0,7.00,1.12,2.64,0.95,330.09,330.53,418.20,235.00,12_29_2021
SRBL,45.02,269.00,272.00,265.00,272.00,269.42,"17,665.00",269.00,"4,759,258.80",75,3.0,7.00,1.12,2.64,0.95,330.09,330.53,418.20,235.00,12_30_2021
SRBL,45.02,269.00,272.00,265.00,272.00,269.42,"17,665.00",269.00,"4,759,258.80",75,3.0,7.00,1.12,2.64,0.95,330.09,330.53,418.20,235.00,12_31_2021
