SN,Symbol,Name,Conf,Open,High,Low,Close,VWAP,Vol,Prev Close,Turnover,Trans,Diff,Range,Diff Percent,Range Percent,VWAP%,120 days,180 days,52 weeks high,52 weeks low
1,ACLBSL,Aarambha Chautari Laghubitta Bittiya Sanstha Limited,27.96,563.00,574.20,562.00,562.00,565.53,295.00,563.00,"166,831.70",19,-1.00,12.20,-0.18,2.17,-0.63,697.85,735.90,982.00,547.50
2,ADBL,Agricultural Development Bank Limited,32.02,230.00,237.00,230.00,234.90,234.05,"13,032.00",233.00,"3,050,185.90",108,1.90,7.00,0.82,3.04,0.36,292.42,301.95,389.00,230.00
3,ADLB,Adarsha Laghubitta Bittiya Sanstha Limited,28.24,"1,313.20","1,356.00","1,313.20","1,315.00","1,319.16",384.00,"1,340.00","506,555.80",23,-25.00,42.80,-1.87,3.26,-0.32,0.00,0.00,"2,705.00",256.80
4,AHL,Asian Hydropower Limited,32.60,366.00,369.00,347.10,369.00,352.53,"3,222.00",359.00,"1,135,850.20",154,10.00,21.90,2.79,6.31,4.46,0.00,0.00,480.90,298.80
5,AHPC,Arun Valley Hydropower Development Company Limited,25.97,281.00,289.00,281.00,286.70,284.92,"28,089.00",286.00,"8,003,079.50",172,0.70,8.00,0.24,2.85,0.62,293.95,307.90,457.00,250.00
6,AIL,Ajod Insurance Limited,26.53,398.00,409.00,398.00,402.50,403.28,415.00,406.00,"167,359.50",33,-3.50,11.00,-0.86,2.76,-0.19,453.80,506.34,640.00,344.00
7,AKJCL,Ankhukhola Hydropower Company Limited,28.72,222.90,222.90,216.00,216.60,218.15,"28,908.00",220.00,"6,306,318.80",172,-3.40,6.90,-1.55,3.19,-0.72,208.52,207.01,266.00,159.80
8,AKPL,Arun Kabeli Power Limited,29.25,376.30,381.00,374.30,377.00,376.88,"22,156.00",376.20,"8,350,133.70",141,0.80,6.70,0.21,1.79,0.03,386.56,404.34,519.00,325.00
9,ALBSL,Asha Laghubitta Bittiya Sanstha Limited,27.50,677.20,680.00,663.60,670.00,675.89,649.00,690.80,"438,655.40",23,-20.80,16.40,-3.01,2.47,-0.88,883.91,968.66,"1,409.00",657.00
10,ALICL,Asian Life Insurance Company Limited,31.65,558.00,563.00,547.80,552.10,554.27,"5,466.00",558.70,"3,029,626.60",42,-6.60,15.20,-1.18,2.77,-0.39,589.48,578.04,800.00,428.00
11,ANLB,Aatmanirbhar Laghubitta Bittiya Sanstha Limited,37.40,403.80,436.90,403.80,436.90,424.28,140.00,403.90,"59,399.60",35,33.10,33.10,8.20,8.20,2.89,0.00,0.00,436.90,403.80
12,API,Api Power Company Limited,27.41,242.00,243.00,236.20,237.00,239.10,"46,209.00",240.00,"11,048,351.60",317,-3.00,6.80,-1.25,2.88,-0.88,245.88,246.18,327.00,200.00
13,AVYAN,Aviyan Laghubitta Bittiya Sanstha Limited,35.38,582.50,590.00,581.00,590.00,582.82,940.00,594.30,"547,853.00",67,-4.30,9.00,-0.72,1.55,1.22,688.49,0.00,963.00,316.00
14,BARUN,Barun Hydropower Company Limited,26.62,248.00,252.00,241.00,247.00,244.83,"4,127.00",246.40,"1,010,424.30",43,0.60,11.00,0.24,4.56,0.88,242.39,248.51,541.60,190.30
15,BBC,Bishal Bazar Company Limited,28.02,"3,080.90","3,100.10","3,080.00","3,100.00","3,091.51",120.00,"3,100.00","370,981.00",8,0.00,20.10,0.00,0.65,0.27,"3,286.18","3,373.66","4,300.00","3,050.00"
16,BFC,Best Finance Company Limited,25.73,306.00,309.20,302.00,303.00,305.04,"1,809.00",303.20,"551,815.20",24,-0.20,7.20,-0.07,2.38,-0.67,327.78,344.71,475.00,292.50
17,BHDC,Bindhyabasini Hydropower Development Company Limited,33.17,405.00,407.00,394.00,404.90,400.11,"6,785.00",404.20,"2,714,730.20",102,0.70,13.00,0.17,3.30,1.18,389.81,0.00,520.00,310.00
18,BHL,Balephi Hydropower Limited,28.92,300.90,305.00,289.00,304.00,291.01,"2,010.00",295.00,"584,932.00",96,9.00,16.00,3.05,5.54,4.27,298.99,300.85,397.00,104.70
19,BHPL,Barahi Hydropower Public Limited,27.11,477.00,477.00,457.30,463.00,460.12,660.00,468.00,"303,679.00",45,-5.00,19.70,-1.07,4.31,0.62,0.00,0.00,677.20,194.30
20,BNHC,Buddha Bhumi Nepal Hydropower Company Limited,40.25,377.30,392.50,370.00,392.50,375.21,845.00,385.00,"317,054.00",32,7.50,22.50,1.95,6.08,4.40,395.05,397.06,507.90,306.00
21,BNT,Bottlers Nepal (Terai) Limited,39.51,"11,628.00","11,850.00","11,400.00","11,466.00","11,455.47",360.00,"11,400.00","4,123,970.00",13,66.00,450.00,0.58,3.95,0.09,"12,691.47","12,884.26","15,371.30","11,225.00"
22,BOKD86,8.5% BOK Debenture 2086,39.61,791.00,791.00,791.00,791.00,791.00,25.00,804.00,"19,775.00",1,-13.00,0.00,-1.62,0.00,0.00,0.00,0.00,980.00,738.50
23,BPCL,Butwal Power Company Limited,25.48,310.00,314.00,307.20,309.00,309.15,"2,393.00",309.00,"739,788.90",33,0.00,6.80,0.00,2.21,-0.05,316.18,317.03,392.70,288.00
24,CBBL,Chhimek Laghubitta Bittiya Sanstha Limited,28.21,773.00,794.00,769.30,784.00,779.03,"4,389.00",782.00,"3,419,177.40",108,2.00,24.70,0.26,3.21,0.63,"1,026.03","1,031.22","1,303.00",727.00
25,CBLD88,10.25% Civil Bank Debenture 2088,24.94,843.10,850.00,843.10,850.00,846.55,50.00,852.00,"42,327.50",2,-2.00,6.90,-0.23,0.82,0.41,0.00,0.00,"1,000.00",813.00
26,CCBD88,10.50% Century Debenture 2088,30.16,890.20,890.20,890.20,890.20,890.20,25.00,905.00,"22,255.00",1,-14.80,0.00,-1.64,0.00,0.00,0.00,0.00,"1,000.00",816.00
27,CFCL,Central Finance Limited,29.29,302.90,315.00,292.10,295.00,296.05,"4,851.00",297.00,"1,436,162.10",35,-2.00,22.90,-0.67,7.84,-0.36,319.90,326.58,408.00,237.00
28,CGH,Chandragiri Hills Limited,27.27,"1,085.00","1,095.00","1,064.00","1,080.10","1,076.23","1,457.00","1,078.00","1,568,070.00",40,2.10,31.00,0.19,2.91,0.36,"1,134.91","1,101.86","1,487.00",900.20
29,CHCL,Chilime Hydro power Company Limited,27.73,465.00,469.00,465.00,468.00,466.77,"13,899.00",469.50,"6,487,581.30",78,-1.50,4.00,-0.32,0.86,0.26,430.96,417.41,504.10,347.90
30,CHDC,CEDB Hydropower Development Company Limited,29.17,737.50,737.50,717.00,718.00,718.34,"3,162.00",726.80,"2,271,391.00",66,-8.80,20.50,-1.21,2.86,-0.05,703.59,707.84,869.00,590.00
31,CHL,Chhyangdi Hydropower Company Limited,25.16,290.00,298.00,288.00,291.00,290.52,"3,253.00",294.00,"945,047.80",36,-3.00,10.00,-1.02,3.47,0.17,277.64,268.25,370.00,193.10
32,CIT,Citizen Investment Trust,29.21,"2,033.00","2,033.00","2,002.00","2,005.10","2,009.75","5,278.00","2,005.00","10,607,461.00",137,0.10,31.00,0.00,1.55,-0.23,"1,989.32","2,056.23","3,072.00","1,780.00"
33,CLBSL,Civil Laghubitta Bittiya Sanstha Limited,26.67,577.10,580.00,575.00,575.00,577.79,278.00,585.00,"160,625.00",12,-10.00,5.00,-1.71,0.87,-0.48,747.45,788.95,"1,018.00",551.00
34,CMF1,Citizens Mutual Fund-1,31.48,7.46,7.50,7.46,7.50,7.50,"10,200.00",7.61,"76,495.00",3,-0.11,0.04,-1.45,0.54,0.01,7.95,8.05,9.30,6.75
35,CMF2,Citizens Mutual Fund - 2,37.74,7.60,7.60,7.50,7.50,7.55,250.00,7.75,"1,887.50",2,-0.25,0.10,-3.23,1.33,-0.67,8.05,8.29,10.36,7.03
36,CORBL,Corporate Development Bank Limited,29.89,288.00,294.00,287.50,288.50,289.41,"3,918.00",287.00,"1,133,898.00",22,1.50,6.50,0.52,2.26,-0.31,299.52,300.57,497.70,211.30
37,CZBIL,Citizens Bank International Limited,28.34,171.60,173.00,170.70,171.00,171.45,"17,427.00",171.60,"2,987,783.30",89,-0.60,2.30,-0.35,1.35,-0.26,185.13,189.67,253.90,169.00
38,DDBL,Deprosc Laghubitta Bittiya Sanstha Limited,30.17,646.00,646.00,636.30,636.40,639.02,"4,059.00",640.00,"2,593,794.20",74,-3.60,9.70,-0.56,1.52,-0.41,869.09,904.80,"1,178.00",630.00
39,DHPL,Dibyashwari Hydropower Company Limited,27.15,210.00,211.00,207.00,209.90,209.19,"3,203.00",211.00,"670,039.50",23,-1.10,4.00,-0.52,1.93,0.34,209.14,207.53,276.30,160.10
40,DLBS,Dhaulagiri Laghubitta Bittiya Sanstha Limited,27.91,745.00,759.90,740.00,740.00,747.53,390.00,760.00,"291,538.50",28,-20.00,19.90,-2.63,2.69,-1.02,0.00,0.00,"1,662.00",177.70
41,DORDI,Dordi Khola Hydropower Company Limited,25.67,275.40,280.00,275.00,278.90,275.56,"2,085.00",281.00,"574,533.00",83,-2.10,5.00,-0.75,1.82,1.20,280.33,290.77,408.00,217.00
42,EBL,Everest Bank Limited,37.48,535.00,540.00,530.10,538.00,534.34,"33,372.00",533.00,"17,831,937.20",238,5.00,9.90,0.94,1.87,0.68,503.91,500.77,561.00,411.00
43,EBLD86,8.5% Everest Bank Debenture,44.64,797.60,800.00,797.60,800.00,799.00,60.00,797.60,"47,940.00",3,2.40,2.40,0.30,0.30,0.13,0.00,0.00,"1,000.00",725.00
44,EDBL,Excel Development Bank Limited,29.78,285.00,285.00,276.00,279.10,279.90,"4,057.00",281.00,"1,135,536.30",31,-1.90,9.00,-0.68,3.26,-0.29,320.11,327.13,442.80,273.40
45,EHPL,Eastern Hydropower Limited,38.49,373.00,380.40,359.30,375.00,362.02,"3,140.00",380.00,"1,136,731.00",72,-5.00,21.10,-1.32,5.87,3.46,0.00,0.00,508.00,216.00
46,ENL,Emerging Nepal Limited,26.18,662.70,662.70,630.00,645.00,636.70,200.00,649.90,"127,340.00",20,-4.90,32.70,-0.75,5.19,1.29,640.95,653.04,869.00,535.00
47,FMDBL,First Microfinance Laghubitta Bittiya Sanstha Limited,24.05,515.00,520.00,509.00,513.50,511.22,"2,791.00",512.00,"1,426,802.30",52,1.50,11.00,0.29,2.16,0.44,626.33,645.52,780.00,503.00
48,FOWAD,Forward Microfinance Laghubitta Bittiya Sanstha Limited,25.21,"1,200.00","1,214.00","1,191.00","1,211.00","1,204.08",648.00,"1,200.10","780,247.00",21,10.90,23.00,0.91,1.93,0.57,"1,903.61","2,144.17","2,950.00","1,130.10"
49,GBBD85,8.75% Garima Debenture 2085,44.66,810.00,810.00,810.00,810.00,810.00,55.00,803.00,"44,550.00",2,7.00,0.00,0.87,0.00,0.00,0.00,0.00,"1,000.00",722.50
50,GBBL,Garima Bikas Bank Limited,28.10,354.00,356.80,352.00,356.80,353.90,"11,436.00",353.00,"4,047,143.40",114,3.80,4.80,1.08,1.36,0.81,368.62,375.73,440.00,318.00
51,GBILD86/87,8.5% Global IME Bank Ltd. Debenture 2086/87,33.08,780.30,780.30,780.30,780.30,780.30,10.00,765.00,"7,803.00",1,15.30,0.00,2.00,0.00,0.00,0.00,0.00,960.40,730.00
52,GBIME,Global IME Bank Limited,27.67,187.00,190.00,183.30,183.50,185.42,"60,158.00",187.00,"11,154,536.30",429,-3.50,6.70,-1.87,3.66,-1.05,238.46,269.66,315.00,178.10
53,GBLBS,Grameen Bikas Laghubitta Bittiya Sanstha Limited,37.90,445.10,446.00,440.20,445.00,445.00,714.00,443.00,"317,731.00",23,2.00,5.80,0.45,1.32,0.00,564.52,614.19,900.00,435.60
54,GFCL,Goodwill Finance Company Limited,26.76,422.00,429.90,422.00,429.90,422.89,"1,541.00",423.50,"651,667.10",16,6.40,7.90,1.51,1.87,1.63,463.88,478.27,634.00,358.00
55,GHL,Ghalemdi Hydro Limited,25.36,255.00,255.00,247.00,250.00,250.47,"11,037.00",254.40,"2,764,420.40",90,-4.40,8.00,-1.73,3.24,-0.19,242.42,231.81,309.00,164.20
56,GIBF1,Global IME Balance Fund-I,37.94,7.99,8.16,7.92,8.16,8.03,"2,920.00",7.99,"23,453.20",14,0.17,0.24,2.13,3.03,1.57,8.09,0.00,10.00,7.50
57,GILB,Global IME Laghubitta Bittiya Sanstha Limited,21.94,774.00,800.00,773.30,785.00,778.50,160.00,789.00,"124,560.20",12,-4.00,26.70,-0.51,3.45,0.83,"1,030.26","1,112.87","1,475.00",665.10
58,GLBSL,Gurans Laghubitta Bittiya Sanstha Limited,26.13,670.00,710.00,670.00,710.00,687.27,55.00,680.40,"37,800.00",5,29.60,40.00,4.35,5.97,3.20,787.20,857.31,"1,224.00",664.00
59,GLH,Greenlife Hydropower Limited,25.55,263.00,266.00,261.30,261.30,263.05,"1,990.00",266.00,"523,475.00",56,-4.70,4.70,-1.77,1.80,-0.67,278.60,283.81,423.00,219.00
60,GLICL,Gurans Life Insurance Company Limited,34.75,360.00,361.50,357.00,361.50,358.55,"3,993.00",360.00,"1,431,677.80",36,1.50,4.50,0.42,1.26,0.82,502.94,530.56,551.00,353.10
61,GMFBS,Ganapati Laghubitta Bittiya Sanstha Limited,24.74,691.00,692.00,679.00,692.00,686.58,33.00,705.00,"22,657.00",3,-13.00,13.00,-1.84,1.91,0.78,795.06,847.96,"1,200.00",660.00
62,GMFIL,Guheswori Merchant Banking & Finance Limited,26.03,309.00,309.00,299.00,304.00,300.54,820.00,303.10,"246,442.00",13,0.90,10.00,0.30,3.34,1.14,328.34,336.26,423.00,223.90
63,GRDBL,Green Development Bank Limited,21.72,255.10,255.10,247.00,247.00,251.04,455.00,250.10,"114,222.00",11,-3.10,8.10,-1.24,3.28,-1.63,253.63,255.68,311.00,182.00
64,GUFL,Gurkhas Finance Limited,27.27,489.00,489.00,476.00,477.00,479.58,"5,571.00",480.00,"2,671,763.60",62,-3.00,13.00,-0.63,2.73,-0.54,531.49,541.12,715.00,357.00
65,GVL,Green Ventures Limited,32.19,395.00,401.00,395.00,396.10,399.02,"5,660.00",398.00,"2,258,461.00",143,-1.90,6.00,-0.48,1.52,-0.74,382.31,370.79,511.00,255.10
66,HBL,Himalayan Bank Limited,31.89,226.00,227.00,218.00,221.90,220.36,"31,718.00",223.00,"6,989,407.30",154,-1.10,9.00,-0.49,4.13,0.69,288.76,300.53,505.00,212.00
67,HDHPC,Himal Dolakha Hydropower Company Limited,30.69,210.10,213.00,204.20,206.20,207.04,"84,002.00",208.90,"17,391,643.50",367,-2.70,8.80,-1.29,4.31,-0.41,207.33,206.88,280.30,161.00
68,HDL,Himalayan Distillery Limited,28.93,"1,915.00","1,919.00","1,884.00","1,900.00","1,897.25","12,887.00","1,910.00","24,449,883.40",313,-10.00,35.00,-0.52,1.86,0.14,"2,844.64","3,067.92","4,323.00","1,806.60"
69,HEI,Himalayan Everest Insurance Limited,25.27,445.00,445.00,439.10,441.90,442.11,"1,780.00",447.90,"786,947.00",24,-6.00,5.90,-1.34,1.34,-0.05,413.04,0.00,525.00,345.00
70,HEIP,Himalayan Everest Insurance Limited Promoter,28.90,265.00,265.00,265.00,265.00,265.00,100.00,265.00,"26,500.00",1,0.00,0.00,0.00,0.00,0.00,271.71,0.00,367.40,214.20
71,HHL,Himalayan Hydropower Limited,30.50,265.10,269.90,265.10,269.00,266.97,"2,979.00",270.00,"795,307.50",126,-1.00,4.80,-0.37,1.81,0.75,262.93,0.00,362.10,202.00
72,HIDCL,Hydroelectricity Investment and Development Company Limited,26.98,185.00,187.00,184.00,184.10,184.92,"34,361.00",184.30,"6,354,203.10",214,-0.20,3.00,-0.11,1.63,-0.45,188.24,191.14,266.00,159.80
73,HIDCLP,Hydroelectricity Investment and Development Company Limited Promoter Share,26.23,98.30,99.80,98.00,98.00,98.22,"13,734.00",98.00,"1,348,953.50",33,0.00,1.80,0.00,1.84,-0.22,101.80,0.00,126.40,95.00
74,HPPL,Himalayan Power Partner Limited,25.58,275.00,280.50,270.00,273.00,274.27,"3,029.00",272.00,"830,763.20",35,1.00,10.50,0.37,3.89,-0.47,289.88,310.02,422.00,217.60
75,HURJA,Himalaya Urja Bikas Company Limited,31.56,286.00,286.80,269.20,277.00,276.28,"7,660.00",285.00,"2,116,336.00",61,-8.00,17.60,-2.81,6.54,0.26,296.20,279.47,443.40,190.50
76,ICFC,ICFC Finance Limited,28.79,408.00,410.00,402.20,405.00,406.18,"7,761.00",408.00,"3,152,401.60",71,-3.00,7.80,-0.74,1.94,-0.29,440.53,458.08,585.00,363.00
77,IGI,IME General Insurance Limited,25.49,379.00,380.00,375.00,380.00,376.91,"6,561.00",379.00,"2,472,897.80",63,1.00,5.00,0.26,1.33,0.81,405.70,403.37,570.00,333.20
78,ILBS,Infinity Laghubitta Bittiya Sanstha Limited,34.62,591.00,596.70,581.00,593.70,585.17,"2,038.00",591.20,"1,192,568.40",38,2.50,15.70,0.42,2.70,1.44,821.24,871.38,"1,134.20",581.00
79,JALPA,Jalpa  Samudayik Laghubitta Bittiya Sanstha Limited,26.47,"1,725.00","1,725.00","1,692.00","1,693.00","1,698.84",224.00,"1,692.00","380,540.00",12,1.00,33.00,0.06,1.95,-0.34,"2,859.34","2,904.68","3,770.00","1,165.40"
80,JBBL,Jyoti Bikash Bank Limited,26.44,260.50,260.50,255.10,255.10,256.76,"8,264.00",257.00,"2,121,830.30",81,-1.90,5.40,-0.74,2.12,-0.65,283.44,288.31,382.00,248.00
81,JBLB,Jeevan Bikas Laghubitta Bittiya Sanstha Limited,33.49,"1,430.00","1,430.00","1,415.00","1,420.00","1,421.52","1,033.00","1,427.00","1,468,430.00",52,-7.00,15.00,-0.49,1.06,-0.11,"2,335.30","2,448.05","3,112.00","1,377.00"
82,JFL,Janaki Finance Company Limited,28.97,356.00,359.90,348.00,349.10,351.68,"4,132.00",354.10,"1,453,145.00",45,-5.00,11.90,-1.41,3.42,-0.74,385.41,392.08,527.00,305.00
83,JOSHI,Joshi Hydropower Development Company Limited,25.33,269.00,271.30,260.00,263.80,264.80,"8,676.00",269.00,"2,297,380.80",79,-5.20,11.30,-1.93,4.35,-0.38,237.82,229.54,318.00,164.80
84,JSLBB,Janautthan Samudayic Laghubitta Bittiya Sanstha Limited,42.94,905.00,910.00,900.00,910.00,900.24,494.00,900.00,"444,718.00",7,10.00,10.00,1.11,1.11,1.07,"1,396.54","1,521.02","2,204.50",833.10
85,KBL,Kumari Bank Limited,28.57,168.00,168.50,164.30,167.00,166.16,"66,204.00",167.50,"11,000,259.60",309,-0.50,4.20,-0.30,2.56,0.50,185.71,191.06,228.00,164.30
86,KBLD86,10.25% Kumari Bank Debenture 2086,34.31,920.00,920.00,913.00,913.00,916.00,175.00,915.00,"160,300.00",3,-2.00,7.00,-0.22,0.77,-0.33,984.76,0.00,"1,009.50",837.10
87,KDBY,Kumari Dhanabriddhi Yojana,28.90,8.00,8.27,8.00,8.11,8.13,"4,100.00",8.10,"33,349.00",31,0.01,0.27,0.12,3.38,-0.29,8.22,0.00,10.43,7.46
88,KDL,Kalinchowk Darshan Limited,33.25,770.00,777.00,760.00,764.00,764.90,"9,070.00",770.10,"6,937,644.50",616,-6.10,17.00,-0.79,2.24,-0.12,0.00,0.00,970.00,134.40
89,KEF,Kumari Equity Fund,41.90,8.00,8.16,8.00,8.02,8.08,"2,000.00",8.15,"16,164.00",8,-0.13,0.16,-1.60,2.00,-0.77,8.23,8.32,10.07,7.62
90,KKHC,Khani Khola Hydropower Company Limited,26.01,225.00,228.50,221.00,221.00,222.87,"3,159.00",224.10,"704,045.90",30,-3.10,7.50,-1.38,3.39,-0.85,221.27,217.61,288.00,163.80
91,KLBS,Khaptad Laghubitta Bittiya Sanstha Limited,27.45,888.00,890.00,870.80,870.80,882.68,148.00,890.10,"130,636.00",9,-19.30,19.20,-2.17,2.20,-1.36,0.00,0.00,"1,870.00",303.20
92,KLBSL,Kisan Laghubitta Bittiya Sanstha Limited(Former NRN Laghubitta Bittiya Sanstha Limited),34.32,605.00,610.00,588.00,588.00,596.62,570.00,612.00,"340,075.00",11,-24.00,22.00,-3.92,3.74,-1.47,760.13,808.14,"1,354.00",588.00
93,KMCDB,Kalika Laghubitta Bittiya Sanstha Limited,29.27,565.00,580.00,565.00,566.00,568.40,853.00,573.10,"484,848.00",20,-7.10,15.00,-1.24,2.65,-0.42,847.12,912.85,"1,260.00",565.00
94,KPCL,Kalika Power Company Limited,27.27,365.00,369.00,365.00,365.00,365.68,"1,456.00",370.00,"532,430.50",23,-5.00,4.00,-1.35,1.10,-0.19,357.85,362.80,466.00,289.00
95,KRBL,Karnali Development Bank Limited,26.77,258.00,258.00,247.00,254.00,250.87,"2,313.00",254.00,"580,262.40",23,0.00,11.00,0.00,4.45,1.23,266.76,259.26,339.00,198.90
96,KSBBL,Kamana Sewa Bikas Bank Limited,26.01,295.10,296.00,288.00,291.60,290.96,"5,344.00",292.00,"1,554,912.30",57,-0.40,8.00,-0.14,2.78,0.22,315.72,325.94,443.00,288.00
97,LBBL,Lumbini Bikas Bank Limited,29.89,327.00,330.00,322.10,325.00,325.19,"12,795.00",321.00,"4,160,785.00",79,4.00,7.90,1.25,2.45,-0.06,340.48,355.11,450.00,290.10
98,LBL,Laxmi Bank Limited,30.82,187.00,189.60,181.50,188.00,185.87,"11,268.00",185.00,"2,094,396.10",90,3.00,8.10,1.62,4.46,1.13,194.26,195.67,245.00,174.10
99,LEC,Liberty Energy Company Limited,28.63,245.00,256.00,242.00,248.00,246.16,"7,006.00",250.00,"1,724,606.40",87,-2.00,14.00,-0.80,5.79,0.74,254.85,254.76,335.40,203.00
100,LICN,Life Insurance Corporation Nepal Limited,34.27,"1,270.10","1,280.00","1,268.50","1,280.00","1,270.98","2,425.00","1,278.00","3,082,137.00",38,2.00,11.50,0.16,0.91,0.70,"1,394.82","1,389.43","1,875.00","1,065.00"
101,LLBS,Laxmi Laghubitta Bittiya Sanstha Limited,25.18,693.00,693.50,668.10,668.10,682.74,288.00,680.00,"196,629.60",8,-11.90,25.40,-1.75,3.80,-2.19,977.34,"1,072.97","1,506.00",655.10
102,LUK,Laxmi Unnati Kosh,37.45,8.00,8.31,8.00,8.31,8.07,700.00,8.05,"5,646.00",3,0.26,0.31,3.23,3.88,2.94,8.10,8.28,10.25,7.52
103,MBJC,Madhya Bhotekoshi Jalavidyut Company Limited,26.33,295.00,298.00,292.00,296.00,293.51,"7,112.00",295.10,"2,087,449.00",282,0.90,6.00,0.30,2.05,0.84,273.53,260.71,340.00,193.30
104,MBL,Machhapuchchhre Bank Limited,26.92,221.00,227.00,221.00,222.90,223.56,"16,678.00",224.00,"3,728,564.20",92,-1.10,6.00,-0.49,2.71,-0.30,227.42,228.21,285.00,199.00
105,MBLD2085,10.25% Machhapuchchhre Debenture 2085,25.86,915.10,915.10,915.00,915.00,915.05,25.00,932.00,"22,876.20",2,-17.00,0.10,-1.82,0.01,-0.01,0.00,0.00,"1,101.10",915.00
106,MDB,Miteri Development Bank Limited,28.62,365.00,365.00,352.10,353.10,358.11,"1,844.00",359.00,"660,355.80",28,-5.90,12.90,-1.64,3.66,-1.42,379.24,380.82,461.00,308.00
107,MEN,Mountain Energy Nepal Limited,31.57,743.00,753.70,735.00,753.70,745.24,"2,900.00",752.00,"2,161,210.00",36,1.70,18.70,0.23,2.54,1.12,767.14,782.29,"1,030.00",692.00
108,MERO,Mero Microfinance Laghubitta Bittiya Sanstha Limited,30.45,529.10,530.00,522.00,522.00,525.20,"2,438.00",529.10,"1,280,425.90",36,-7.10,8.00,-1.34,1.53,-0.61,689.74,740.67,990.00,522.00
109,MFIL,Manjushree Finance Limited,29.86,432.00,438.60,430.00,438.00,432.61,"5,969.00",428.00,"2,582,238.80",74,10.00,8.60,2.34,2.00,1.23,437.81,434.47,528.00,362.00
110,MFLD85,9.5%  Manjushree Finance Ltd. Debenture 2085,30.60,868.30,868.30,868.30,868.30,868.30,15.00,886.00,"13,024.50",1,-17.70,0.00,-2.00,0.00,0.00,893.11,934.06,940.00,805.10
111,MHCL,Molung Hydropower Company Limited,28.24,232.00,234.60,222.30,225.00,225.51,"14,972.00",232.00,"3,376,360.90",753,-7.00,12.30,-3.02,5.53,-0.23,0.00,0.00,274.40,141.00
112,MHL,Mandakini Hydropower Limited,27.49,353.20,360.00,350.60,350.70,351.63,"1,359.00",360.00,"477,862.40",50,-9.30,9.40,-2.58,2.68,-0.26,358.38,0.00,436.00,237.30
113,MHNL,Mountain Hydro Nepal Limited,25.08,277.00,284.00,277.00,279.50,279.60,"3,590.00",279.00,"1,003,759.50",35,0.50,7.00,0.18,2.53,-0.04,283.28,279.76,371.00,212.00
114,MKHC,Maya Khola Hydropower Company Limited,24.44,261.00,263.00,251.90,255.00,255.79,"6,600.00",261.30,"1,688,192.00",318,-6.30,11.10,-2.41,4.41,-0.31,0.00,0.00,367.50,251.90
115,MKJC,Mailung Khola Jal Vidhyut Company Limited,33.81,385.00,390.00,385.00,387.40,388.58,"1,030.00",390.00,"400,237.00",33,-2.60,5.00,-0.67,1.30,-0.30,430.26,446.60,582.40,372.60
116,MKLB,Manakamana Smart Laghubitta Bittiya Sanstha Limited,32.86,610.00,625.20,608.09,615.00,615.26,527.00,620.00,"324,240.02",17,-5.00,17.11,-0.81,2.81,-0.04,801.21,857.56,"1,199.00",600.00
117,MLBBL,Mithila Laghubitta Bittiya Sanstha Limited,22.59,719.00,719.00,700.00,700.00,710.95,61.00,733.50,"43,368.00",5,-33.50,19.00,-4.57,2.71,-1.56,955.07,"1,033.90","1,498.00",681.00
118,MLBL,Mahalaxmi Bikas Bank Limited,26.35,296.00,298.00,294.20,295.90,295.35,"7,606.00",295.00,"2,246,418.30",83,0.90,3.80,0.31,1.29,0.19,331.53,348.33,446.00,292.10
119,MLBS,Manushi Laghubitta Bittiya Sanstha Limited,24.03,735.00,736.10,735.00,735.00,735.30,80.00,734.00,"58,824.00",8,1.00,1.10,0.14,0.15,-0.04,945.00,"1,019.32","1,350.30",727.00
120,MLBSL,Mahila Laghubitta Bittiya Sanstha Limited,34.09,"1,880.00","1,880.00","1,810.00","1,822.00","1,834.80",568.00,"1,845.00","1,042,165.00",31,-23.00,70.00,-1.25,3.87,-0.70,"3,238.46","3,416.76","4,329.60","1,700.00"
121,MMF1,Mega Mutual Fund - 1,40.48,7.06,7.40,7.06,7.40,7.21,"10,000.00",7.20,"72,122.00",27,0.20,0.34,2.78,4.82,2.54,7.38,7.47,8.65,6.75
122,MMFDB,Mirmire Laghubitta Bittiya Sanstha Limited,31.49,575.10,584.00,575.00,584.00,581.21,145.00,581.50,"84,276.00",4,2.50,9.00,0.43,1.57,0.48,776.35,864.50,"1,240.00",568.40
123,MNBBL,Muktinath Bikas Bank Limited,27.00,389.00,390.00,385.00,390.00,386.88,"11,859.00",389.00,"4,588,014.90",132,1.00,5.00,0.26,1.30,0.80,410.74,420.25,505.10,368.00
124,MPFL,Multipurpose Finance Company Limited,21.98,320.00,320.00,314.00,317.00,315.32,93.00,313.80,"29,325.00",5,3.20,6.00,1.02,1.91,0.53,324.35,324.94,386.90,206.10
125,MSLB,Mahuli Laghubitta Bittiya Sanstha Limited,38.44,708.00,708.00,685.00,685.00,689.08,407.00,695.00,"280,454.00",7,-10.00,23.00,-1.44,3.36,-0.60,993.82,"1,050.91","1,366.80",685.00
126,MSLBP,Mahuli Laghubitta Bittiya Sanstha Limited Promoter Share,25.83,381.00,381.00,381.00,381.00,381.00,25.00,381.00,"9,525.00",1,0.00,0.00,0.00,0.00,0.00,0.00,0.00,560.00,381.00
127,NABBC,Narayani Development Bank Limited,22.99,381.30,381.30,381.20,381.20,381.28,60.00,388.90,"22,877.00",2,-7.70,0.10,-1.98,0.03,-0.02,397.00,406.40,513.70,317.70
128,NABBCP,Narayani Development Bank Limited Promoter,46.38,217.00,217.00,217.00,217.00,217.00,"28,000.00",217.00,"6,076,000.00",1,0.00,0.00,0.00,0.00,0.00,0.00,0.00,229.00,202.00
129,NABIL,Nabil Bank Limited,26.82,585.10,608.00,585.10,599.50,598.04,"30,177.00",597.00,"18,046,957.60",357,2.50,22.90,0.42,3.91,0.24,717.61,745.34,951.00,577.00
130,NADEP,NADEP Laghubitta Bittiya Sanstha Limited,24.71,512.00,530.00,511.00,517.00,512.72,"1,077.00",520.00,"552,200.80",28,-3.00,19.00,-0.58,3.72,0.83,716.89,711.68,"1,011.00",503.00
131,NBF2,Nabil Balanced Fund - 2,44.40,8.00,8.32,8.00,8.32,8.13,"4,375.00",8.16,"35,556.00",4,0.16,0.32,1.96,4.00,2.32,8.27,8.78,11.11,7.45
132,NBF3,Nabil Balanced Fund III,40.48,7.50,7.50,7.22,7.25,7.27,"38,420.00",7.36,"279,298.10",21,-0.11,0.28,-1.49,3.88,-0.27,7.51,7.69,9.48,7.00
133,NBL,Nepal Bank Limited,46.18,257.00,260.00,252.10,255.00,254.50,"24,305.00",252.00,"6,185,504.30",183,3.00,7.90,1.19,3.13,0.20,270.40,274.57,323.00,247.00
134,NCCD86,9.5%  NCC Rinpatra 2086,36.27,961.50,961.50,961.50,961.50,961.50,10.00,943.60,"9,615.00",1,17.90,0.00,1.90,0.00,0.00,0.00,0.00,961.50,823.20
135,NEF,Nabil Equity Fund,36.10,8.40,8.70,8.40,8.65,8.59,"10,137.00",8.38,"87,045.38",8,0.27,0.30,3.22,3.57,0.73,8.53,8.80,11.25,7.75
136,NESDO,Nesdo Sambridha Laghubitta Bittiya Sanstha Limited,34.22,"2,092.00","2,133.00","2,041.00","2,062.00","2,065.45","1,124.00","2,070.00","2,321,564.60",74,-8.00,92.00,-0.39,4.51,-0.17,"2,889.37","2,931.70","3,759.00","1,855.20"
137,NFS,Nepal Finance Limited,26.02,276.00,278.00,270.10,273.90,273.13,"4,735.00",273.00,"1,293,293.30",60,0.90,7.90,0.33,2.92,0.28,287.13,287.86,514.00,213.30
138,NGPL,Ngadi Group Power Limited,25.99,258.00,259.00,250.50,250.50,252.90,"23,683.00",254.00,"5,989,437.80",154,-3.50,8.50,-1.38,3.39,-0.96,253.83,255.60,694.00,185.20
139,NHDL,Nepal Hydro Developer Limited,30.47,377.00,386.00,373.10,382.00,380.46,"2,734.00",380.00,"1,040,177.30",27,2.00,12.90,0.53,3.46,0.40,364.70,365.99,459.00,294.00
140,NHPC,National Hydro Power Company Limited,26.08,222.50,223.00,215.60,216.00,217.62,"17,283.00",220.00,"3,761,049.40",116,-4.00,7.40,-1.82,3.43,-0.75,229.45,231.42,310.00,176.40
141,NIBD84,8.5% Nepal Investment Bank Bond 2084,34.46,825.00,825.00,825.00,825.00,825.00,75.00,825.00,"61,875.00",3,0.00,0.00,0.00,0.00,0.00,824.28,0.00,867.00,753.40
142,NIBLGF,NIBL Growth Fund,23.53,8.04,8.19,7.61,8.04,8.04,"7,100.00",8.20,"57,094.00",25,-0.16,0.58,-1.95,7.62,-0.02,0.00,0.00,10.00,7.61
143,NIBLPF,NIBL Pragati Fund,22.52,8.33,8.33,8.33,8.33,8.33,505.00,8.50,"4,206.65",1,-0.17,0.00,-2.00,0.00,0.00,8.45,8.67,11.32,7.78
144,NIBSF2,NIBL Samriddhi Fund - 2,23.34,7.20,7.26,7.20,7.26,7.26,"1,542.00",7.25,"11,188.92",5,0.01,0.06,0.14,0.83,0.05,7.39,7.48,8.98,6.74
145,NICA,NIC Asia Bank Limited,25.75,729.00,729.00,714.00,714.00,716.15,"18,441.00",720.00,"13,206,469.30",259,-6.00,15.00,-0.83,2.10,-0.30,735.76,709.11,861.90,600.30
146,NICBF,NIC ASIA Balanced Fund,31.61,8.71,8.71,8.54,8.55,8.56,"104,300.00",8.54,"892,495.80",6,0.01,0.17,0.12,1.99,-0.08,8.76,9.37,11.05,8.00
147,NICFC,NIC Asia Flexi Cap Fund,42.96,7.94,7.94,7.79,7.90,7.87,900.00,8.10,"7,083.00",7,-0.20,0.15,-2.47,1.93,0.38,7.96,0.00,10.00,7.30
148,NICGF,NIC Asia Growth Fund,41.56,8.95,8.95,8.95,8.95,8.95,"5,000.00",9.12,"44,750.00",1,-0.17,0.00,-1.86,0.00,0.00,9.32,9.90,11.92,8.59
149,NICL,Nepal Insurance Company Limited,23.02,518.00,519.00,513.00,518.00,515.03,"2,463.00",518.20,"1,268,511.20",26,-0.20,6.00,-0.04,1.17,0.57,476.65,470.08,720.00,385.10
150,NICLBSL,NIC Asia Laghubitta Bittiya Sanstha Limited,32.76,538.10,568.00,538.10,550.00,553.74,"4,571.00",547.00,"2,531,136.10",86,3.00,29.90,0.55,5.56,-0.68,686.34,732.33,"1,040.00",538.10
151,NICSF,NIC Asia Select-30,46.26,8.13,8.13,7.91,7.91,7.95,"13,155.00",8.13,"104,572.35",11,-0.22,0.22,-2.71,2.78,-0.50,7.92,7.99,9.42,7.40
152,NIFRA,Nepal Infrastructure Bank Limited,27.48,215.20,215.20,209.10,209.60,210.48,"47,065.00",211.00,"9,906,050.90",488,-1.40,6.10,-0.66,2.92,-0.42,210.61,214.78,315.00,176.90
153,NIL,Neco Insurance Limited,29.05,725.00,738.00,725.00,733.10,733.31,"2,902.00",738.00,"2,128,064.60",42,-4.90,13.00,-0.66,1.79,-0.03,746.58,737.61,945.00,601.00
154,NIMB,Nepal Investment Mega Bank Limited,27.89,184.00,184.00,181.00,182.00,181.49,"56,145.00",182.90,"10,189,882.30",280,-0.90,3.00,-0.49,1.66,0.28,0.00,0.00,232.20,177.00
155,NIMBPO,Nepal Investment Mega Bank Ltd. Promoter Share,43.46,168.00,177.30,168.00,170.60,169.12,"49,414.00",168.00,"8,356,838.80",26,2.60,9.30,1.55,5.54,0.87,0.00,0.00,189.30,107.10
156,NLBBL,Nerude Laghubitta Bittiya Sanstha Limited,31.18,571.00,572.00,565.00,570.00,568.89,"3,404.00",579.00,"1,936,495.90",30,-9.00,7.00,-1.55,1.24,0.20,764.80,820.07,"1,100.00",545.00
157,NLG,NLG Insurance Company Limited,25.30,592.00,595.00,588.00,595.00,590.85,"2,512.00",592.10,"1,484,225.50",22,2.90,7.00,0.49,1.19,0.70,582.07,550.96,765.00,423.00
158,NLIC,Nepal Life Insurance Company Limited,26.51,654.00,665.00,651.00,656.00,653.58,"11,762.00",653.00,"7,687,385.80",134,3.00,14.00,0.46,2.15,0.37,663.32,666.63,975.80,570.00
159,NLICL,National Life Insurance Company Limited,26.70,570.00,580.00,570.00,575.00,572.75,"6,673.00",576.80,"3,821,983.10",54,-1.80,10.00,-0.31,1.75,0.39,573.60,572.82,749.70,492.00
160,NMB,NMB Bank Limited,26.61,234.50,238.00,231.00,234.00,235.72,"23,939.00",234.50,"5,642,954.00",119,-0.50,7.00,-0.21,3.03,-0.74,235.21,239.42,300.00,215.00
161,NMB50,NMB 50,34.61,8.85,9.02,8.85,9.02,8.91,"3,425.00",9.01,"30,521.25",4,0.01,0.17,0.11,1.92,1.20,9.27,9.98,13.53,8.28
162,NMBHF1,NMB Hybrid Fund L- 1,30.96,9.66,9.88,9.66,9.71,9.78,"49,061.00",9.65,"479,773.98",8,0.06,0.22,0.62,2.28,-0.71,9.54,9.90,12.25,8.79
163,NMBMF,NMB Laghubitta Bittiya Sanstha Limited,28.58,498.00,498.90,490.00,498.90,493.22,"1,260.00",506.70,"621,458.50",25,-7.80,8.90,-1.54,1.82,1.14,641.27,679.80,910.00,490.00
164,NMFBS,National Microfinance Laghubitta Bittiya Sanstha Limited,36.55,"1,173.00","1,190.00","1,166.40","1,166.40","1,173.96","1,962.00","1,190.20","2,303,313.60",67,-23.80,23.60,-2.00,2.02,-0.65,"1,869.62","1,955.51","2,580.00","1,166.40"
165,NRIC,Nepal Reinsurance Company Limited,29.00,695.20,710.00,690.00,699.00,698.24,"18,730.00",700.00,"13,077,998.20",293,-1.00,20.00,-0.14,2.90,0.11,743.02,731.40,999.60,565.00
166,NRN,NRN Infrastructure and Development Limited,29.50,441.10,458.40,441.10,448.00,445.26,"5,687.00",449.50,"2,532,190.50",80,-1.50,17.30,-0.33,3.92,0.61,454.34,464.80,593.00,385.00
167,NSIF2,NMB Sulav Investment Fund - II,44.28,8.06,8.23,8.06,8.08,8.10,"3,400.00",8.06,"27,528.00",26,0.02,0.17,0.25,2.11,-0.20,0.00,0.00,10.00,7.31
168,NSLB,Naya Sarathi Laghubitta Bittiya Sanstha Limited,27.41,575.00,575.00,563.00,563.00,574.01,198.00,586.10,"113,653.20",5,-23.10,12.00,-3.94,2.13,-1.95,758.75,785.29,"1,030.00",563.00
169,NTC,Nepal Doorsanchar Company Limited,33.66,802.00,805.00,798.10,802.90,800.27,"28,548.00",802.00,"22,846,174.70",299,0.90,6.90,0.11,0.86,0.33,848.26,860.58,"1,070.00",791.00
170,NUBL,Nirdhan Utthan Laghubitta Bittiya Sanstha Limited,30.24,573.10,584.00,563.10,572.00,569.58,"5,902.00",584.00,"3,361,639.00",111,-12.00,20.90,-2.05,3.71,0.42,811.62,873.29,"1,154.00",561.00
171,NYADI,Nyadi Hydropower  Limited,33.66,290.00,296.00,285.00,286.00,286.97,"1,572.00",290.00,"451,118.50",56,-4.00,11.00,-1.38,3.86,-0.34,309.02,311.81,401.80,241.00
172,OHL,Oriental Hotel Limited,41.95,567.00,590.00,567.00,588.00,584.22,"15,927.00",576.10,"9,304,921.00",118,11.90,23.00,2.07,4.06,0.64,522.25,504.07,602.60,413.80
173,PBD85,8.75% Prime Debenture 2085,42.17,810.00,810.00,810.00,810.00,810.00,25.00,806.30,"20,250.00",1,3.70,0.00,0.46,0.00,0.00,845.05,0.00,870.00,759.00
174,PBD88,10% Prime Debenture 2088,32.18,835.00,851.70,835.00,844.40,846.56,125.00,821.00,"105,820.00",5,23.40,16.70,2.85,2.00,-0.26,830.97,0.00,"1,000.00",790.10
175,PBLD84,10% Prabhu Bank Debenture 2084 (PBLD84),42.62,902.50,904.00,902.50,902.50,902.61,141.00,902.00,"127,267.50",4,0.50,1.50,0.06,0.17,-0.01,972.06,999.03,"1,049.60",851.00
176,PCBL,Prime Commercial Bank Limited,27.43,195.00,197.00,193.70,195.90,195.52,"24,888.00",196.40,"4,866,181.10",144,-0.50,3.30,-0.25,1.70,0.19,214.87,222.02,298.00,189.90
177,PFL,Pokhara Finance Limited,27.69,351.90,351.90,340.00,342.00,341.66,"3,317.00",345.00,"1,133,292.00",38,-3.00,11.90,-0.87,3.50,0.10,365.82,370.41,470.00,290.00
178,PHCL,Peoples Hydropower Company Limited,30.29,306.00,312.00,303.80,308.00,307.75,"12,775.00",312.00,"3,931,497.00",442,-4.00,8.20,-1.28,2.70,0.08,0.00,0.00,416.10,196.90
179,PICL,Prudential Insurance Company Limited,32.73,373.10,380.00,372.00,379.90,375.31,"5,935.00",378.90,"2,227,490.50",31,1.00,8.00,0.26,2.15,1.21,399.13,390.98,539.00,328.30
180,PLI,Prabhu Life Insurance Limited,26.94,395.00,395.10,394.00,395.00,394.61,"2,314.00",395.00,"913,121.70",100,0.00,1.10,0.00,0.28,0.10,437.65,474.07,555.00,321.80
181,PLIC,Prime Life Insurance Company Limited,33.27,366.00,367.00,362.00,365.70,364.15,"3,493.00",364.00,"1,271,961.50",38,1.70,5.00,0.47,1.38,0.42,555.17,619.40,645.00,360.10
182,PMHPL,Panchakanya Mai Hydropower Limited,24.82,229.90,232.80,229.90,232.80,230.20,"1,170.00",234.50,"269,331.00",14,-1.70,2.90,-0.72,1.26,1.12,228.18,227.04,293.00,168.00
183,PPCL,Panchthar Power Company Limited,25.17,336.00,340.00,334.00,337.00,334.93,"1,880.00",340.00,"629,676.00",14,-3.00,6.00,-0.88,1.80,0.61,328.63,325.59,389.30,230.00
184,PPL,People's Power Limited,32.36,263.80,279.70,263.80,279.70,271.38,"7,390.00",269.00,"2,005,532.00",167,10.70,15.90,3.98,6.03,2.97,264.86,0.00,336.00,190.00
185,PRIN,Prabhu Insurance Company Limited,31.23,450.00,458.80,450.00,458.80,451.99,"1,516.00",452.10,"685,220.00",8,6.70,8.80,1.48,1.96,1.48,486.33,536.72,667.90,378.00
186,PROFL,Progressive Finance Limited,27.54,290.20,298.00,288.40,293.00,291.08,"4,728.00",294.20,"1,376,208.00",25,-1.20,9.60,-0.41,3.33,0.66,313.21,305.20,389.90,192.00
187,PRVU,Prabhu Bank Limited,30.96,166.50,168.00,165.10,166.10,166.04,"89,946.00",166.50,"14,935,077.70",397,-0.40,2.90,-0.24,1.76,0.03,193.02,198.12,275.00,165.10
188,PSF,Prabhu Select Fund,26.82,7.94,8.11,7.94,8.10,8.04,"3,400.00",8.10,"27,337.24",12,0.00,0.17,0.00,2.14,0.74,8.01,8.02,9.83,7.31
189,RADHI,Radhi Bidyut Company Limited,25.99,248.00,251.00,245.10,245.10,247.19,"11,294.00",248.00,"2,791,793.40",90,-2.90,5.90,-1.17,2.41,-0.85,245.48,298.91,699.00,195.30
190,RBCL,Rastriya Beema Company Limited,26.74,"12,301.00","12,450.00","12,301.00","12,350.00","12,335.03",74.00,"12,270.00","912,792.00",4,80.00,149.00,0.65,1.21,0.12,"12,974.61","13,202.46","16,500.00","12,200.00"
191,RBCLPO,Rastriya Beema Company Limited Promoter Share,31.17,"10,496.00","10,496.00","10,496.00","10,496.00","10,496.00",20.00,"10,291.00","209,920.00",1,205.00,0.00,1.99,0.00,0.00,"10,740.47","10,876.17","15,289.90","9,663.00"
192,RFPL,River Falls Power Limited,33.27,262.00,263.00,255.20,261.00,258.63,"4,525.00",264.00,"1,170,314.00",145,-3.00,7.80,-1.14,3.06,0.91,264.64,262.75,325.00,200.00
193,RHGCL,Rapti Hydro & General Construction Limited,24.63,273.60,280.00,268.50,273.30,272.20,"3,383.00",279.00,"920,865.50",128,-5.70,11.50,-2.04,4.28,0.40,274.62,0.00,406.00,191.60
194,RHPL,Rasuwagadhi Hydropower Company Limited,29.94,288.40,289.00,280.00,280.50,283.54,"13,365.00",289.60,"3,789,565.00",117,-9.10,9.00,-3.14,3.21,-1.09,279.20,268.67,347.00,210.00
195,RIDI,Ridi Power Company Limited,31.01,295.00,299.00,287.00,289.00,290.58,"38,414.00",295.00,"11,162,405.70",249,-6.00,12.00,-2.03,4.18,-0.55,417.90,0.00,694.50,287.00
196,RLFL,Reliance Finance Limited,24.89,297.00,297.00,289.10,293.00,292.96,"2,293.00",291.20,"671,760.90",24,1.80,7.90,0.62,2.73,0.01,312.48,321.79,400.00,222.20
197,RMDC,RMDC Laghubitta Bittiya Sanstha Limited,28.22,688.50,701.00,664.00,672.00,675.37,"2,390.00",675.00,"1,614,126.50",30,-3.00,37.00,-0.44,5.57,-0.50,889.12,875.22,"1,182.00",651.00
198,RMF1,RBB Mutual Fund 1,43.59,7.50,7.50,7.42,7.43,7.44,"1,700.00",7.51,"12,647.00",7,-0.08,0.08,-1.07,1.08,-0.13,7.58,7.68,9.27,7.04
199,RSDC,RSDC Laghubitta Bittiya Sanstha Limited,23.14,480.00,486.00,477.00,483.00,478.39,548.00,479.00,"262,157.40",24,4.00,9.00,0.84,1.89,0.95,540.49,545.87,693.00,450.00
200,RULB,Rastra Utthan Laghubitta Bittiya Sanstha Limited,21.11,611.00,611.00,611.00,611.00,611.00,10.00,622.80,"6,110.00",1,-11.80,0.00,-1.89,0.00,0.00,819.41,902.54,"1,424.90",611.00
201,RURU,Ru Ru Jalbidhyut Pariyojana Limited,28.08,734.40,734.40,721.00,730.00,723.70,311.00,720.00,"225,070.00",16,10.00,13.40,1.39,1.86,0.86,750.66,781.53,"1,133.80",665.10
202,SABSL,Sabaiko Laghubitta Bittiya Sanstha Limited,33.69,611.00,611.00,599.00,605.00,601.75,"1,031.00",620.00,"620,404.60",29,-15.00,12.00,-2.42,2.00,0.54,840.00,911.69,"1,299.50",582.20
203,SADBL,Shangrila Development Bank Limited,27.25,289.60,294.50,279.50,280.00,280.78,"4,812.00",284.00,"1,351,101.00",32,-4.00,15.00,-1.41,5.37,-0.28,310.21,310.89,374.00,245.00
204,SAGF,Sanima Growth Fund,29.62,7.84,8.16,7.84,8.00,7.99,"1,850.00",8.00,"14,783.00",17,0.00,0.32,0.00,4.08,0.11,0.00,0.00,10.00,7.20
205,SAHAS,Sahas Urja Limited,30.72,510.00,510.00,500.00,504.00,502.79,"10,176.00",509.00,"5,116,400.50",219,-5.00,10.00,-0.98,2.00,0.24,514.58,506.59,616.00,377.50
206,SANIMA,Sanima Bank Limited,27.97,244.00,246.00,241.20,243.00,242.98,"17,867.00",244.40,"4,341,403.70",130,-1.40,4.80,-0.57,1.99,0.01,246.58,249.93,320.00,222.00
207,SAPDBL,Saptakoshi Development Bank Limited,37.28,228.00,230.50,226.00,230.50,227.07,563.00,230.00,"127,842.00",11,0.50,4.50,0.22,1.99,1.49,240.91,240.85,305.00,178.10
208,SBCF,Sunrise Bluechip Fund,26.57,7.56,7.70,7.41,7.70,7.46,"3,100.00",7.42,"23,133.00",8,0.28,0.29,3.77,3.91,3.09,7.62,7.69,9.68,6.85
209,SBI,Nepal SBI Bank Limited,36.96,338.00,338.00,329.00,333.00,332.03,"17,097.00",332.90,"5,676,712.20",79,0.10,9.00,0.03,2.74,0.29,309.31,299.47,360.00,251.00
210,SBL,Siddhartha Bank Limited,28.76,247.00,250.00,244.20,245.00,245.93,"23,752.00",246.10,"5,841,431.60",175,-1.10,5.80,-0.45,2.38,-0.38,290.04,296.22,401.00,244.20
211,SBLD84,8.5% SBL Debenture 2084,43.21,807.80,807.80,807.80,807.80,807.80,25.00,792.00,"20,195.00",1,15.80,0.00,1.99,0.00,0.00,919.58,0.00,888.90,774.20
212,SCB,Standard Chartered Bank Nepal Limited,31.64,532.00,533.00,526.00,528.80,528.09,"23,894.00",527.00,"12,618,228.80",117,1.80,7.00,0.34,1.33,0.13,473.58,457.67,555.00,375.00
213,SDLBSL,Sadhana Laghubitta Bittiya Sanstha Limited,37.19,623.50,630.00,623.00,630.00,625.06,370.00,635.00,"231,271.10",18,-5.00,7.00,-0.79,1.12,0.78,830.32,895.09,"1,200.00",619.00
214,SEF,Siddhartha Equity Fund,30.39,7.90,8.25,7.90,8.25,8.08,"9,900.00",8.01,"79,980.00",11,0.24,0.35,3.00,4.43,2.08,8.29,8.60,10.90,7.67
215,SFCL,Samriddhi Finance Company Limited (former World Merchant Banking),29.44,272.00,272.00,268.00,270.00,269.55,"6,246.00",272.00,"1,683,582.30",40,-2.00,4.00,-0.74,1.49,0.17,284.51,282.53,375.00,179.40
216,SFEF,Sunrise Focused Equity Fund,37.20,7.65,7.70,7.65,7.70,7.67,825.00,7.73,"6,331.25",8,-0.03,0.05,-0.39,0.65,0.33,0.00,0.00,10.00,7.35
217,SFMF,Sunrise First Mutual Fund,38.78,9.70,9.70,9.70,9.70,9.70,"1,900.00",9.89,"18,430.00",4,-0.19,0.00,-1.92,0.00,0.00,9.52,9.97,12.05,8.53
218,SGHC,Swet-Ganga Hydropower & Construction Limited,33.13,319.00,319.20,302.20,304.00,308.24,"7,500.00",319.00,"2,311,831.00",144,-15.00,17.00,-4.70,5.63,-1.40,324.00,0.00,411.60,202.10
219,SGIC,Sanima GIC Insurance Limited,22.77,440.00,447.90,440.00,446.00,444.85,"1,857.00",448.90,"826,077.30",84,-2.90,7.90,-0.65,1.80,0.26,0.00,0.00,537.90,374.80
220,SHEL,Singati Hydro Energy Limited,27.17,297.90,297.90,292.50,294.00,293.95,430.00,303.90,"126,397.00",37,-9.90,5.40,-3.26,1.85,0.02,290.02,283.33,403.90,206.10
221,SHINE,Shine Resunga Development Bank Limited,26.72,320.80,321.00,318.00,318.20,319.09,"13,728.00",319.00,"4,380,419.10",101,-0.80,3.00,-0.25,0.94,-0.28,329.89,322.85,377.00,255.10
222,SHIVM,Shivam Cements Limited,25.73,410.00,410.00,403.30,404.90,405.62,"53,128.00",405.00,"21,549,536.60",373,-0.10,6.70,-0.02,1.66,-0.18,516.26,575.53,935.00,389.80
223,SHL,Soaltee Hotel Limited,34.74,263.00,268.00,263.00,265.50,265.69,"36,591.00",266.00,"9,721,848.70",117,-0.50,5.00,-0.19,1.90,-0.07,225.86,220.85,269.00,186.70
224,SHLB,Shrijanshil Laghubitta Bittiya Sanstha Limited,28.17,"1,200.00","1,200.00","1,168.00","1,170.00","1,177.79",465.00,"1,200.00","547,672.00",33,-30.00,32.00,-2.50,2.74,-0.67,0.00,0.00,"2,485.20",906.00
225,SHPC,Sanima Mai Hydropower Limited,38.05,333.00,333.00,323.40,328.50,326.82,"33,062.00",333.00,"10,805,333.90",155,-4.50,9.60,-1.35,2.97,0.51,309.13,306.74,406.00,250.00
226,SICL,Shikhar Insurance Company Limited,34.50,729.00,736.90,719.60,725.00,729.07,"7,086.00",730.00,"5,166,192.00",77,-5.00,17.30,-0.68,2.40,-0.56,776.80,782.74,"1,154.00",690.10
227,SIFC,Shree Investment Finance Company Limited,27.93,304.00,308.00,302.10,304.90,304.93,"2,799.00",304.90,"853,498.70",27,0.00,5.90,0.00,1.95,-0.01,321.33,327.83,408.50,236.30
228,SIGS2,Siddhartha Investment Growth Scheme-2,31.25,8.09,8.25,8.09,8.20,8.10,"1,975.00",7.94,"16,004.75",5,0.26,0.16,3.27,1.98,1.17,8.25,8.60,11.05,7.56
229,SIKLES,Sikles Hydropower Limited,30.73,391.20,406.70,391.20,406.00,399.65,"3,020.00",399.00,"1,206,940.00",77,7.00,15.50,1.75,3.96,1.56,0.00,0.00,510.00,315.50
230,SINDU,Sindhu Bikas Bank Limited,32.66,246.50,249.90,244.10,249.90,246.37,"2,497.00",251.00,"615,177.70",19,-1.10,5.80,-0.44,2.38,1.41,269.12,275.83,347.80,220.60
231,SJCL,Sanjen Jalavidhyut Company Limited,31.43,286.00,289.00,279.00,282.00,281.20,"11,629.00",286.00,"3,270,129.40",122,-4.00,10.00,-1.40,3.58,0.28,276.03,266.29,345.00,210.00
232,SJLIC,SuryaJyoti Life Insurance Company Limited,27.93,423.90,424.90,416.10,420.00,418.77,"11,669.00",420.80,"4,886,571.60",140,-0.80,8.80,-0.19,2.11,0.29,0.00,0.00,543.80,379.00
233,SKBBL,Sana Kisan Bikas Laghubitta Bittiya Sanstha Limited,27.36,816.00,820.00,812.00,813.30,816.06,"1,721.00",816.90,"1,404,444.80",34,-3.60,8.00,-0.44,0.99,-0.34,"1,049.94","1,061.86","1,325.00",755.00
234,SLBBL,Swarojgar Laghubitta Bittiya Sanstha Limited,29.79,561.00,562.30,548.90,551.00,554.12,"2,921.00",566.00,"1,618,586.60",40,-15.00,13.40,-2.65,2.44,-0.57,798.24,834.55,"1,115.00",540.00
235,SLBSL,Samudayik Laghubitta Bittiya Sanstha Limited,35.23,800.00,825.00,799.00,813.90,807.36,666.00,784.40,"537,703.00",28,29.50,26.00,3.76,3.25,0.80,"1,101.03","1,208.13","1,760.00",784.40
236,SLCF,Sanima Large Cap Fund,24.39,7.50,7.50,7.35,7.36,7.36,"1,800.00",7.50,"13,253.00",9,-0.14,0.15,-1.87,2.04,-0.04,7.54,7.67,9.50,6.90
237,SMFBS,Swabhimaan Laghubitta Bittiya Sanstha Limited,22.11,871.90,871.90,871.90,871.90,873.17,24.00,888.00,"20,956.00",3,-16.10,0.00,-1.81,0.00,-0.15,"1,299.42","1,395.40","1,862.00",843.00
238,SMFDB,Summit Laghubitta Bittiya Sanstha Limited,34.41,830.00,846.60,822.00,846.60,828.68,"1,499.00",835.00,"1,242,187.50",18,11.60,24.60,1.39,2.99,2.12,"1,004.81",960.89,"1,443.00",749.00
239,SMH,Supermai Hydropower  Limited,22.34,540.10,548.30,540.10,548.30,545.24,810.00,545.20,"441,643.00",80,3.10,8.20,0.57,1.52,0.56,0.00,0.00,629.60,391.00
240,SMHL,Super Madi Hydropower Limited,25.73,383.50,386.00,380.00,385.00,383.53,"4,990.00",390.90,"1,913,806.50",250,-5.90,6.00,-1.51,1.58,0.38,0.00,0.00,425.40,299.00
241,SMJC,Sagarmatha Jalbidhyut Company Limited,29.92,279.50,281.00,264.00,266.90,268.43,"16,688.00",274.10,"4,479,530.00",926,-7.20,17.00,-2.63,6.44,-0.57,0.00,0.00,367.40,264.00
242,SPC,Samling Power Company Limited,27.92,436.50,444.00,436.50,444.00,438.99,"2,620.00",445.00,"1,150,158.00",36,-1.00,7.50,-0.22,1.72,1.13,450.45,465.86,664.00,338.20
243,SPDL,Synergy Power Development Limited,30.02,287.00,287.00,282.00,285.00,283.28,"8,929.00",286.90,"2,529,444.60",51,-1.90,5.00,-0.66,1.77,0.60,292.74,298.40,423.00,234.00
244,SPHL,Sayapatri Hydropower Limited,27.87,391.00,391.00,381.00,387.00,387.29,"1,133.00",393.00,"438,795.10",44,-6.00,10.00,-1.53,2.62,-0.07,398.95,0.00,520.20,194.80
245,SPIL,Siddhartha Premier Insurance Limited,23.26,582.20,585.00,575.10,580.00,579.76,"2,154.00",594.00,"1,248,798.50",46,-14.00,9.90,-2.36,1.72,0.04,0.00,0.00,638.00,534.00
246,SPL,Shuvam Power Limited,25.97,527.90,529.00,515.20,529.00,524.51,"2,428.00",527.90,"1,273,500.60",95,1.10,13.80,0.21,2.68,0.85,0.00,0.00,610.90,265.00
247,SRBL,Sunrise Bank Limited,29.71,180.00,181.70,178.10,181.70,179.13,"16,038.00",180.00,"2,872,962.40",80,1.70,3.60,0.94,2.02,1.41,190.00,195.23,243.00,173.60
248,SRD80,10% Sunrise Debenture 2080,33.82,971.30,999.60,971.30,999.60,981.87,35.00,952.30,"34,365.50",3,47.30,28.30,4.97,2.91,1.77,996.30,0.00,999.60,920.00
249,SSHL,Shiva Shree Hydropower Limited,28.35,217.20,219.90,211.10,211.50,212.87,"29,261.00",213.00,"6,228,700.10",132,-1.50,8.80,-0.70,4.17,-0.65,212.78,214.74,300.00,155.10
250,STC,Salt Trading Corporation Limited,30.16,"3,800.00","3,800.00","3,700.00","3,705.00","3,726.17",603.00,"3,771.00","2,246,883.10",36,-66.00,100.00,-1.75,2.70,-0.57,"3,972.69","3,944.29","5,100.00","2,870.00"
251,SWBBL,Swabalamban Laghubitta Bittiya Sanstha Limited,27.16,742.00,745.00,734.00,745.00,739.18,"1,365.00",748.00,"1,008,986.00",28,-3.00,11.00,-0.40,1.50,0.78,"1,043.04","1,114.63","1,407.00",691.00
252,SWMF,Suryodaya Womi Laghubitta Bittiya Sanstha Limited,27.66,573.00,577.00,567.00,567.00,571.16,"1,123.00",573.00,"641,413.00",25,-6.00,10.00,-1.05,1.76,-0.73,749.66,762.59,"1,346.00",567.00
253,TAMOR,Sanima Middle Tamor Hydropower Limited,25.31,290.00,295.80,278.00,280.20,283.33,"27,150.00",290.50,"7,692,283.00",915,-10.30,17.80,-3.55,6.40,-1.12,0.00,0.00,342.00,278.00
254,TPC,Terhathum Power Company Limited,35.11,400.00,400.00,385.00,393.00,387.02,858.00,399.80,"332,063.00",24,-6.80,15.00,-1.70,3.90,1.52,389.83,403.47,553.00,303.90
255,TRH,Taragaon Regency Hotel Limited,32.53,518.10,555.00,518.10,531.00,529.52,"38,466.00",525.50,"20,368,407.70",127,5.50,36.90,1.05,7.12,0.28,424.92,396.86,555.00,302.10
256,UHEWA,Upper Hewakhola Hydropower Company Limited,29.43,391.00,392.00,384.00,384.00,386.16,"2,380.00",397.00,"919,050.00",73,-13.00,8.00,-3.27,2.08,-0.56,399.60,0.00,481.00,130.20
257,UIC,United Insurance Company (Nepal) Limited,24.56,445.00,445.00,436.10,443.00,437.00,"1,394.00",444.90,"609,184.40",18,-1.90,8.90,-0.43,2.04,1.35,409.23,399.66,570.90,325.00
258,ULBSL,Upakar Laghubitta Bittiya Sanstha Limited,32.72,"1,282.00","1,324.90","1,280.00","1,300.00","1,285.38",390.00,"1,301.00","501,297.50",17,-1.00,44.90,-0.08,3.51,1.12,"2,705.46","2,958.98","3,951.40","1,211.00"
259,ULI,Union Life Insurance Company Limited,33.84,365.00,372.00,365.00,372.00,369.39,"2,186.00",371.00,"807,492.60",154,1.00,7.00,0.27,1.92,0.70,527.19,569.53,590.00,365.00
260,UMHL,United Modi Hydropower Limited,28.84,233.00,234.00,229.10,229.50,230.61,"15,430.00",233.00,"3,558,339.10",65,-3.50,4.90,-1.50,2.14,-0.48,250.33,257.18,334.00,192.10
261,UMRH,United Idi-Mardi and R.B. Hydropower Limited,26.19,453.00,473.00,453.00,454.00,459.48,885.00,462.00,"406,636.00",19,-8.00,20.00,-1.73,4.42,-1.21,477.99,516.24,890.10,390.00
262,UNHPL,Union Hydropower Limited,29.60,220.00,220.00,213.70,214.10,216.01,"10,255.00",218.30,"2,215,140.80",48,-4.20,6.30,-1.92,2.95,-0.89,218.29,219.67,280.00,165.10
263,UNL,Unilever Nepal Limited,21.18,"22,542.00","22,542.00","22,542.00","22,542.00","22,542.00",10.00,"22,100.00","225,420.00",1,442.00,0.00,2.00,0.00,0.00,"19,740.15","19,263.98","25,200.00","16,556.70"
264,UNLB,Unique Nepal Laghubitta Bittiya Sanstha Limited,38.86,"1,611.10","1,615.00","1,609.00","1,615.00","1,610.29",153.00,"1,620.00","246,374.40",10,-5.00,6.00,-0.31,0.37,0.29,0.00,0.00,"2,135.10",989.40
265,UPCL,Universal Power Company Limited,28.36,235.00,237.00,229.20,229.80,231.46,"26,084.00",233.00,"6,037,341.80",127,-3.20,7.80,-1.37,3.40,-0.72,239.55,240.29,295.00,175.90
266,UPPER,Upper Tamakoshi Hydropower Limited,33.92,430.60,438.00,430.50,434.90,432.93,"12,913.00",435.40,"5,590,468.80",166,-0.50,7.50,-0.11,1.74,0.45,446.01,446.92,590.00,354.00
267,USHEC,Upper Solu Hydro Electric Company Limited,34.98,303.00,303.00,287.00,293.70,290.14,"9,703.00",304.00,"2,815,192.20",171,-10.30,16.00,-3.39,5.57,1.21,315.29,0.00,431.90,237.00
268,VLBS,Vijaya Laghubitta Bittiya Sanstha Limited,28.27,596.00,596.00,585.00,585.00,587.39,321.00,596.00,"188,551.00",14,-11.00,11.00,-1.85,1.88,-0.41,806.25,856.83,"1,165.00",584.30
269,WNLB,Wean Nepal Laghubitta Bittiya Sanstha Limited,33.12,744.80,759.60,744.80,745.90,754.36,55.00,759.90,"41,490.00",4,-14.00,14.80,-1.84,1.99,-1.13,897.53,930.01,"1,271.30",694.00
